time_s,force,intended_n
0.0,0.347,100.0
0.0009999999999976694,0.9836,100.0
0.001999999999995339,0.6744,100.0
0.0030000000000001137,0.5839,100.0
0.003999999999997783,-0.1854,100.0
0.0049999999999954525,-0.3643,100.0
0.006000000000000227,-0.5156,100.0
0.006999999999997897,-0.6567,100.0
0.007999999999995566,-0.4947,100.0
0.009000000000000341,-0.5572,100.0
0.00999999999999801,-0.3806,100.0
0.01099999999999568,-0.4752,100.0
0.012000000000000455,-0.4058,100.0
0.012999999999998124,-0.2922,100.0
0.013999999999995794,0.3918,100.0
0.015000000000000568,0.1843,100.0
0.015999999999998238,0.1049,100.0
0.016999999999995907,0.6668,100.0
0.018000000000000682,0.4284,100.0
0.01899999999999835,0.9345,100.0
0.01999999999999602,1.5908,100.0
0.021000000000000796,1.8089,100.0
0.021999999999998465,2.1385,100.0
0.022999999999996135,2.4295,100.0
0.02400000000000091,3.2111,100.0
0.02499999999999858,4.1044,100.0
0.02599999999999625,5.324,100.0
0.026999999999993918,6.0206,100.0
0.027999999999998693,6.888,100.0
0.028999999999996362,7.5004,100.0
0.02999999999999403,8.6198,100.0
0.030999999999998806,9.796,100.0
0.031999999999996476,10.9331,100.0
0.032999999999994145,11.8432,100.0
0.03399999999999892,12.7678,100.0
0.03499999999999659,13.7923,100.0
0.03599999999999426,14.8946,100.0
0.036999999999999034,15.4526,100.0
0.0379999999999967,16.3815,100.0
0.03899999999999437,16.6,100.0
0.03999999999999915,17.4857,100.0
0.04099999999999682,18.013,100.0
0.041999999999994486,18.9574,100.0
0.04299999999999926,19.5513,100.0
0.04399999999999693,20.2566,100.0
0.0449999999999946,20.4587,100.0
0.045999999999999375,20.8179,100.0
0.046999999999997044,20.7414,100.0
0.047999999999994714,20.9883,100.0
0.04899999999999949,21.4496,100.0
0.04999999999999716,21.93,100.0
0.05099999999999483,22.5826,100.0
0.0519999999999996,23.0205,100.0
0.05299999999999727,23.6603,100.0
0.05399999999999494,24.143,100.0
0.054999999999999716,24.4646,100.0
0.055999999999997385,24.65,100.0
0.056999999999995055,24.9337,100.0
0.05799999999999983,25.5051,100.0
0.0589999999999975,26.084,100.0
0.05999999999999517,26.6994,100.0
0.06099999999999994,27.0161,100.0
0.06199999999999761,27.6964,100.0
0.06299999999999528,27.8261,100.0
0.06400000000000006,28.4056,100.0
0.06499999999999773,28.6303,100.0
0.0659999999999954,29.2465,100.0
0.06700000000000017,29.7689,100.0
0.06799999999999784,30.1229,100.0
0.06899999999999551,30.6444,100.0
0.07000000000000028,31.1971,100.0
0.07099999999999795,31.8677,100.0
0.07199999999999562,32.5035,100.0
0.0730000000000004,33.1653,100.0
0.07399999999999807,33.6557,100.0
0.07499999999999574,34.2298,100.0
0.07600000000000051,34.9226,100.0
0.07699999999999818,35.5344,100.0
0.07799999999999585,36.2885,100.0
0.07900000000000063,36.5968,100.0
0.0799999999999983,37.4484,100.0
0.08099999999999596,37.7779,100.0
0.08200000000000074,38.3378,100.0
0.08299999999999841,38.7799,100.0
0.08399999999999608,39.4418,100.0
0.08500000000000085,39.9746,100.0
0.08599999999999852,40.7953,100.0
0.08699999999999619,41.0663,100.0
0.08800000000000097,41.7888,100.0
0.08899999999999864,42.1717,100.0
0.0899999999999963,43.067,100.0
0.09099999999999397,43.9578,100.0
0.09199999999999875,44.7602,100.0
0.09299999999999642,45.688,100.0
0.09399999999999409,46.3446,100.0
0.09499999999999886,46.9449,100.0
0.09599999999999653,47.9271,100.0
0.0969999999999942,48.4488,100.0
0.09799999999999898,49.3089,100.0
0.09899999999999665,49.9789,100.0
0.09999999999999432,50.8338,100.0
0.10099999999999909,52.0807,100.0
0.10199999999999676,52.7939,100.0
0.10299999999999443,53.7215,100.0
0.1039999999999992,54.1823,100.0
0.10499999999999687,54.8089,100.0
0.10599999999999454,55.5752,100.0
0.10699999999999932,56.858,100.0
0.10799999999999699,58.0876,100.0
0.10899999999999466,59.3536,100.0
0.10999999999999943,60.0393,100.0
0.1109999999999971,60.864,100.0
0.11199999999999477,61.4252,100.0
0.11299999999999955,62.5258,100.0
0.11399999999999721,62.6087,100.0
0.11499999999999488,63.928,100.0
0.11599999999999966,64.4283,100.0
0.11699999999999733,65.4867,100.0
0.117999999999995,65.6462,100.0
0.11899999999999977,66.6375,100.0
0.11999999999999744,67.0182,100.0
0.12099999999999511,67.7442,100.0
0.12199999999999989,68.1647,100.0
0.12299999999999756,69.2652,100.0
0.12399999999999523,70.2098,100.0
0.125,70.7721,100.0
0.12599999999999767,71.2268,100.0
0.12699999999999534,71.3462,100.0
0.1280000000000001,72.0842,100.0
0.12899999999999778,72.6638,100.0
0.12999999999999545,73.0892,100.0
0.13100000000000023,73.6328,100.0
0.1319999999999979,73.9282,100.0
0.13299999999999557,74.4357,100.0
0.13400000000000034,74.7632,100.0
0.134999999999998,74.9854,100.0
0.13599999999999568,75.4803,100.0
0.13700000000000045,76.0795,100.0
0.13799999999999812,76.868,100.0
0.1389999999999958,77.3934,100.0
0.14000000000000057,78.173,100.0
0.14099999999999824,78.4008,100.0
0.1419999999999959,78.909,100.0
0.14300000000000068,78.8376,100.0
0.14399999999999835,79.5969,100.0
0.14499999999999602,79.7295,100.0
0.1460000000000008,79.7514,100.0
0.14699999999999847,79.9588,100.0
0.14799999999999613,79.8223,100.0
0.1490000000000009,80.3932,100.0
0.14999999999999858,80.7619,100.0
0.15099999999999625,80.8547,100.0
0.15199999999999392,81.1547,100.0
0.1529999999999987,81.5987,100.0
0.15399999999999636,82.1451,100.0
0.15499999999999403,82.7563,100.0
0.1559999999999988,82.8498,100.0
0.15699999999999648,83.2243,100.0
0.15799999999999415,82.9123,100.0
0.15899999999999892,82.8366,100.0
0.1599999999999966,82.6646,100.0
0.16099999999999426,82.8077,100.0
0.16199999999999903,83.1866,100.0
0.1629999999999967,83.3749,100.0
0.16399999999999437,83.5569,100.0
0.16499999999999915,83.7882,100.0
0.16599999999999682,83.661,100.0
0.1669999999999945,83.9707,100.0
0.16799999999999926,83.9911,100.0
0.16899999999999693,84.5709,100.0
0.1699999999999946,84.9339,100.0
0.17099999999999937,85.3286,100.0
0.17199999999999704,85.7341,100.0
0.1729999999999947,85.7274,100.0
0.1739999999999995,85.9128,100.0
0.17499999999999716,85.9044,100.0
0.17599999999999483,86.0751,100.0
0.1769999999999996,86.3402,100.0
0.17799999999999727,86.4808,100.0
0.17899999999999494,86.8131,100.0
0.17999999999999972,86.8847,100.0
0.18099999999999739,86.6556,100.0
0.18199999999999505,86.5669,100.0
0.18299999999999983,86.5592,100.0
0.1839999999999975,86.8928,100.0
0.18499999999999517,86.8875,100.0
0.18599999999999994,86.9846,100.0
0.1869999999999976,87.2839,100.0
0.18799999999999528,87.6673,100.0
0.18900000000000006,87.86,100.0
0.18999999999999773,87.9581,100.0
0.1909999999999954,88.2158,100.0
0.19200000000000017,88.5197,100.0
0.19299999999999784,88.8419,100.0
0.1939999999999955,89.1084,100.0
0.19500000000000028,89.189,100.0
0.19599999999999795,89.0287,100.0
0.19699999999999562,89.1313,100.0
0.1980000000000004,89.0203,100.0
0.19899999999999807,88.9549,100.0
0.19999999999999574,88.6088,100.0
0.2010000000000005,88.451,100.0
0.20199999999999818,88.6769,100.0
0.20299999999999585,89.0283,100.0
0.20400000000000063,89.2685,100.0
0.2049999999999983,89.3932,100.0
0.20599999999999596,89.2613,100.0
0.20700000000000074,89.4661,100.0
0.2079999999999984,89.4543,100.0
0.20899999999999608,89.9281,100.0
0.21000000000000085,89.8896,100.0
0.21099999999999852,90.1729,100.0
0.2119999999999962,90.3975,100.0
0.21300000000000097,90.4475,100.0
0.21399999999999864,90.3101,100.0
0.2149999999999963,90.1646,100.0
0.21599999999999397,90.0583,100.0
0.21699999999999875,90.2033,100.0
0.21799999999999642,90.1479,100.0
0.2189999999999941,90.3042,100.0
0.21999999999999886,90.2654,100.0
0.22099999999999653,90.5097,100.0
0.2219999999999942,90.4122,100.0
0.22299999999999898,90.534,100.0
0.22399999999999665,90.5625,100.0
0.22499999999999432,90.6174,100.0
0.2259999999999991,90.6474,100.0
0.22699999999999676,90.8488,100.0
0.22799999999999443,91.0794,100.0
0.2289999999999992,91.4774,100.0
0.22999999999999687,91.6055,100.0
0.23099999999999454,91.4032,100.0
0.23199999999999932,91.2268,100.0
0.232999999999997,91.1203,100.0
0.23399999999999466,91.0979,100.0
0.23499999999999943,91.2235,100.0
0.2359999999999971,91.2098,100.0
0.23699999999999477,91.0569,100.0
0.23799999999999955,90.9064,100.0
0.23899999999999721,91.207,100.0
0.23999999999999488,91.434,100.0
0.24099999999999966,91.814,100.0
0.24199999999999733,91.6902,100.0
0.242999999999995,91.9317,100.0
0.24399999999999977,92.0266,100.0
0.24499999999999744,91.9332,100.0
0.2459999999999951,91.921,100.0
0.2469999999999999,91.7341,100.0
0.24799999999999756,91.6636,100.0
0.24899999999999523,91.8263,100.0
0.25,91.9825,100.0
0.25099999999999767,92.2703,100.0
0.25199999999999534,92.3153,100.0
0.2530000000000001,92.2758,100.0
0.2539999999999978,92.0697,100.0
0.25499999999999545,92.048,100.0
0.2560000000000002,92.0748,100.0
0.2569999999999979,92.4582,100.0
0.25799999999999557,92.5908,100.0
0.25900000000000034,92.862,100.0
0.259999999999998,92.6408,100.0
0.2609999999999957,92.7285,100.0
0.26200000000000045,92.6896,100.0
0.2629999999999981,92.9431,100.0
0.2639999999999958,93.0128,100.0
0.26500000000000057,93.0802,100.0
0.26599999999999824,93.114,100.0
0.2669999999999959,93.3502,100.0
0.2680000000000007,93.4661,100.0
0.26899999999999835,93.4074,100.0
0.269999999999996,93.0901,100.0
0.2710000000000008,92.9707,100.0
0.27199999999999847,92.8968,100.0
0.27299999999999613,92.9891,100.0
0.2740000000000009,92.9864,100.0
0.2749999999999986,93.1472,100.0
0.27599999999999625,93.1317,100.0
0.2769999999999939,93.4556,100.0
0.2779999999999987,93.9021,100.0
0.27899999999999636,94.031,100.0
0.27999999999999403,94.0179,100.0
0.2809999999999988,93.9069,100.0
0.2819999999999965,93.8912,100.0
0.28299999999999415,93.9597,100.0
0.2839999999999989,94.039,100.0
0.2849999999999966,94.0019,100.0
0.28599999999999426,93.7906,100.0
0.28699999999999903,93.3899,100.0
0.2879999999999967,93.1358,100.0
0.2889999999999944,93.1578,100.0
0.28999999999999915,93.226,100.0
0.2909999999999968,93.5909,100.0
0.2919999999999945,93.9057,100.0
0.29299999999999926,94.2331,100.0
0.29399999999999693,94.3896,100.0
0.2949999999999946,94.3026,100.0
0.2959999999999994,94.3907,100.0
0.29699999999999704,94.282,100.0
0.2979999999999947,94.4192,100.0
0.2989999999999995,94.2303,100.0
0.29999999999999716,94.332,100.0
0.3009999999999948,94.1584,100.0
0.3019999999999996,94.0431,100.0
0.30299999999999727,93.7342,100.0
0.30399999999999494,93.6565,100.0
0.3049999999999997,93.5978,100.0
0.3059999999999974,93.6244,100.0
0.30699999999999505,93.6469,100.0
0.30799999999999983,93.8993,100.0
0.3089999999999975,94.1639,100.0
0.30999999999999517,94.6283,100.0
0.31099999999999994,94.7652,100.0
0.3119999999999976,94.677,100.0
0.3129999999999953,94.4649,100.0
0.31400000000000006,94.5095,100.0
0.3149999999999977,94.7174,100.0
0.3159999999999954,94.7915,100.0
0.31700000000000017,94.9463,100.0
0.31799999999999784,94.7667,100.0
0.3189999999999955,94.681,100.0
0.3200000000000003,94.4788,100.0
0.32099999999999795,94.5565,100.0
0.3219999999999956,94.5277,100.0
0.3230000000000004,94.4444,100.0
0.32399999999999807,94.7329,100.0
0.32499999999999574,94.6608,100.0
0.3260000000000005,94.7037,100.0
0.3269999999999982,94.975,100.0
0.32799999999999585,94.9529,100.0
0.3290000000000006,94.9574,100.0
0.3299999999999983,94.8008,100.0
0.33099999999999596,95.1084,100.0
0.33200000000000074,95.1881,100.0
0.3329999999999984,95.3012,100.0
0.3339999999999961,95.1837,100.0
0.33500000000000085,95.1973,100.0
0.3359999999999985,95.0631,100.0
0.3369999999999962,94.9512,100.0
0.33800000000000097,94.8067,100.0
0.33899999999999864,94.5835,100.0
0.3399999999999963,94.7097,100.0
0.340999999999994,94.805,100.0
0.34199999999999875,94.7668,100.0
0.3429999999999964,95.0821,100.0
0.3439999999999941,95.1566,100.0
0.34499999999999886,95.3259,100.0
0.34599999999999653,95.3752,100.0
0.3469999999999942,95.5025,100.0
0.347999999999999,95.6552,100.0
0.34899999999999665,95.8559,100.0
0.3499999999999943,95.9843,100.0
0.3509999999999991,95.7794,100.0
0.35199999999999676,95.5249,100.0
0.35299999999999443,95.2688,100.0
0.3539999999999992,95.3578,100.0
0.3549999999999969,95.5606,100.0
0.35599999999999454,95.6801,100.0
0.3569999999999993,95.8883,100.0
0.357999999999997,95.9568,100.0
0.35899999999999466,95.7578,100.0
0.35999999999999943,95.4747,100.0
0.3609999999999971,95.5432,100.0
0.36199999999999477,95.5879,100.0
0.36299999999999955,95.6805,100.0
0.3639999999999972,95.765,100.0
0.3649999999999949,95.8393,100.0
0.36599999999999966,95.966,100.0
0.36699999999999733,95.7433,100.0
0.367999999999995,95.9716,100.0
0.3689999999999998,96.0426,100.0
0.36999999999999744,96.1506,100.0
0.3709999999999951,96.1974,100.0
0.3719999999999999,96.1902,100.0
0.37299999999999756,96.2619,100.0
0.3739999999999952,96.4725,100.0
0.375,96.388,100.0
0.37599999999999767,96.2983,100.0
0.37699999999999534,96.2187,100.0
0.3780000000000001,96.0459,100.0
0.3789999999999978,95.9972,100.0
0.37999999999999545,96.0096,100.0
0.3810000000000002,96.0996,100.0
0.3819999999999979,96.0212,100.0
0.38299999999999557,95.8668,100.0
0.38400000000000034,95.8284,100.0
0.384999999999998,95.866,100.0
0.3859999999999957,95.9551,100.0
0.38700000000000045,95.996,100.0
0.3879999999999981,96.195,100.0
0.3889999999999958,96.2186,100.0
0.39000000000000057,96.6659,100.0
0.39099999999999824,96.6417,100.0
0.3919999999999959,96.5463,100.0
0.3930000000000007,96.1743,100.0
0.39399999999999835,96.1324,100.0
0.394999999999996,95.9164,100.0
0.3960000000000008,96.0688,100.0
0.39699999999999847,95.7762,100.0
0.39799999999999613,95.9834,100.0
0.3990000000000009,96.0929,100.0
0.3999999999999986,96.2751,100.0
0.40099999999999625,96.4707,100.0
0.4019999999999939,96.4174,100.0
0.4029999999999987,96.6736,100.0
0.40399999999999636,96.8878,100.0
0.40499999999999403,97.3558,100.0
0.4059999999999988,97.3326,100.0
0.4069999999999965,97.2364,100.0
0.40799999999999415,96.8778,100.0
0.4089999999999989,96.8224,100.0
0.4099999999999966,96.5127,100.0
0.41099999999999426,96.351,100.0
0.41199999999999903,96.1616,100.0
0.4129999999999967,96.2603,100.0
0.4139999999999944,96.2725,100.0
0.41499999999999915,96.4533,100.0
0.4159999999999968,96.3846,100.0
0.4169999999999945,96.5355,100.0
0.41799999999999926,96.3958,100.0
0.41899999999999693,96.5792,100.0
0.4199999999999946,96.6904,100.0
0.4209999999999994,96.9636,100.0
0.42199999999999704,97.0177,100.0
0.4229999999999947,97.0821,100.0
0.4239999999999995,97.1244,100.0
0.42499999999999716,97.0105,100.0
0.4259999999999948,96.7513,100.0
0.4269999999999996,96.5353,100.0
0.42799999999999727,96.3792,100.0
0.42899999999999494,96.5256,100.0
0.4299999999999997,96.6525,100.0
0.4309999999999974,96.6988,100.0
0.43199999999999505,96.7187,100.0
0.43299999999999983,96.6383,100.0
0.4339999999999975,96.7965,100.0
0.43499999999999517,96.9046,100.0
0.43599999999999994,97.1574,100.0
0.4369999999999976,97.2865,100.0
0.4379999999999953,97.2655,100.0
0.43900000000000006,97.3136,100.0
0.4399999999999977,97.2877,100.0
0.4409999999999954,97.1744,100.0
0.44200000000000017,97.0457,100.0
0.44299999999999784,96.8824,100.0
0.4439999999999955,96.8974,100.0
0.4450000000000003,96.899,100.0
0.44599999999999795,96.9884,100.0
0.4469999999999956,96.8797,100.0
0.4480000000000004,96.7635,100.0
0.44899999999999807,96.6493,100.0
0.44999999999999574,96.7415,100.0
0.4510000000000005,96.845,100.0
0.4519999999999982,97.0154,100.0
0.45299999999999585,96.9654,100.0
0.4540000000000006,97.0888,100.0
0.4549999999999983,97.3276,100.0
0.45599999999999596,97.3039,100.0
0.45700000000000074,97.0979,100.0
0.4579999999999984,96.55,100.0
0.4589999999999961,96.4735,100.0
0.46000000000000085,96.5979,100.0
0.4609999999999985,96.7739,100.0
0.4619999999999962,96.8834,100.0
0.46300000000000097,96.9689,100.0
0.46399999999999864,97.04,100.0
0.4649999999999963,97.1862,100.0
0.465999999999994,97.0871,100.0
0.46699999999999875,97.4618,100.0
0.4679999999999964,97.6305,100.0
0.4689999999999941,98.0375,100.0
0.46999999999999886,97.9937,100.0
0.47099999999999653,97.612,100.0
0.4719999999999942,97.409,100.0
0.472999999999999,97.4087,100.0
0.47399999999999665,97.3924,100.0
0.4749999999999943,97.2158,100.0
0.4759999999999991,97.0139,100.0
0.47699999999999676,97.0407,100.0
0.47799999999999443,97.0017,100.0
0.4789999999999992,97.1999,100.0
0.4799999999999969,97.2625,100.0
0.48099999999999454,97.3072,100.0
0.4819999999999993,97.2463,100.0
0.482999999999997,97.3561,100.0
0.48399999999999466,97.6577,100.0
0.48499999999999943,97.7931,100.0
0.4859999999999971,97.9259,100.0
0.48699999999999477,97.8456,100.0
0.48799999999999955,97.7416,100.0
0.4889999999999972,97.617,100.0
0.4899999999999949,97.4202,100.0
0.49099999999999966,97.0945,100.0
0.49199999999999733,96.8679,100.0
0.492999999999995,96.9115,100.0
0.4939999999999998,97.0895,100.0
0.49499999999999744,97.1193,100.0
0.4959999999999951,97.2866,100.0
0.4969999999999999,97.1943,100.0
0.49799999999999756,97.3536,100.0
0.4989999999999952,97.3353,100.0
0.5,97.4253,100.0
0.5009999999999977,97.6127,100.0
0.5019999999999953,97.794,100.0
0.5030000000000001,97.9207,100.0
0.5039999999999978,97.9583,100.0
0.5049999999999955,97.6625,100.0
0.5060000000000002,97.3455,100.0
0.5069999999999979,97.2361,100.0
0.5079999999999956,97.2346,100.0
0.5090000000000003,97.3927,100.0
0.509999999999998,97.4469,100.0
0.5109999999999957,97.5769,100.0
0.5120000000000005,97.6001,100.0
0.5129999999999981,97.6543,100.0
0.5139999999999958,98.1467,100.0
0.5150000000000006,97.9766,100.0
0.5159999999999982,98.0234,100.0
0.5169999999999959,97.6017,100.0
0.5180000000000007,97.9918,100.0
0.5189999999999984,97.7589,100.0
0.519999999999996,97.7838,100.0
0.5210000000000008,97.7481,100.0
0.5219999999999985,97.6288,100.0
0.5229999999999961,97.2834,100.0
0.5240000000000009,97.2736,100.0
0.5249999999999986,97.2376,100.0
0.5259999999999962,97.5928,100.0
0.5269999999999939,97.639,100.0
0.5279999999999987,97.8052,100.0
0.5289999999999964,97.6731,100.0
0.529999999999994,97.7428,100.0
0.5309999999999988,97.9591,100.0
0.5319999999999965,98.0538,100.0
0.5329999999999941,98.0094,100.0
0.5339999999999989,98.0233,100.0
0.5349999999999966,97.9439,100.0
0.5359999999999943,98.002,100.0
0.536999999999999,97.9385,100.0
0.5379999999999967,97.7384,100.0
0.5389999999999944,97.3845,100.0
0.5399999999999991,97.3339,100.0
0.5409999999999968,97.3001,100.0
0.5419999999999945,97.3971,100.0
0.5429999999999993,97.3339,100.0
0.5439999999999969,97.372,100.0
0.5449999999999946,97.5,100.0
0.5459999999999994,97.5638,100.0
0.546999999999997,97.4886,100.0
0.5479999999999947,97.6243,100.0
0.5489999999999995,97.6814,100.0
0.5499999999999972,97.9634,100.0
0.5509999999999948,98.0929,100.0
0.5519999999999996,98.4517,100.0
0.5529999999999973,98.3394,100.0
0.5539999999999949,98.196,100.0
0.5549999999999997,97.7789,100.0
0.5559999999999974,97.7698,100.0
0.556999999999995,97.8062,100.0
0.5579999999999998,98.0078,100.0
0.5589999999999975,97.9469,100.0
0.5599999999999952,97.8354,100.0
0.5609999999999999,97.7777,100.0
0.5619999999999976,97.6332,100.0
0.5629999999999953,97.771,100.0
0.5640000000000001,97.8336,100.0
0.5649999999999977,98.0792,100.0
0.5659999999999954,98.1574,100.0
0.5670000000000002,98.2254,100.0
0.5679999999999978,98.2421,100.0
0.5689999999999955,98.4192,100.0
0.5700000000000003,98.0928,100.0
0.570999999999998,97.8055,100.0
0.5719999999999956,97.6895,100.0
0.5730000000000004,97.7955,100.0
0.5739999999999981,98.0757,100.0
0.5749999999999957,98.0336,100.0
0.5760000000000005,97.8704,100.0
0.5769999999999982,97.8354,100.0
0.5779999999999959,97.9408,100.0
0.5790000000000006,98.253,100.0
0.5799999999999983,98.2103,100.0
0.580999999999996,98.1152,100.0
0.5820000000000007,98.3838,100.0
0.5829999999999984,98.2719,100.0
0.5839999999999961,98.1146,100.0
0.5850000000000009,98.0797,100.0
0.5859999999999985,97.9723,100.0
0.5869999999999962,98.0928,100.0
0.588000000000001,98.0667,100.0
0.5889999999999986,97.9768,100.0
0.5899999999999963,97.8899,100.0
0.590999999999994,97.9109,100.0
0.5919999999999987,98.1287,100.0
0.5929999999999964,98.1374,100.0
0.5939999999999941,98.2814,100.0
0.5949999999999989,98.1607,100.0
0.5959999999999965,98.2861,100.0
0.5969999999999942,98.0467,100.0
0.597999999999999,98.319,100.0
0.5989999999999966,98.4681,100.0
0.5999999999999943,98.7462,100.0
0.6009999999999991,98.6899,100.0
0.6019999999999968,98.2641,100.0
0.6029999999999944,98.0766,100.0
0.6039999999999992,97.9866,100.0
0.6049999999999969,98.1236,100.0
0.6059999999999945,97.9568,100.0
0.6069999999999993,98.0152,100.0
0.607999999999997,98.06,100.0
0.6089999999999947,98.2438,100.0
0.6099999999999994,98.324,100.0
0.6109999999999971,98.2315,100.0
0.6119999999999948,98.1437,100.0
0.6129999999999995,98.0801,100.0
0.6139999999999972,98.7457,100.0
0.6149999999999949,98.5162,100.0
0.6159999999999997,98.6326,100.0
0.6169999999999973,98.9427,100.0
0.617999999999995,98.3746,100.0
0.6189999999999998,98.3124,100.0
0.6199999999999974,98.1401,100.0
0.6209999999999951,98.0505,100.0
0.6219999999999999,97.9935,100.0
0.6229999999999976,98.1149,100.0
0.6239999999999952,98.2134,100.0
0.625,98.2925,100.0
0.6259999999999977,98.2556,100.0
0.6269999999999953,98.2832,100.0
0.6280000000000001,98.3254,100.0
0.6289999999999978,98.4777,100.0
0.6299999999999955,98.5362,100.0
0.6310000000000002,98.791,100.0
0.6319999999999979,98.9899,100.0
0.6329999999999956,99.2499,100.0
0.6340000000000003,98.9614,100.0
0.634999999999998,98.7596,100.0
0.6359999999999957,98.3327,100.0
0.6370000000000005,98.2363,100.0
0.6379999999999981,98.0585,100.0
0.6389999999999958,98.0304,100.0
0.6400000000000006,98.1093,100.0
0.6409999999999982,98.3437,100.0
0.6419999999999959,98.323,100.0
0.6430000000000007,98.2495,100.0
0.6439999999999984,98.403,100.0
0.644999999999996,98.6099,100.0
0.6460000000000008,98.8399,100.0
0.6469999999999985,99.0578,100.0
0.6479999999999961,99.0231,100.0
0.6490000000000009,99.2342,100.0
0.6499999999999986,99.0065,100.0
0.6509999999999962,98.7895,100.0
0.6519999999999939,98.4877,100.0
0.6529999999999987,98.4302,100.0
0.6539999999999964,98.2672,100.0
0.654999999999994,98.0863,100.0
0.6559999999999988,98.0662,100.0
0.6569999999999965,98.033,100.0
0.6579999999999941,98.171,100.0
0.6589999999999989,98.2661,100.0
0.6599999999999966,98.3725,100.0
0.6609999999999943,98.3192,100.0
0.661999999999999,98.1885,100.0
0.6629999999999967,98.4455,100.0
0.6639999999999944,98.4892,100.0
0.6649999999999991,98.565,100.0
0.6659999999999968,98.5891,100.0
0.6669999999999945,98.512,100.0
0.6679999999999993,98.3267,100.0
0.6689999999999969,98.0764,100.0
0.6699999999999946,98.0648,100.0
0.6709999999999994,98.3954,100.0
0.671999999999997,98.4696,100.0
0.6729999999999947,98.6176,100.0
0.6739999999999995,98.4825,100.0
0.6749999999999972,98.6392,100.0
0.6759999999999948,98.5406,100.0
0.6769999999999996,98.3231,100.0
0.6779999999999973,98.3519,100.0
0.6789999999999949,98.4894,100.0
0.6799999999999997,98.795,100.0
0.6809999999999974,98.8626,100.0
0.681999999999995,98.9413,100.0
0.6829999999999998,98.5553,100.0
0.6839999999999975,98.4609,100.0
0.6849999999999952,98.5865,100.0
0.6859999999999999,98.3785,100.0
0.6869999999999976,98.5328,100.0
0.6879999999999953,98.4185,100.0
0.6890000000000001,98.586,100.0
0.6899999999999977,98.6969,100.0
0.6909999999999954,98.6011,100.0
0.6920000000000002,98.5724,100.0
0.6929999999999978,98.4997,100.0
0.6939999999999955,98.668,100.0
0.6950000000000003,99.0614,100.0
0.695999999999998,99.1756,100.0
0.6969999999999956,99.5693,100.0
0.6980000000000004,99.455,100.0
0.6989999999999981,99.3422,100.0
0.6999999999999957,99.0817,100.0
0.7010000000000005,98.9827,100.0
0.7019999999999982,98.751,100.0
0.7029999999999959,98.4824,100.0
0.7040000000000006,98.4241,100.0
0.7049999999999983,98.3833,100.0
0.705999999999996,98.3505,100.0
0.7070000000000007,98.2546,100.0
0.7079999999999984,98.2774,100.0
0.7089999999999961,98.4153,100.0
0.7100000000000009,98.4914,100.0
0.7109999999999985,98.7241,100.0
0.7119999999999962,98.7686,100.0
0.713000000000001,98.8602,100.0
0.7139999999999986,99.0857,100.0
0.7149999999999963,98.8514,100.0
0.715999999999994,98.9439,100.0
0.7169999999999987,98.8258,100.0
0.7179999999999964,98.8667,100.0
0.7189999999999941,98.7507,100.0
0.7199999999999989,98.6681,100.0
0.7209999999999965,98.7304,100.0
0.7219999999999942,98.6212,100.0
0.722999999999999,98.5108,100.0
0.7239999999999966,98.4659,100.0
0.7249999999999943,98.4509,100.0
0.7259999999999991,98.5224,100.0
0.7269999999999968,98.6474,100.0
0.7279999999999944,98.8071,100.0
0.7289999999999992,99.1049,100.0
0.7299999999999969,99.1254,100.0
0.7309999999999945,98.8559,100.0
0.7319999999999993,98.614,100.0
0.732999999999997,98.5245,100.0
0.7339999999999947,98.6153,100.0
0.7349999999999994,98.6242,100.0
0.7359999999999971,98.7942,100.0
0.7369999999999948,98.8807,100.0
0.7379999999999995,98.7707,100.0
0.7389999999999972,98.663,100.0
0.7399999999999949,98.3803,100.0
0.7409999999999997,98.473,100.0
0.7419999999999973,98.4017,100.0
0.742999999999995,98.7724,100.0
0.7439999999999998,98.8959,100.0
0.7449999999999974,98.9137,100.0
0.7459999999999951,98.9149,100.0
0.7469999999999999,98.9193,100.0
0.7479999999999976,98.6825,100.0
0.7489999999999952,98.5122,100.0
0.75,98.3719,100.0
0.7509999999999977,98.4207,100.0
0.7519999999999953,98.7005,100.0
0.7530000000000001,98.8032,100.0
0.7539999999999978,98.8829,100.0
0.7549999999999955,98.8394,100.0
0.7560000000000002,99.0821,100.0
0.7569999999999979,99.2591,100.0
0.7579999999999956,99.1078,100.0
0.7590000000000003,98.9653,100.0
0.759999999999998,99.2269,100.0
0.7609999999999957,99.2292,100.0
0.7620000000000005,99.1733,100.0
0.7629999999999981,98.8406,100.0
0.7639999999999958,98.8063,100.0
0.7650000000000006,98.7247,100.0
0.7659999999999982,98.7144,100.0
0.7669999999999959,98.563,100.0
0.7680000000000007,98.6227,100.0
0.7689999999999984,98.7076,100.0
0.769999999999996,98.7271,100.0
0.7710000000000008,98.5984,100.0
0.7719999999999985,98.5102,100.0
0.7729999999999961,98.5142,100.0
0.7740000000000009,98.7383,100.0
0.7749999999999986,99.0919,100.0
0.7759999999999962,99.2222,100.0
0.7769999999999939,99.2959,100.0
0.7779999999999987,99.3725,100.0
0.7789999999999964,99.2313,100.0
0.779999999999994,99.13,100.0
0.7809999999999988,98.8164,100.0
0.7819999999999965,98.7099,100.0
0.7829999999999941,98.4692,100.0
0.7839999999999989,98.4953,100.0
0.7849999999999966,98.3536,100.0
0.7859999999999943,98.4416,100.0
0.786999999999999,98.4204,100.0
0.7879999999999967,98.5915,100.0
0.7889999999999944,98.8829,100.0
0.7899999999999991,99.0424,100.0
0.7909999999999968,99.212,100.0
0.7919999999999945,99.4441,100.0
0.7929999999999993,99.6,100.0
0.7939999999999969,99.6466,100.0
0.7949999999999946,99.6694,100.0
0.7959999999999994,99.5054,100.0
0.796999999999997,99.2756,100.0
0.7979999999999947,99.0867,100.0
0.7989999999999995,99.0843,100.0
0.7999999999999972,98.918,100.0
0.8009999999999948,98.8183,100.0
0.8019999999999996,98.787,100.0
0.8029999999999973,98.8439,100.0
0.8039999999999949,98.7397,100.0
0.8049999999999997,98.5263,100.0
0.8059999999999974,98.5716,100.0
0.806999999999995,98.7975,100.0
0.8079999999999998,99.1776,100.0
0.8089999999999975,99.301,100.0
0.8099999999999952,99.3811,100.0
0.8109999999999999,99.0213,100.0
0.8119999999999976,99.0629,100.0
0.8129999999999953,98.8931,100.0
0.8140000000000001,98.9161,100.0
0.8149999999999977,98.801,100.0
0.8159999999999954,98.7744,100.0
0.8170000000000002,98.8348,100.0
0.8179999999999978,98.6263,100.0
0.8189999999999955,98.5527,100.0
0.8200000000000003,98.4221,100.0
0.820999999999998,98.4724,100.0
0.8219999999999956,98.5562,100.0
0.8230000000000004,98.6547,100.0
0.8239999999999981,98.794,100.0
0.8249999999999957,98.8204,100.0
0.8260000000000005,98.9438,100.0
0.8269999999999982,99.1314,100.0
0.8279999999999959,99.069,100.0
0.8290000000000006,98.9335,100.0
0.8299999999999983,98.7941,100.0
0.830999999999996,98.9284,100.0
0.8320000000000007,99.0662,100.0
0.8329999999999984,99.2094,100.0
0.8339999999999961,99.1769,100.0
0.8350000000000009,99.07,100.0
0.8359999999999985,98.881,100.0
0.8369999999999962,98.7186,100.0
0.838000000000001,98.5685,100.0
0.8389999999999986,98.5476,100.0
0.8399999999999963,98.6492,100.0
0.840999999999994,98.7553,100.0
0.8419999999999987,98.8831,100.0
0.8429999999999964,98.7074,100.0
0.8439999999999941,98.8172,100.0
0.8449999999999989,98.7993,100.0
0.8459999999999965,98.6853,100.0
0.8469999999999942,98.7398,100.0
0.847999999999999,98.8721,100.0
0.8489999999999966,99.0791,100.0
0.8499999999999943,99.0257,100.0
0.8509999999999991,99.0157,100.0
0.8519999999999968,98.9315,100.0
0.8529999999999944,98.8017,100.0
0.8539999999999992,98.6206,100.0
0.8549999999999969,98.5395,100.0
0.8559999999999945,98.9153,100.0
0.8569999999999993,99.158,100.0
0.857999999999997,99.2528,100.0
0.8589999999999947,99.3247,100.0
0.8599999999999994,99.2787,100.0
0.8609999999999971,99.1869,100.0
0.8619999999999948,99.1065,100.0
0.8629999999999995,98.9871,100.0
0.8639999999999972,99.0146,100.0
0.8649999999999949,98.8841,100.0
0.8659999999999997,98.7706,100.0
0.8669999999999973,98.7727,100.0
0.867999999999995,98.7856,100.0
0.8689999999999998,98.7822,100.0
0.8699999999999974,98.6987,100.0
0.8709999999999951,98.723,100.0
0.8719999999999999,98.7956,100.0
0.8729999999999976,98.9223,100.0
0.8739999999999952,99.3166,100.0
0.875,99.7304,100.0
0.8759999999999977,99.7797,100.0
0.8769999999999953,99.5205,100.0
0.8780000000000001,99.3521,100.0
0.8789999999999978,99.2017,100.0
0.8799999999999955,99.277,100.0
0.8810000000000002,99.2897,100.0
0.8819999999999979,99.3372,100.0
0.8829999999999956,99.1691,100.0
0.8840000000000003,98.9174,100.0
0.884999999999998,98.8599,100.0
0.8859999999999957,98.9297,100.0
0.8870000000000005,98.8588,100.0
0.8879999999999981,98.8783,100.0
0.8889999999999958,98.8861,100.0
0.8900000000000006,99.1459,100.0
0.8909999999999982,99.3277,100.0
0.8919999999999959,99.3885,100.0
0.8930000000000007,99.2914,100.0
0.8939999999999984,99.136,100.0
0.894999999999996,99.1842,100.0
0.8960000000000008,99.3164,100.0
0.8969999999999985,99.329,100.0
0.8979999999999961,99.3696,100.0
0.8990000000000009,99.3078,100.0
0.8999999999999986,99.0174,100.0
0.9009999999999962,98.9301,100.0
0.9019999999999939,98.6297,100.0
0.9029999999999987,98.7773,100.0
0.9039999999999964,98.6712,100.0
0.904999999999994,98.941,100.0
0.9059999999999988,99.0796,100.0
0.9069999999999965,99.1382,100.0
0.9079999999999941,99.2013,100.0
0.9089999999999989,99.1722,100.0
0.9099999999999966,99.0075,100.0
0.9109999999999943,99.1139,100.0
0.911999999999999,99.1303,100.0
0.9129999999999967,99.34,100.0
0.9139999999999944,99.2733,100.0
0.9149999999999991,99.1503,100.0
0.9159999999999968,99.1432,100.0
0.9169999999999945,99.0141,100.0
0.9179999999999993,98.9494,100.0
0.9189999999999969,98.8013,100.0
0.9199999999999946,98.871,100.0
0.9209999999999994,99.0504,100.0
0.921999999999997,99.0062,100.0
0.9229999999999947,99.0494,100.0
0.9239999999999995,99.1637,100.0
0.9249999999999972,99.0611,100.0
0.9259999999999948,98.9139,100.0
0.9269999999999996,98.9238,100.0
0.9279999999999973,99.1904,100.0
0.9289999999999949,99.1208,100.0
0.9299999999999997,99.2238,100.0
0.9309999999999974,99.113,100.0
0.931999999999995,99.4442,100.0
0.9329999999999998,99.1835,100.0
0.9339999999999975,99.0793,100.0
0.9349999999999952,98.8125,100.0
0.9359999999999999,98.7228,100.0
0.9369999999999976,98.8667,100.0
0.9379999999999953,99.1418,100.0
0.9390000000000001,99.1546,100.0
0.9399999999999977,99.4682,100.0
0.9409999999999954,99.2935,100.0
0.9420000000000002,99.3157,100.0
0.9429999999999978,99.143,100.0
0.9439999999999955,99.096,100.0
0.9450000000000003,99.0953,100.0
0.945999999999998,99.1063,100.0
0.9469999999999956,99.1843,100.0
0.9480000000000004,99.0651,100.0
0.9489999999999981,98.7553,100.0
0.9499999999999957,98.6403,100.0
0.9510000000000005,98.6175,100.0
0.9519999999999982,98.8819,100.0
0.9529999999999959,99.0492,100.0
0.9540000000000006,99.2336,100.0
0.9549999999999983,99.0613,100.0
0.955999999999996,99.0109,100.0
0.9570000000000007,99.1186,100.0
0.9579999999999984,99.3169,100.0
0.9589999999999961,99.2564,100.0
0.9600000000000009,99.0982,100.0
0.9609999999999985,99.0558,100.0
0.9619999999999962,99.2502,100.0
0.963000000000001,99.2864,100.0
0.9639999999999986,99.2797,100.0
0.9649999999999963,99.0704,100.0
0.965999999999994,98.9196,100.0
0.9669999999999987,98.7909,100.0
0.9679999999999964,98.9287,100.0
0.9689999999999941,99.1155,100.0
0.9699999999999989,99.2934,100.0
0.9709999999999965,99.445,100.0
0.9719999999999942,99.4897,100.0
0.972999999999999,99.5023,100.0
0.9739999999999966,99.3197,100.0
0.9749999999999943,99.2983,100.0
0.9759999999999991,99.3281,100.0
0.9769999999999968,99.4883,100.0
0.9779999999999944,99.4628,100.0
0.9789999999999992,99.464,100.0
0.9799999999999969,99.2235,100.0
0.9809999999999945,99.1267,100.0
0.9819999999999993,98.8642,100.0
0.982999999999997,98.7535,100.0
0.9839999999999947,98.8694,100.0
0.9849999999999994,98.9217,100.0
0.9859999999999971,99.0227,100.0
0.9869999999999948,99.1637,100.0
0.9879999999999995,99.1739,100.0
0.9889999999999972,99.2847,100.0
0.9899999999999949,99.3364,100.0
0.9909999999999997,99.5043,100.0
0.9919999999999973,99.5537,100.0
0.992999999999995,99.4055,100.0
0.9939999999999998,99.4411,100.0
0.9949999999999974,99.5627,100.0
0.9959999999999951,99.7278,100.0
0.9969999999999999,99.557,100.0
0.9979999999999976,99.3775,100.0
0.9989999999999952,99.1758,100.0
1.0,99.0095,100.0
1.0009999999999977,98.968,100.0
1.0019999999999953,99.1088,100.0
1.0030000000000001,99.0632,100.0
1.0039999999999978,99.2071,100.0
1.0049999999999955,99.2318,100.0
1.0060000000000002,99.1123,100.0
1.006999999999998,98.9586,100.0
1.0079999999999956,99.0807,100.0
1.0090000000000003,99.5253,100.0
1.009999999999998,99.8418,100.0
1.0109999999999957,99.8723,100.0
1.0120000000000005,99.7861,100.0
1.0129999999999981,99.637,100.0
1.0139999999999958,99.4903,100.0
1.0150000000000006,99.2847,100.0
1.0159999999999982,99.1972,100.0
1.016999999999996,99.1834,100.0
1.0180000000000007,99.2136,100.0
1.0189999999999984,99.3772,100.0
1.019999999999996,99.0557,100.0
1.0210000000000008,99.1509,100.0
1.0219999999999985,99.1451,100.0
1.0229999999999961,99.1689,100.0
1.024000000000001,99.419,100.0
1.0249999999999986,99.5249,100.0
1.0259999999999962,99.7045,100.0
1.026999999999994,99.6436,100.0
1.0279999999999987,99.7763,100.0
1.0289999999999964,99.744,100.0
1.029999999999994,99.5093,100.0
1.0309999999999988,99.0697,100.0
1.0319999999999965,98.87,100.0
1.0329999999999941,98.7488,100.0
1.033999999999999,98.7696,100.0
1.0349999999999966,98.925,100.0
1.0359999999999943,98.8486,100.0
1.036999999999999,99.0267,100.0
1.0379999999999967,99.0815,100.0
1.0389999999999944,99.1394,100.0
1.0399999999999991,99.3069,100.0
1.0409999999999968,99.4113,100.0
1.0419999999999945,99.6672,100.0
1.0429999999999993,99.8737,100.0
1.043999999999997,99.7943,100.0
1.0449999999999946,99.7479,100.0
1.0459999999999994,99.4975,100.0
1.046999999999997,99.5324,100.0
1.0479999999999947,99.5047,100.0
1.0489999999999995,99.3654,100.0
1.0499999999999972,99.1946,100.0
1.0509999999999948,99.3669,100.0
1.0519999999999996,99.2464,100.0
1.0529999999999973,99.2717,100.0
1.053999999999995,99.1664,100.0
1.0549999999999997,98.9418,100.0
1.0559999999999974,99.0219,100.0
1.056999999999995,99.1235,100.0
1.0579999999999998,99.4127,100.0
1.0589999999999975,99.457,100.0
1.0599999999999952,99.5007,100.0
1.061,99.2738,100.0
1.0619999999999976,99.4006,100.0
1.0629999999999953,99.0751,100.0
1.064,99.1746,100.0
1.0649999999999977,98.9647,100.0
1.0659999999999954,99.3562,100.0
1.0670000000000002,99.3111,100.0
1.0679999999999978,99.2791,100.0
1.0689999999999955,99.0402,100.0
1.0700000000000003,99.2467,100.0
1.070999999999998,99.408,100.0
1.0719999999999956,99.2165,100.0
1.0730000000000004,99.0711,100.0
1.073999999999998,99.2022,100.0
1.0749999999999957,99.5491,100.0
1.0760000000000005,99.6639,100.0
1.0769999999999982,99.4392,100.0
1.0779999999999959,99.4853,100.0
1.0790000000000006,99.2583,100.0
1.0799999999999983,99.2785,100.0
1.080999999999996,99.0149,100.0
1.0820000000000007,98.8539,100.0
1.0829999999999984,99.1214,100.0
1.083999999999996,99.0558,100.0
1.0850000000000009,99.2281,100.0
1.0859999999999985,99.1521,100.0
1.0869999999999962,99.0198,100.0
1.088000000000001,99.0631,100.0
1.0889999999999986,99.0165,100.0
1.0899999999999963,99.1919,100.0
1.090999999999994,99.3287,100.0
1.0919999999999987,99.6246,100.0
1.0929999999999964,99.7126,100.0
1.093999999999994,99.603,100.0
1.0949999999999989,99.4313,100.0
1.0959999999999965,99.4525,100.0
1.0969999999999942,99.4054,100.0
1.097999999999999,99.4806,100.0
1.0989999999999966,99.4684,100.0
1.0999999999999943,99.1553,100.0
1.100999999999999,98.9866,100.0
1.1019999999999968,98.8456,100.0
1.1029999999999944,98.7631,100.0
1.1039999999999992,98.8602,100.0
1.1049999999999969,98.8978,100.0
1.1059999999999945,99.0111,100.0
1.1069999999999993,99.0789,100.0
1.107999999999997,99.313,100.0
1.1089999999999947,99.641,100.0
1.1099999999999994,99.7839,100.0
1.110999999999997,99.6501,100.0
1.1119999999999948,99.5085,100.0
1.1129999999999995,99.2526,100.0
1.1139999999999972,99.251,100.0
1.1149999999999949,99.4104,100.0
1.1159999999999997,99.2708,100.0
1.1169999999999973,99.4063,100.0
1.117999999999995,99.3505,100.0
1.1189999999999998,99.3622,100.0
1.1199999999999974,99.4833,100.0
1.1209999999999951,99.2151,100.0
1.1219999999999999,99.3145,100.0
1.1229999999999976,99.3709,100.0
1.1239999999999952,99.7367,100.0
1.125,99.8855,100.0
1.1259999999999977,99.7153,100.0
1.1269999999999953,99.612,100.0
1.1280000000000001,99.1857,100.0
1.1289999999999978,99.1454,100.0
1.1299999999999955,98.9153,100.0
1.1310000000000002,99.0406,100.0
1.131999999999998,99.0816,100.0
1.1329999999999956,99.4065,100.0
1.1340000000000003,99.2704,100.0
1.134999999999998,99.3431,100.0
1.1359999999999957,99.1543,100.0
1.1370000000000005,99.3271,100.0
1.1379999999999981,99.4078,100.0
1.1389999999999958,99.4348,100.0
1.1400000000000006,99.45,100.0
1.1409999999999982,99.5852,100.0
1.141999999999996,99.738,100.0
1.1430000000000007,99.8856,100.0
1.1439999999999984,99.5763,100.0
1.144999999999996,99.4444,100.0
1.1460000000000008,99.2262,100.0
1.1469999999999985,99.4043,100.0
1.1479999999999961,99.4619,100.0
1.149000000000001,99.3912,100.0
1.1499999999999986,99.4076,100.0
1.1509999999999962,99.3023,100.0
1.151999999999994,99.268,100.0
1.1529999999999987,99.1735,100.0
1.1539999999999964,99.2839,100.0
1.154999999999994,99.5823,100.0
1.1559999999999988,99.7394,100.0
1.1569999999999965,99.8172,100.0
1.1579999999999941,99.7042,100.0
1.158999999999999,99.6759,100.0
1.1599999999999966,99.4785,100.0
1.1609999999999943,99.0204,100.0
1.161999999999999,98.9296,100.0
1.1629999999999967,99.0551,100.0
1.1639999999999944,99.3352,100.0
1.1649999999999991,99.3257,100.0
1.1659999999999968,99.2294,100.0
1.1669999999999945,99.2391,100.0
1.1679999999999993,99.3248,100.0
1.168999999999997,99.5668,100.0
1.1699999999999946,99.7514,100.0
1.1709999999999994,99.8968,100.0
1.171999999999997,99.9935,100.0
1.1729999999999947,100.0738,100.0
1.1739999999999995,100.1006,100.0
1.1749999999999972,99.9237,100.0
1.1759999999999948,99.713,100.0
1.1769999999999996,99.3919,100.0
1.1779999999999973,99.2082,100.0
1.178999999999995,99.1605,100.0
1.1799999999999997,99.1716,100.0
1.1809999999999974,99.281,100.0
1.181999999999995,99.3196,100.0
1.1829999999999998,99.3419,100.0
1.1839999999999975,99.2278,100.0
1.1849999999999952,99.0974,100.0
1.186,99.3304,100.0
1.1869999999999976,99.3614,100.0
1.1879999999999953,99.648,100.0
1.189,99.5558,100.0
1.1899999999999977,99.768,100.0
1.1909999999999954,99.4678,100.0
1.1920000000000002,99.7543,100.0
1.1929999999999978,99.6442,100.0
1.1939999999999955,99.5667,100.0
1.1950000000000003,99.3029,100.0
1.195999999999998,99.3602,100.0
1.1969999999999956,99.5024,100.0
1.1980000000000004,99.6179,100.0
1.198999999999998,99.5765,100.0
1.1999999999999957,99.4961,100.0
1.2010000000000005,99.311,100.0
1.2019999999999982,99.1934,100.0
1.2029999999999959,99.0722,100.0
1.2040000000000006,99.2665,100.0
1.2049999999999983,99.5475,100.0
1.205999999999996,99.6415,100.0
1.2070000000000007,99.3878,100.0
1.2079999999999984,99.039,100.0
1.208999999999996,99.0861,100.0
1.2100000000000009,99.0181,100.0
1.2109999999999985,99.2855,100.0
1.2119999999999962,99.6014,100.0
1.213000000000001,99.9001,100.0
1.2139999999999986,99.9823,100.0
1.2149999999999963,99.8776,100.0
1.215999999999994,99.7853,100.0
1.2169999999999987,99.5335,100.0
1.2179999999999964,99.5371,100.0
1.218999999999994,99.143,100.0
1.2199999999999989,99.3332,100.0
1.2209999999999965,99.2097,100.0
1.2219999999999942,99.3729,100.0
1.222999999999999,99.0641,100.0
1.2239999999999966,98.9927,100.0
1.2249999999999943,98.9478,100.0
1.225999999999999,99.1014,100.0
1.2269999999999968,99.2012,100.0
1.2279999999999944,99.4898,100.0
1.2289999999999992,99.7234,100.0
1.2299999999999969,99.8809,100.0
1.2309999999999945,99.8642,100.0
1.2319999999999993,99.5769,100.0
1.232999999999997,99.5019,100.0
1.2339999999999947,99.3158,100.0
1.2349999999999994,99.1484,100.0
1.235999999999997,99.2521,100.0
1.2369999999999948,99.4687,100.0
1.2379999999999995,99.7675,100.0
1.2389999999999972,99.5049,100.0
1.2399999999999949,99.3395,100.0
1.2409999999999997,99.1455,100.0
1.2419999999999973,99.3596,100.0
1.242999999999995,99.3301,100.0
1.2439999999999998,99.3952,100.0
1.2449999999999974,99.3487,100.0
1.2459999999999951,99.2939,100.0
1.2469999999999999,99.3786,100.0
1.2479999999999976,99.3391,100.0
1.2489999999999952,99.4976,100.0
1.25,99.2441,100.0
1.2509999999999977,99.3325,100.0
1.2519999999999953,99.0231,100.0
1.2530000000000001,99.2065,100.0
1.2539999999999978,99.2897,100.0
1.2549999999999955,99.4033,100.0
1.2560000000000002,99.2265,100.0
1.256999999999998,99.0823,100.0
1.2579999999999956,99.0203,100.0
1.2590000000000003,99.2969,100.0
1.259999999999998,99.4802,100.0
1.2609999999999957,99.6555,100.0
1.2620000000000005,99.6133,100.0
1.2629999999999981,99.5019,100.0
1.2639999999999958,99.5899,100.0
1.2650000000000006,99.567,100.0
1.2659999999999982,99.5353,100.0
1.266999999999996,99.4958,100.0
1.2680000000000007,99.3559,100.0
1.2689999999999984,99.6283,100.0
1.269999999999996,99.7734,100.0
1.2710000000000008,99.8402,100.0
1.2719999999999985,99.6064,100.0
1.2729999999999961,99.4069,100.0
1.274000000000001,99.2506,100.0
1.2749999999999986,99.2563,100.0
1.2759999999999962,99.3081,100.0
1.276999999999994,99.4941,100.0
1.2779999999999987,99.5721,100.0
1.2789999999999964,99.3914,100.0
1.279999999999994,99.3329,100.0
1.2809999999999988,99.1514,100.0
1.2819999999999965,99.1182,100.0
1.2829999999999941,99.371,100.0
1.283999999999999,99.532,100.0
1.2849999999999966,99.8034,100.0
1.2859999999999943,99.664,100.0
1.286999999999999,99.7078,100.0
1.2879999999999967,99.7158,100.0
1.2889999999999944,99.7354,100.0
1.2899999999999991,99.4592,100.0
1.2909999999999968,99.3269,100.0
1.2919999999999945,99.2189,100.0
1.2929999999999993,99.3496,100.0
1.293999999999997,99.6097,100.0
1.2949999999999946,99.6207,100.0
1.2959999999999994,99.5615,100.0
1.296999999999997,99.3273,100.0
1.2979999999999947,99.1846,100.0
1.2989999999999995,99.1362,100.0
1.2999999999999972,99.2849,100.0
1.3009999999999948,99.2599,100.0
1.3019999999999996,99.4217,100.0
1.3029999999999973,99.5176,100.0
1.303999999999995,99.7523,100.0
1.3049999999999997,99.7942,100.0
1.3059999999999974,99.5162,100.0
1.306999999999995,99.5322,100.0
1.3079999999999998,99.6323,100.0
1.3089999999999975,100.0069,100.0
1.3099999999999952,100.0391,100.0
1.311,100.0087,100.0
1.3119999999999976,99.7783,100.0
1.3129999999999953,99.6556,100.0
1.314,99.6922,100.0
1.3149999999999977,99.6133,100.0
1.3159999999999954,99.4915,100.0
1.3170000000000002,99.1095,100.0
1.3179999999999978,99.095,100.0
1.3189999999999955,99.0629,100.0
1.3200000000000003,99.1678,100.0
1.320999999999998,99.1887,100.0
1.3219999999999956,99.325,100.0
1.3230000000000004,99.2728,100.0
1.323999999999998,99.3442,100.0
1.3249999999999957,99.7056,100.0
1.3260000000000005,100.0087,100.0
1.3269999999999982,100.2624,100.0
1.3279999999999959,100.0717,100.0
1.3290000000000006,99.8036,100.0
1.3299999999999983,99.6578,100.0
1.330999999999996,99.5275,100.0
1.3320000000000007,99.6576,100.0
1.3329999999999984,99.6038,100.0
1.333999999999996,99.5279,100.0
1.3350000000000009,99.3797,100.0
1.3359999999999985,99.4982,100.0
1.3369999999999962,99.5473,100.0
1.338000000000001,99.5703,100.0
1.3389999999999986,99.4048,100.0
1.3399999999999963,99.5861,100.0
1.340999999999994,99.6243,100.0
1.3419999999999987,99.8597,100.0
1.3429999999999964,100.0087,100.0
1.343999999999994,99.8144,100.0
1.3449999999999989,99.6433,100.0
1.3459999999999965,99.4408,100.0
1.3469999999999942,99.2455,100.0
1.347999999999999,99.3766,100.0
1.3489999999999966,99.4846,100.0
1.3499999999999943,99.7323,100.0
1.350999999999999,99.4921,100.0
1.3519999999999968,99.4313,100.0
1.3529999999999944,99.3581,100.0
1.3539999999999992,99.6257,100.0
1.3549999999999969,99.5667,100.0
1.3559999999999945,99.6113,100.0
1.3569999999999993,99.5571,100.0
1.357999999999997,99.8203,100.0
1.3589999999999947,99.7727,100.0
1.3599999999999994,99.8617,100.0
1.360999999999997,99.6649,100.0
1.3619999999999948,99.5759,100.0
1.3629999999999995,99.404,100.0
1.3639999999999972,99.6106,100.0
1.3649999999999949,99.6983,100.0
1.3659999999999997,99.5381,100.0
1.3669999999999973,99.5602,100.0
1.367999999999995,99.3437,100.0
1.3689999999999998,99.437,100.0
1.3699999999999974,99.1869,100.0
1.3709999999999951,99.1574,100.0
1.3719999999999999,99.0886,100.0
1.3729999999999976,99.0752,100.0
1.3739999999999952,99.5048,100.0
1.375,99.6997,100.0
1.3759999999999977,99.841,100.0
1.3769999999999953,99.7881,100.0
1.3780000000000001,99.7265,100.0
1.3789999999999978,99.6758,100.0
1.3799999999999955,99.7007,100.0
1.3810000000000002,99.6802,100.0
1.381999999999998,99.6696,100.0
1.3829999999999956,99.7546,100.0
1.3840000000000003,99.5373,100.0
1.384999999999998,99.6184,100.0
1.3859999999999957,99.303,100.0
1.3870000000000005,99.4317,100.0
1.3879999999999981,99.2341,100.0
1.3889999999999958,99.4603,100.0
1.3900000000000006,99.8109,100.0
1.3909999999999982,99.7918,100.0
1.391999999999996,99.8692,100.0
1.3930000000000007,99.8007,100.0
1.3939999999999984,99.7482,100.0
1.394999999999996,99.7664,100.0
1.3960000000000008,99.6768,100.0
1.3969999999999985,99.6525,100.0
1.3979999999999961,99.5288,100.0
1.399000000000001,99.4535,100.0
1.3999999999999986,99.5308,100.0
1.4009999999999962,99.4592,100.0
1.401999999999994,99.4269,100.0
1.4029999999999987,99.3032,100.0
1.4039999999999964,99.3892,100.0
1.404999999999994,99.582,100.0
1.4059999999999988,99.7409,100.0
1.4069999999999965,99.9596,100.0
1.4079999999999941,99.9729,100.0
1.408999999999999,99.9994,100.0
1.4099999999999966,99.7771,100.0
1.4109999999999943,99.4416,100.0
1.411999999999999,99.3798,100.0
1.4129999999999967,99.3676,100.0
1.4139999999999944,99.4926,100.0
1.4149999999999991,99.3916,100.0
1.4159999999999968,99.5104,100.0
1.4169999999999945,99.5917,100.0
1.4179999999999993,99.2725,100.0
1.418999999999997,99.016,100.0
1.4199999999999946,98.8855,100.0
1.4209999999999994,99.2418,100.0
1.421999999999997,99.5725,100.0
1.4229999999999947,99.7052,100.0
1.4239999999999995,99.7393,100.0
1.4249999999999972,99.7898,100.0
1.4259999999999948,99.867,100.0
1.4269999999999996,99.7272,100.0
1.4279999999999973,99.7685,100.0
1.428999999999995,99.5318,100.0
1.4299999999999997,99.4437,100.0
1.4309999999999974,99.4654,100.0
1.431999999999995,99.5274,100.0
1.4329999999999998,99.6077,100.0
1.4339999999999975,99.2325,100.0
1.4349999999999952,99.2927,100.0
1.436,99.2086,100.0
1.4369999999999976,99.4592,100.0
1.4379999999999953,99.4357,100.0
1.439,99.3057,100.0
1.4399999999999977,99.3547,100.0
1.4409999999999954,99.4892,100.0
1.4420000000000002,99.4651,100.0
1.4429999999999978,99.3774,100.0
1.4439999999999955,99.2881,100.0
1.4450000000000003,99.3844,100.0
1.445999999999998,99.5283,100.0
1.4469999999999956,99.7414,100.0
1.4480000000000004,99.7682,100.0
1.448999999999998,99.7082,100.0
1.4499999999999957,99.5496,100.0
1.4510000000000005,99.4728,100.0
1.4519999999999982,99.3377,100.0
1.4529999999999959,99.0706,100.0
1.4540000000000006,99.0415,100.0
1.4549999999999983,99.1712,100.0
1.455999999999996,99.2027,100.0
1.4570000000000007,99.3415,100.0
1.4579999999999984,99.4069,100.0
1.458999999999996,99.5597,100.0
1.4600000000000009,99.5639,100.0
1.4609999999999985,99.7051,100.0
1.4619999999999962,99.6808,100.0
1.463000000000001,99.8098,100.0
1.4639999999999986,99.9486,100.0
1.4649999999999963,99.9652,100.0
1.465999999999994,99.942,100.0
1.4669999999999987,99.5373,100.0
1.4679999999999964,99.503,100.0
1.468999999999994,99.3234,100.0
1.4699999999999989,99.3802,100.0
1.4709999999999965,99.3926,100.0
1.4719999999999942,99.3678,100.0
1.472999999999999,99.46,100.0
1.4739999999999966,99.3546,100.0
1.4749999999999943,99.4775,100.0
1.475999999999999,99.4617,100.0
1.4769999999999968,99.6697,100.0
1.4779999999999944,99.6909,100.0
1.4789999999999992,99.7578,100.0
1.4799999999999969,99.9434,100.0
1.4809999999999945,99.9316,100.0
1.4819999999999993,99.7394,100.0
1.482999999999997,99.3923,100.0
1.4839999999999947,99.3723,100.0
1.4849999999999994,99.3808,100.0
1.485999999999997,99.4175,100.0
1.4869999999999948,99.5082,100.0
1.4879999999999995,99.533,100.0
1.4889999999999972,99.5075,100.0
1.4899999999999949,99.6641,100.0
1.4909999999999997,99.5881,100.0
1.4919999999999973,99.494,100.0
1.492999999999995,99.4479,100.0
1.4939999999999998,99.4135,100.0
1.4949999999999974,99.6335,100.0
1.4959999999999951,99.9316,100.0
1.4969999999999999,99.8938,100.0
1.4979999999999976,99.7261,100.0
1.4989999999999952,99.4054,100.0
1.5,99.2206,100.0
1.5009999999999977,99.1546,100.0
1.5019999999999953,99.0766,100.0
1.5030000000000001,99.3324,100.0
1.5039999999999978,99.2303,100.0
1.5049999999999955,99.2983,100.0
1.5060000000000002,99.2709,100.0
1.506999999999998,99.2036,100.0
1.5079999999999956,99.1665,100.0
1.5090000000000003,99.4956,100.0
1.509999999999998,99.7263,100.0
1.5109999999999957,100.1792,100.0
1.5120000000000005,100.0653,100.0
1.5129999999999981,100.0756,100.0
1.5139999999999958,100.0333,100.0
1.5150000000000006,99.6624,100.0
1.5159999999999982,99.6266,100.0
1.516999999999996,99.2525,100.0
1.5180000000000007,99.4819,100.0
1.5189999999999984,99.5868,100.0
1.519999999999996,99.7844,100.0
1.5210000000000008,99.8617,100.0
1.5219999999999985,99.9182,100.0
1.5229999999999961,99.7787,100.0
1.524000000000001,99.4928,100.0
1.5249999999999986,99.4873,100.0
1.5259999999999962,99.4371,100.0
1.526999999999994,99.7565,100.0
1.5279999999999987,99.6638,100.0
1.5289999999999964,99.6767,100.0
1.529999999999994,99.5013,100.0
1.5309999999999988,99.5667,100.0
1.5319999999999965,99.6496,100.0
1.5329999999999941,99.5465,100.0
1.533999999999999,99.3895,100.0
1.5349999999999966,99.4996,100.0
1.5359999999999943,99.5009,100.0
1.536999999999999,99.5125,100.0
1.5379999999999967,99.5995,100.0
1.5389999999999944,99.5621,100.0
1.5399999999999991,99.582,100.0
1.5409999999999968,99.5382,100.0
1.5419999999999945,99.4883,100.0
1.5429999999999993,99.5385,100.0
1.543999999999997,99.7076,100.0
1.5449999999999946,99.5031,100.0
1.5459999999999994,99.3396,100.0
1.546999999999997,99.2724,100.0
1.5479999999999947,99.665,100.0
1.5489999999999995,99.7428,100.0
1.5499999999999972,99.6674,100.0
1.5509999999999948,99.8009,100.0
1.5519999999999996,100.0641,100.0
1.5529999999999973,99.8751,100.0
1.553999999999995,99.8368,100.0
1.5549999999999997,99.4204,100.0
1.5559999999999974,99.6568,100.0
1.556999999999995,99.4656,100.0
1.5579999999999998,99.472,100.0
1.5589999999999975,99.3522,100.0
1.5599999999999952,99.6705,100.0
1.561,99.9963,100.0
1.5619999999999976,100.0368,100.0
1.5629999999999953,99.8076,100.0
1.564,99.6386,100.0
1.5649999999999977,99.5849,100.0
1.5659999999999954,99.6546,100.0
1.5670000000000002,99.8545,100.0
1.5679999999999978,100.0472,100.0
1.5689999999999955,99.9979,100.0
1.5700000000000003,99.8499,100.0
1.570999999999998,99.8473,100.0
1.5719999999999956,99.7028,100.0
1.5730000000000004,99.7009,100.0
1.573999999999998,99.4542,100.0
1.5749999999999957,99.5217,100.0
1.5760000000000005,99.3397,100.0
1.5769999999999982,99.2385,100.0
1.5779999999999959,99.1776,100.0
1.5790000000000006,99.1211,100.0
1.5799999999999983,99.353,100.0
1.580999999999996,99.2364,100.0
1.5820000000000007,99.2937,100.0
1.5829999999999984,99.5011,100.0
1.583999999999996,99.6656,100.0
1.5850000000000009,100.0192,100.0
1.5859999999999985,100.1421,100.0
1.5869999999999962,100.1814,100.0
1.588000000000001,100.0646,100.0
1.5889999999999986,99.9898,100.0
1.5899999999999963,99.9168,100.0
1.590999999999994,100.1485,100.0
1.5919999999999987,100.2227,100.0
1.5929999999999964,100.2519,100.0
1.593999999999994,100.1073,100.0
1.5949999999999989,99.9081,100.0
1.5959999999999965,99.5256,100.0
1.5969999999999942,99.2376,100.0
1.597999999999999,99.2978,100.0
1.5989999999999966,99.4029,100.0
1.5999999999999943,99.5911,100.0
1.600999999999999,99.7271,100.0
1.6019999999999968,99.3939,100.0
1.6029999999999944,99.592,100.0
1.6039999999999992,99.4844,100.0
1.6049999999999969,99.6451,100.0
1.6059999999999945,99.679,100.0
1.6069999999999993,99.7061,100.0
1.607999999999997,99.8869,100.0
1.6089999999999947,99.9043,100.0
1.6099999999999994,100.0605,100.0
1.610999999999997,100.0226,100.0
1.6119999999999948,99.8183,100.0
1.6129999999999995,99.3601,100.0
1.6139999999999972,99.2117,100.0
1.6149999999999949,99.1704,100.0
1.6159999999999997,99.4863,100.0
1.6169999999999973,99.4436,100.0
1.617999999999995,99.4477,100.0
1.6189999999999998,99.4551,100.0
1.6199999999999974,99.4606,100.0
1.6209999999999951,99.3068,100.0
1.6219999999999999,99.3578,100.0
1.6229999999999976,99.5605,100.0
1.6239999999999952,99.8146,100.0
1.625,99.9042,100.0
1.6259999999999977,99.7975,100.0
1.6269999999999953,99.8134,100.0
1.6280000000000001,99.5558,100.0
1.6289999999999978,99.6494,100.0
1.6299999999999955,99.3973,100.0
1.6310000000000002,99.5187,100.0
1.631999999999998,99.7738,100.0
1.6329999999999956,99.8237,100.0
1.6340000000000003,100.024,100.0
1.634999999999998,100.2182,100.0
1.6359999999999957,100.0435,100.0
1.6370000000000005,99.9796,100.0
1.6379999999999981,99.729,100.0
1.6389999999999958,99.7839,100.0
1.6400000000000006,99.8478,100.0
1.6409999999999982,99.7619,100.0
1.641999999999996,99.6407,100.0
1.6430000000000007,99.3082,100.0
1.6439999999999984,99.2188,100.0
1.644999999999996,99.2593,100.0
1.6460000000000008,99.404,100.0
1.6469999999999985,99.468,100.0
1.6479999999999961,99.7787,100.0
1.649000000000001,99.7012,100.0
1.6499999999999986,99.9147,100.0
1.6509999999999962,99.8154,100.0
1.651999999999994,99.6855,100.0
1.6529999999999987,99.4695,100.0
1.6539999999999964,99.5644,100.0
1.654999999999994,99.5351,100.0
1.6559999999999988,99.5128,100.0
1.6569999999999965,99.6065,100.0
1.6579999999999941,99.7251,100.0
1.658999999999999,99.7124,100.0
1.6599999999999966,99.4823,100.0
1.6609999999999943,99.3336,100.0
1.661999999999999,99.3965,100.0
1.6629999999999967,99.4649,100.0
1.6639999999999944,99.6423,100.0
1.6649999999999991,99.6815,100.0
1.6659999999999968,99.7053,100.0
1.6669999999999945,99.683,100.0
1.6679999999999993,99.8368,100.0
1.668999999999997,99.8206,100.0
1.6699999999999946,99.9605,100.0
1.6709999999999994,99.7625,100.0
1.671999999999997,99.7215,100.0
1.6729999999999947,99.3544,100.0
1.6739999999999995,99.394,100.0
1.6749999999999972,99.4303,100.0
1.6759999999999948,99.5415,100.0
1.6769999999999996,99.3319,100.0
1.6779999999999973,99.4044,100.0
1.678999999999995,99.4117,100.0
1.6799999999999997,99.5515,100.0
1.6809999999999974,99.7094,100.0
1.681999999999995,99.8307,100.0
1.6829999999999998,99.6978,100.0
1.6839999999999975,99.748,100.0
1.6849999999999952,99.5263,100.0
1.686,99.6024,100.0
1.6869999999999976,99.6036,100.0
1.6879999999999953,99.7127,100.0
1.689,99.6504,100.0
1.6899999999999977,99.7187,100.0
1.6909999999999954,99.7309,100.0
1.6920000000000002,99.7029,100.0
1.6929999999999978,99.5902,100.0
1.6939999999999955,99.5517,100.0
1.6950000000000003,99.6383,100.0
1.695999999999998,99.6666,100.0
1.6969999999999956,99.7204,100.0
1.6980000000000004,99.6801,100.0
1.698999999999998,99.8907,100.0
1.6999999999999957,99.8502,100.0
1.7010000000000005,99.7052,100.0
1.7019999999999982,99.392,100.0
1.7029999999999959,99.4831,100.0
1.7040000000000006,99.3065,100.0
1.7049999999999983,99.4354,100.0
1.705999999999996,99.365,100.0
1.7070000000000007,99.418,100.0
1.7079999999999984,99.2325,100.0
1.708999999999996,98.9503,100.0
1.7100000000000009,99.1278,100.0
1.7109999999999985,99.1844,100.0
1.7119999999999962,99.5644,100.0
1.713000000000001,99.6979,100.0
1.7139999999999986,99.9673,100.0
1.7149999999999963,99.4394,100.0
1.715999999999994,99.6158,100.0
1.7169999999999987,99.974,100.0
1.7179999999999964,100.3809,100.0
1.718999999999994,100.119,100.0
1.7199999999999989,99.7195,100.0
1.7209999999999965,99.751,100.0
1.7219999999999942,99.8774,100.0
1.722999999999999,99.812,100.0
1.7239999999999966,99.7025,100.0
1.7249999999999943,99.6047,100.0
1.725999999999999,99.3908,100.0
1.7269999999999968,99.2946,100.0
1.7279999999999944,99.3257,100.0
1.7289999999999992,99.5176,100.0
1.7299999999999969,99.632,100.0
1.7309999999999945,99.8848,100.0
1.7319999999999993,99.7509,100.0
1.732999999999997,100.0074,100.0
1.7339999999999947,99.6999,100.0
1.7349999999999994,99.7894,100.0
1.735999999999997,99.6236,100.0
1.7369999999999948,99.7503,100.0
1.7379999999999995,99.6353,100.0
1.7389999999999972,99.6565,100.0
1.7399999999999949,99.535,100.0
1.7409999999999997,99.3036,100.0
1.7419999999999973,99.253,100.0
1.742999999999995,99.2859,100.0
1.7439999999999998,99.3788,100.0
1.7449999999999974,99.4892,100.0
1.7459999999999951,99.336,100.0
1.7469999999999999,99.6672,100.0
1.7479999999999976,99.7166,100.0
1.7489999999999952,99.6658,100.0
1.75,99.2766,100.0
1.7509999999999977,99.368,100.0
1.7519999999999953,99.5222,100.0
1.7530000000000001,99.7549,100.0
1.7539999999999978,99.7267,100.0
1.7549999999999955,99.848,100.0
1.7560000000000002,99.9026,100.0
1.756999999999998,99.9198,100.0
1.7579999999999956,99.6981,100.0
1.7590000000000003,99.5501,100.0
1.759999999999998,99.5637,100.0
1.7609999999999957,99.5178,100.0
1.7620000000000005,99.6087,100.0
1.7629999999999981,99.5416,100.0
1.7639999999999958,99.3744,100.0
1.7650000000000006,99.654,100.0
1.7659999999999982,99.5838,100.0
1.766999999999996,99.6662,100.0
1.7680000000000007,99.453,100.0
1.7689999999999984,99.6439,100.0
1.769999999999996,99.6113,100.0
1.7710000000000008,99.8395,100.0
1.7719999999999985,99.6919,100.0
1.7729999999999961,99.6468,100.0
1.774000000000001,99.5432,100.0
1.7749999999999986,99.5957,100.0
1.7759999999999962,99.6377,100.0
1.776999999999994,99.7521,100.0
1.7779999999999987,99.7947,100.0
1.7789999999999964,99.8911,100.0
1.779999999999994,99.9456,100.0
1.7809999999999988,99.6643,100.0
1.7819999999999965,99.5844,100.0
1.7829999999999941,99.314,100.0
1.783999999999999,99.5133,100.0
1.7849999999999966,99.4215,100.0
1.7859999999999943,99.5426,100.0
1.786999999999999,99.5309,100.0
1.7879999999999967,99.5963,100.0
1.7889999999999944,99.6595,100.0
1.7899999999999991,99.4139,100.0
1.7909999999999968,99.456,100.0
1.7919999999999945,99.4298,100.0
1.7929999999999993,99.7358,100.0
1.793999999999997,99.8788,100.0
1.7949999999999946,99.9268,100.0
1.7959999999999994,99.9507,100.0
1.796999999999997,99.8668,100.0
1.7979999999999947,99.7374,100.0
1.7989999999999995,99.7602,100.0
1.7999999999999972,99.6214,100.0
1.8009999999999948,99.792,100.0
1.8019999999999996,99.8059,100.0
1.8029999999999973,99.7549,100.0
1.803999999999995,99.6722,100.0
1.8049999999999997,99.5542,100.0
1.8059999999999974,99.7154,100.0
1.806999999999995,99.5395,100.0
1.8079999999999998,99.7053,100.0
1.8089999999999975,99.8141,100.0
1.8099999999999952,99.9118,100.0
1.811,99.9697,100.0
1.8119999999999976,99.7116,100.0
1.8129999999999953,99.3829,100.0
1.814,99.3693,100.0
1.8149999999999977,99.5305,100.0
1.8159999999999954,99.594,100.0
1.8170000000000002,99.4312,100.0
1.8179999999999978,99.4686,100.0
1.8189999999999955,99.7339,100.0
1.8200000000000003,99.9686,100.0
1.820999999999998,100.2011,100.0
1.8219999999999956,100.3809,100.0
1.8230000000000004,100.2766,100.0
1.823999999999998,100.0888,100.0
1.8249999999999957,99.8702,100.0
1.8260000000000005,100.0977,100.0
1.8269999999999982,99.9852,100.0
1.8279999999999959,99.9756,100.0
1.8290000000000006,99.9525,100.0
1.8299999999999983,99.7282,100.0
1.830999999999996,99.6913,100.0
1.8320000000000007,99.4545,100.0
1.8329999999999984,99.5737,100.0
1.833999999999996,99.5029,100.0
1.8350000000000009,99.4919,100.0
1.8359999999999985,99.6213,100.0
1.8369999999999962,99.4743,100.0
1.838000000000001,99.5574,100.0
1.8389999999999986,99.5285,100.0
1.8399999999999963,99.7254,100.0
1.840999999999994,99.9643,100.0
1.8419999999999987,100.2115,100.0
1.8429999999999964,100.1508,100.0
1.843999999999994,100.1929,100.0
1.8449999999999989,99.9427,100.0
1.8459999999999965,99.8481,100.0
1.8469999999999942,99.6127,100.0
1.847999999999999,99.5559,100.0
1.8489999999999966,99.4914,100.0
1.8499999999999943,99.5244,100.0
1.850999999999999,99.588,100.0
1.8519999999999968,99.6158,100.0
1.8529999999999944,99.7497,100.0
1.8539999999999992,99.7528,100.0
1.8549999999999969,99.6627,100.0
1.8559999999999945,99.4565,100.0
1.8569999999999993,99.5055,100.0
1.857999999999997,99.6021,100.0
1.8589999999999947,99.642,100.0
1.8599999999999994,99.6343,100.0
1.860999999999997,99.6713,100.0
1.8619999999999948,99.6575,100.0
1.8629999999999995,99.4336,100.0
1.8639999999999972,99.4181,100.0
1.8649999999999949,99.6418,100.0
1.8659999999999997,99.8132,100.0
1.8669999999999973,99.9208,100.0
1.867999999999995,99.9227,100.0
1.8689999999999998,100.1128,100.0
1.8699999999999974,99.9686,100.0
1.8709999999999951,99.87,100.0
1.8719999999999999,99.8919,100.0
1.8729999999999976,99.9607,100.0
1.8739999999999952,99.8652,100.0
1.875,99.7401,100.0
1.8759999999999977,99.7671,100.0
1.8769999999999953,99.7517,100.0
1.8780000000000001,99.9693,100.0
1.8789999999999978,99.9074,100.0
1.8799999999999955,99.8957,100.0
1.8810000000000002,99.8574,100.0
1.881999999999998,99.8116,100.0
1.8829999999999956,99.8714,100.0
1.8840000000000003,99.8191,100.0
1.884999999999998,99.9639,100.0
1.8859999999999957,99.747,100.0
1.8870000000000005,99.605,100.0
1.8879999999999981,99.3661,100.0
1.8889999999999958,99.3748,100.0
1.8900000000000006,99.6358,100.0
1.8909999999999982,99.7133,100.0
1.891999999999996,99.8705,100.0
1.8930000000000007,99.9009,100.0
1.8939999999999984,99.554,100.0
1.894999999999996,99.4963,100.0
1.8960000000000008,99.7278,100.0
1.8969999999999985,99.8532,100.0
1.8979999999999961,99.86,100.0
1.899000000000001,99.7346,100.0
1.8999999999999986,100.0191,100.0
1.9009999999999962,100.059,100.0
1.901999999999994,99.9902,100.0
1.9029999999999987,99.7251,100.0
1.9039999999999964,99.639,100.0
1.904999999999994,99.5656,100.0
1.9059999999999988,99.6254,100.0
1.9069999999999965,99.7331,100.0
1.9079999999999941,99.6571,100.0
1.908999999999999,99.7101,100.0
1.9099999999999966,99.8886,100.0
1.9109999999999943,99.9373,100.0
1.911999999999999,99.7728,100.0
1.9129999999999967,99.5274,100.0
1.9139999999999944,99.3861,100.0
1.9149999999999991,99.3121,100.0
1.9159999999999968,99.619,100.0
1.9169999999999945,99.915,100.0
1.9179999999999993,100.1356,100.0
1.918999999999997,99.983,100.0
1.9199999999999946,99.7658,100.0
1.9209999999999994,99.8308,100.0
1.921999999999997,99.8283,100.0
1.9229999999999947,100.0327,100.0
1.9239999999999995,99.9026,100.0
1.9249999999999972,100.1032,100.0
1.9259999999999948,100.0268,100.0
1.9269999999999996,99.9393,100.0
1.9279999999999973,99.7085,100.0
1.928999999999995,99.3973,100.0
1.9299999999999997,99.6013,100.0
1.9309999999999974,99.8362,100.0
1.931999999999995,100.0939,100.0
1.9329999999999998,99.6768,100.0
1.9339999999999975,99.4564,100.0
1.9349999999999952,99.2762,100.0
1.936,99.3902,100.0
1.9369999999999976,99.5118,100.0
1.9379999999999953,99.6572,100.0
1.939,99.7795,100.0
1.9399999999999977,99.8074,100.0
1.9409999999999954,99.9207,100.0
1.9420000000000002,99.9529,100.0
1.9429999999999978,99.8711,100.0
1.9439999999999955,99.5273,100.0
1.9450000000000003,99.6214,100.0
1.945999999999998,99.7241,100.0
1.9469999999999956,99.9717,100.0
1.9480000000000004,100.0176,100.0
1.948999999999998,99.9116,100.0
1.9499999999999957,99.6163,100.0
1.9510000000000005,99.5815,100.0
1.9519999999999982,99.3757,100.0
1.9529999999999959,99.5687,100.0
1.9540000000000006,99.5456,100.0
1.9549999999999983,99.8154,100.0
1.955999999999996,99.7952,100.0
1.9570000000000007,99.953,100.0
1.9579999999999984,99.9982,100.0
1.958999999999996,99.8914,100.0
1.9600000000000009,99.5874,100.0
1.9609999999999985,99.3879,100.0
1.9619999999999962,99.414,100.0
1.963000000000001,99.5785,100.0
1.9639999999999986,99.6842,100.0
1.9649999999999963,99.8091,100.0
1.965999999999994,99.915,100.0
1.9669999999999987,99.8954,100.0
1.9679999999999964,99.9259,100.0
1.968999999999994,99.9599,100.0
1.9699999999999989,100.1367,100.0
1.9709999999999965,100.0427,100.0
1.9719999999999942,100.128,100.0
1.972999999999999,100.1476,100.0
1.9739999999999966,99.9883,100.0
1.9749999999999943,99.9767,100.0
1.975999999999999,99.4971,100.0
1.9769999999999968,99.3001,100.0
1.9779999999999944,99.2598,100.0
1.9789999999999992,99.4571,100.0
1.9799999999999969,99.6138,100.0
1.9809999999999945,99.4745,100.0
1.9819999999999993,99.6181,100.0
1.982999999999997,99.5839,100.0
1.9839999999999947,99.7256,100.0
1.9849999999999994,99.5904,100.0
1.985999999999997,99.7533,100.0
1.9869999999999948,99.9082,100.0
1.9879999999999995,100.0182,100.0
1.9889999999999972,99.9564,100.0
1.9899999999999949,99.6715,100.0
1.9909999999999997,99.7129,100.0
1.9919999999999973,99.4222,100.0
1.992999999999995,99.5112,100.0
1.9939999999999998,99.56,100.0
1.9949999999999974,99.8992,100.0
1.9959999999999951,99.7586,100.0
1.9969999999999999,99.646,100.0
1.9979999999999976,99.6341,100.0
1.9989999999999952,99.8265,100.0
2.0,99.9227,100.0
2.0009999999999977,99.7102,100.0
2.0019999999999953,99.7056,100.0
2.003,99.6805,100.0
2.003999999999998,99.7659,100.0
2.0049999999999955,99.8025,100.0
2.0060000000000002,99.9003,100.0
2.006999999999998,99.8386,100.0
2.0079999999999956,99.9107,100.0
2.0090000000000003,99.7856,100.0
2.009999999999998,99.7042,100.0
2.0109999999999957,99.8055,100.0
2.0120000000000005,99.675,100.0
2.012999999999998,99.8184,100.0
2.013999999999996,99.7679,100.0
2.0150000000000006,99.5606,100.0
2.0159999999999982,99.4106,100.0
2.016999999999996,99.2728,100.0
2.0180000000000007,99.4381,100.0
2.0189999999999984,99.5819,100.0
2.019999999999996,99.7393,100.0
2.021000000000001,99.6805,100.0
2.0219999999999985,99.8787,100.0
2.022999999999996,99.8324,100.0
2.024000000000001,99.8997,100.0
2.0249999999999986,99.7162,100.0
2.0259999999999962,99.6952,100.0
2.026999999999994,99.5467,100.0
2.0279999999999987,99.6344,100.0
2.0289999999999964,99.652,100.0
2.029999999999994,99.7907,100.0
2.030999999999999,99.6999,100.0
2.0319999999999965,99.6333,100.0
2.032999999999994,99.6036,100.0
2.033999999999999,99.6525,100.0
2.0349999999999966,99.6789,100.0
2.0359999999999943,99.8519,100.0
2.036999999999999,99.6505,100.0
2.0379999999999967,99.9822,100.0
2.0389999999999944,99.8578,100.0
2.039999999999999,99.9166,100.0
2.040999999999997,99.776,100.0
2.0419999999999945,99.5958,100.0
2.0429999999999993,99.5597,100.0
2.043999999999997,99.2682,100.0
2.0449999999999946,99.4493,100.0
2.0459999999999994,99.4177,100.0
2.046999999999997,99.8777,100.0
2.0479999999999947,99.7132,100.0
2.0489999999999995,99.7565,100.0
2.049999999999997,99.5393,100.0
2.050999999999995,99.6914,100.0
2.0519999999999996,99.8123,100.0
2.0529999999999973,100.1551,100.0
2.053999999999995,100.2497,100.0
2.0549999999999997,100.2489,100.0
2.0559999999999974,99.819,100.0
2.056999999999995,99.3691,100.0
2.058,99.1693,100.0
2.0589999999999975,99.3558,100.0
2.059999999999995,99.4719,100.0
2.061,99.5092,100.0
2.0619999999999976,99.3104,100.0
2.0629999999999953,99.5079,100.0
2.064,99.5482,100.0
2.0649999999999977,99.6326,100.0
2.0659999999999954,99.596,100.0
2.067,99.7833,100.0
2.067999999999998,99.774,100.0
2.0689999999999955,99.836,100.0
2.0700000000000003,99.9064,100.0
2.070999999999998,100.0307,100.0
2.0719999999999956,100.0292,100.0
2.0730000000000004,99.7626,100.0
2.073999999999998,99.7236,100.0
2.0749999999999957,99.7988,100.0
2.0760000000000005,99.8456,100.0
2.076999999999998,99.6793,100.0
2.077999999999996,99.6342,100.0
2.0790000000000006,99.6034,100.0
2.0799999999999983,99.5175,100.0
2.080999999999996,99.3209,100.0
2.0820000000000007,99.4611,100.0
2.0829999999999984,99.589,100.0
2.083999999999996,99.7403,100.0
2.085000000000001,99.784,100.0
2.0859999999999985,99.9985,100.0
2.086999999999996,100.1372,100.0
2.088000000000001,100.1795,100.0
2.0889999999999986,100.103,100.0
2.0899999999999963,99.9118,100.0
2.090999999999994,99.8259,100.0
2.0919999999999987,99.876,100.0
2.0929999999999964,99.8514,100.0
2.093999999999994,99.8291,100.0
2.094999999999999,99.6111,100.0
2.0959999999999965,99.3869,100.0
2.096999999999994,99.4984,100.0
2.097999999999999,99.286,100.0
2.0989999999999966,99.4093,100.0
2.0999999999999943,99.4841,100.0
2.100999999999999,99.7374,100.0
2.1019999999999968,100.0167,100.0
2.1029999999999944,100.1272,100.0
2.103999999999999,100.0036,100.0
2.104999999999997,99.9923,100.0
2.1059999999999945,99.8927,100.0
2.1069999999999993,99.8799,100.0
2.107999999999997,99.7114,100.0
2.1089999999999947,99.8759,100.0
2.1099999999999994,99.9165,100.0
2.110999999999997,99.8338,100.0
2.1119999999999948,99.5852,100.0
2.1129999999999995,99.4894,100.0
2.113999999999997,99.4882,100.0
2.114999999999995,99.5037,100.0
2.1159999999999997,99.6365,100.0
2.1169999999999973,99.8897,100.0
2.117999999999995,99.7332,100.0
2.1189999999999998,99.6837,100.0
2.1199999999999974,99.4272,100.0
2.120999999999995,99.5697,100.0
2.122,99.5149,100.0
2.1229999999999976,99.8141,100.0
2.1239999999999952,99.6633,100.0
2.125,99.58,100.0
2.1259999999999977,99.6207,100.0
2.1269999999999953,99.9009,100.0
2.128,100.0254,100.0
2.128999999999998,99.995,100.0
2.1299999999999955,99.8953,100.0
2.1310000000000002,99.9091,100.0
2.131999999999998,99.7151,100.0
2.1329999999999956,99.7913,100.0
2.1340000000000003,99.7024,100.0
2.134999999999998,99.7497,100.0
2.1359999999999957,99.597,100.0
2.1370000000000005,99.3282,100.0
2.137999999999998,99.3731,100.0
2.138999999999996,99.5137,100.0
2.1400000000000006,99.6657,100.0
2.1409999999999982,99.7609,100.0
2.141999999999996,99.6872,100.0
2.1430000000000007,99.9361,100.0
2.1439999999999984,99.9009,100.0
2.144999999999996,99.9225,100.0
2.146000000000001,99.7681,100.0
2.1469999999999985,99.6302,100.0
2.147999999999996,99.6994,100.0
2.149000000000001,99.7416,100.0
2.1499999999999986,99.6929,100.0
2.1509999999999962,99.7856,100.0
2.151999999999994,99.7124,100.0
2.1529999999999987,99.7191,100.0
2.1539999999999964,99.5434,100.0
2.154999999999994,99.5406,100.0
2.155999999999999,99.565,100.0
2.1569999999999965,99.7452,100.0
2.157999999999994,99.7899,100.0
2.158999999999999,99.8501,100.0
2.1599999999999966,99.8361,100.0
2.1609999999999943,99.824,100.0
2.161999999999999,99.7021,100.0
2.1629999999999967,99.6697,100.0
2.1639999999999944,99.5951,100.0
2.164999999999999,99.7674,100.0
2.165999999999997,100.0507,100.0
2.1669999999999945,99.8136,100.0
2.1679999999999993,99.8956,100.0
2.168999999999997,99.6686,100.0
2.1699999999999946,99.6649,100.0
2.1709999999999994,99.3533,100.0
2.171999999999997,99.3929,100.0
2.1729999999999947,99.3952,100.0
2.1739999999999995,99.6383,100.0
2.174999999999997,99.7854,100.0
2.175999999999995,99.7939,100.0
2.1769999999999996,99.8037,100.0
2.1779999999999973,99.6971,100.0
2.178999999999995,99.8417,100.0
2.1799999999999997,99.948,100.0
2.1809999999999974,100.0039,100.0
2.181999999999995,100.0424,100.0
2.183,100.0332,100.0
2.1839999999999975,99.8394,100.0
2.184999999999995,99.7579,100.0
2.186,99.5033,100.0
2.1869999999999976,99.4781,100.0
2.1879999999999953,99.4637,100.0
2.189,99.4791,100.0
2.1899999999999977,99.453,100.0
2.1909999999999954,99.6611,100.0
2.192,99.9008,100.0
2.192999999999998,99.9965,100.0
2.1939999999999955,99.9231,100.0
2.1950000000000003,99.7831,100.0
2.195999999999998,99.7151,100.0
2.1969999999999956,99.7597,100.0
2.1980000000000004,100.1202,100.0
2.198999999999998,99.9886,100.0
2.1999999999999957,100.0659,100.0
2.2010000000000005,99.9277,100.0
2.201999999999998,99.7973,100.0
2.202999999999996,99.548,100.0
2.2040000000000006,99.5082,100.0
2.2049999999999983,99.6115,100.0
2.205999999999996,99.5365,100.0
2.2070000000000007,99.5695,100.0
2.2079999999999984,99.6349,100.0
2.208999999999996,99.8996,100.0
2.210000000000001,99.8724,100.0
2.2109999999999985,100.0019,100.0
2.211999999999996,100.0227,100.0
2.213000000000001,99.9903,100.0
2.2139999999999986,99.8283,100.0
2.2149999999999963,100.2932,100.0
2.215999999999994,100.1737,100.0
2.2169999999999987,100.4468,100.0
2.2179999999999964,99.555,100.0
2.218999999999994,99.4054,100.0
2.219999999999999,99.463,100.0
2.2209999999999965,99.4527,100.0
2.221999999999994,99.7121,100.0
2.222999999999999,99.6948,100.0
2.2239999999999966,99.9462,100.0
2.2249999999999943,99.9943,100.0
2.225999999999999,100.1933,100.0
2.2269999999999968,100.0098,100.0
2.2279999999999944,100.0445,100.0
2.228999999999999,100.0964,100.0
2.229999999999997,100.3887,100.0
2.2309999999999945,100.3307,100.0
2.2319999999999993,100.3017,100.0
2.232999999999997,99.9295,100.0
2.2339999999999947,99.9228,100.0
2.2349999999999994,99.75,100.0
2.235999999999997,99.7994,100.0
2.2369999999999948,99.629,100.0
2.2379999999999995,99.4439,100.0
2.238999999999997,99.4792,100.0
2.239999999999995,99.5915,100.0
2.2409999999999997,99.8384,100.0
2.2419999999999973,99.7418,100.0
2.242999999999995,99.6797,100.0
2.2439999999999998,99.3577,100.0
2.2449999999999974,99.6441,100.0
2.245999999999995,99.7959,100.0
2.247,99.8245,100.0
2.2479999999999976,99.8822,100.0
2.2489999999999952,99.8277,100.0
2.25,99.8944,100.0
2.2509999999999977,99.8135,100.0
2.2519999999999953,99.7068,100.0
2.253,99.6137,100.0
2.253999999999998,99.7118,100.0
2.2549999999999955,99.8571,100.0
2.2560000000000002,99.8902,100.0
2.256999999999998,100.0125,100.0
2.2579999999999956,99.8673,100.0
2.2590000000000003,100.117,100.0
2.259999999999998,99.7744,100.0
2.2609999999999957,99.8325,100.0
2.2620000000000005,99.8913,100.0
2.262999999999998,99.8705,100.0
2.263999999999996,100.0599,100.0
2.2650000000000006,99.9161,100.0
2.2659999999999982,99.9302,100.0
2.266999999999996,99.6276,100.0
2.2680000000000007,99.5504,100.0
2.2689999999999984,99.311,100.0
2.269999999999996,99.4581,100.0
2.271000000000001,99.6657,100.0
2.2719999999999985,99.8175,100.0
2.272999999999996,99.7793,100.0
2.274000000000001,99.749,100.0
2.2749999999999986,99.6635,100.0
2.2759999999999962,99.6962,100.0
2.276999999999994,99.6002,100.0
2.2779999999999987,99.6308,100.0
2.2789999999999964,99.6237,100.0
2.279999999999994,99.806,100.0
2.280999999999999,99.8238,100.0
2.2819999999999965,99.7982,100.0
2.282999999999994,99.6608,100.0
2.283999999999999,99.7922,100.0
2.2849999999999966,99.8481,100.0
2.2859999999999943,99.9823,100.0
2.286999999999999,99.9431,100.0
2.2879999999999967,100.3443,100.0
2.2889999999999944,100.3088,100.0
2.289999999999999,100.2178,100.0
2.290999999999997,99.8427,100.0
2.2919999999999945,99.7936,100.0
2.2929999999999993,99.7936,100.0
2.293999999999997,99.728,100.0
2.2949999999999946,99.7895,100.0
2.2959999999999994,99.6906,100.0
2.296999999999997,99.9534,100.0
2.2979999999999947,100.1085,100.0
2.2989999999999995,100.0825,100.0
2.299999999999997,99.9486,100.0
2.300999999999995,99.7932,100.0
2.3019999999999996,99.8782,100.0
2.3029999999999973,99.7689,100.0
2.303999999999995,99.8974,100.0
2.3049999999999997,99.9193,100.0
2.3059999999999974,100.0894,100.0
2.306999999999995,99.8876,100.0
2.308,99.6215,100.0
2.3089999999999975,99.3817,100.0
2.309999999999995,99.5073,100.0
2.311,99.7604,100.0
2.3119999999999976,99.7564,100.0
2.3129999999999953,99.8807,100.0
2.314,99.9278,100.0
2.3149999999999977,100.0263,100.0
2.3159999999999954,99.7567,100.0
2.317,99.5809,100.0
2.317999999999998,99.5563,100.0
2.3189999999999955,99.846,100.0
2.3200000000000003,100.3211,100.0
2.320999999999998,100.3279,100.0
2.3219999999999956,100.2006,100.0
2.3230000000000004,99.9022,100.0
2.323999999999998,99.7655,100.0
2.3249999999999957,99.7162,100.0
2.3260000000000005,99.8058,100.0
2.326999999999998,99.9768,100.0
2.327999999999996,99.8995,100.0
2.3290000000000006,99.7922,100.0
2.3299999999999983,99.4888,100.0
2.330999999999996,99.334,100.0
2.3320000000000007,99.299,100.0
2.3329999999999984,99.4865,100.0
2.333999999999996,99.5047,100.0
2.335000000000001,99.7272,100.0
2.3359999999999985,100.1295,100.0
2.336999999999996,100.4262,100.0
2.338000000000001,100.1237,100.0
2.3389999999999986,99.9841,100.0
2.3399999999999963,99.8402,100.0
2.340999999999994,99.9824,100.0
2.3419999999999987,100.0638,100.0
2.3429999999999964,100.312,100.0
2.343999999999994,100.2234,100.0
2.344999999999999,100.0697,100.0
2.3459999999999965,99.8514,100.0
2.346999999999994,99.6446,100.0
2.347999999999999,99.5054,100.0
2.3489999999999966,99.592,100.0
2.3499999999999943,99.633,100.0
2.350999999999999,99.6503,100.0
2.3519999999999968,99.4315,100.0
2.3529999999999944,99.5931,100.0
2.353999999999999,99.7805,100.0
2.354999999999997,99.8714,100.0
2.3559999999999945,99.7612,100.0
2.3569999999999993,99.7828,100.0
2.357999999999997,99.7816,100.0
2.3589999999999947,100.0778,100.0
2.3599999999999994,100.2132,100.0
2.360999999999997,100.0127,100.0
2.3619999999999948,100.0493,100.0
2.3629999999999995,99.7957,100.0
2.363999999999997,99.7271,100.0
2.364999999999995,99.7074,100.0
2.3659999999999997,99.6103,100.0
2.3669999999999973,99.8456,100.0
2.367999999999995,99.6926,100.0
2.3689999999999998,99.8028,100.0
2.3699999999999974,99.6388,100.0
2.370999999999995,99.7536,100.0
2.372,99.8664,100.0
2.3729999999999976,99.7881,100.0
2.3739999999999952,99.9483,100.0
2.375,100.153,100.0
2.3759999999999977,100.0375,100.0
2.3769999999999953,100.0682,100.0
2.378,100.1572,100.0
2.378999999999998,100.1184,100.0
2.3799999999999955,99.938,100.0
2.3810000000000002,99.7119,100.0
2.381999999999998,99.7365,100.0
2.3829999999999956,99.6039,100.0
2.3840000000000003,99.7181,100.0
2.384999999999998,99.6666,100.0
2.3859999999999957,99.8573,100.0
2.3870000000000005,99.7738,100.0
2.387999999999998,99.7178,100.0
2.388999999999996,99.6228,100.0
2.3900000000000006,99.6732,100.0
2.3909999999999982,99.7853,100.0
2.391999999999996,100.067,100.0
2.3930000000000007,100.0602,100.0
2.3939999999999984,100.0717,100.0
2.394999999999996,99.9065,100.0
2.396000000000001,99.8802,100.0
2.3969999999999985,99.6329,100.0
2.397999999999996,99.5131,100.0
2.399000000000001,99.6295,100.0
2.3999999999999986,99.6137,100.0
2.4009999999999962,99.6052,100.0
2.401999999999994,99.3451,100.0
2.4029999999999987,99.4235,100.0
2.4039999999999964,99.4305,100.0
2.404999999999994,99.711,100.0
2.405999999999999,100.1082,100.0
2.4069999999999965,100.2116,100.0
2.407999999999994,100.374,100.0
2.408999999999999,100.1297,100.0
2.4099999999999966,100.1992,100.0
2.4109999999999943,99.9492,100.0
2.411999999999999,99.875,100.0
2.4129999999999967,99.5657,100.0
2.4139999999999944,99.4941,100.0
2.414999999999999,99.3683,100.0
2.415999999999997,99.5046,100.0
2.4169999999999945,99.5493,100.0
2.4179999999999993,99.7072,100.0
2.418999999999997,99.7002,100.0
2.4199999999999946,99.8265,100.0
2.4209999999999994,99.9553,100.0
2.421999999999997,100.203,100.0
2.4229999999999947,100.2083,100.0
2.4239999999999995,100.4034,100.0
2.424999999999997,100.4851,100.0
2.425999999999995,100.2766,100.0
2.4269999999999996,100.0656,100.0
2.4279999999999973,99.8903,100.0
2.428999999999995,99.7092,100.0
2.4299999999999997,99.5978,100.0
2.4309999999999974,99.2346,100.0
2.431999999999995,99.2545,100.0
2.433,99.2661,100.0
2.4339999999999975,99.4787,100.0
2.434999999999995,99.6347,100.0
2.436,99.7321,100.0
2.4369999999999976,99.7656,100.0
2.4379999999999953,99.724,100.0
2.439,99.8598,100.0
2.4399999999999977,100.0223,100.0
2.4409999999999954,100.098,100.0
2.442,100.1598,100.0
2.442999999999998,100.2862,100.0
2.4439999999999955,100.1849,100.0
2.4450000000000003,100.0033,100.0
2.445999999999998,99.6299,100.0
2.4469999999999956,99.596,100.0
2.4480000000000004,99.4255,100.0
2.448999999999998,99.3611,100.0
2.4499999999999957,99.6347,100.0
2.4510000000000005,99.8318,100.0
2.451999999999998,100.0113,100.0
2.452999999999996,99.8608,100.0
2.4540000000000006,99.8444,100.0
2.4549999999999983,99.8549,100.0
2.455999999999996,99.9311,100.0
2.4570000000000007,99.8931,100.0
2.4579999999999984,99.8742,100.0
2.458999999999996,99.7077,100.0
2.460000000000001,99.6543,100.0
2.4609999999999985,99.4945,100.0
2.461999999999996,99.4653,100.0
2.463000000000001,99.4338,100.0
2.4639999999999986,99.4909,100.0
2.4649999999999963,99.8586,100.0
2.465999999999994,99.9858,100.0
2.4669999999999987,100.1789,100.0
2.4679999999999964,100.1676,100.0
2.468999999999994,100.0283,100.0
2.469999999999999,99.6506,100.0
2.4709999999999965,99.5737,100.0
2.471999999999994,99.8232,100.0
2.472999999999999,99.9143,100.0
2.4739999999999966,100.017,100.0
2.4749999999999943,99.7001,100.0
2.475999999999999,99.5918,100.0
2.4769999999999968,99.4397,100.0
2.4779999999999944,99.4824,100.0
2.478999999999999,99.4609,100.0
2.479999999999997,99.5321,100.0
2.4809999999999945,99.7218,100.0
2.4819999999999993,99.8025,100.0
2.482999999999997,99.9181,100.0
2.4839999999999947,99.5991,100.0
2.4849999999999994,99.4808,100.0
2.485999999999997,99.1932,100.0
2.4869999999999948,99.3729,100.0
2.4879999999999995,99.4837,100.0
2.488999999999997,99.7753,100.0
2.489999999999995,100.0746,100.0
2.4909999999999997,100.1143,100.0
2.4919999999999973,100.1539,100.0
2.492999999999995,99.9703,100.0
2.4939999999999998,99.8238,100.0
2.4949999999999974,99.7242,100.0
2.495999999999995,99.8305,100.0
2.497,99.8509,100.0
2.4979999999999976,99.8127,100.0
2.4989999999999952,99.7299,100.0
2.5,99.6611,100.0
2.5009999999999977,99.4194,100.0
2.5019999999999953,99.4997,100.0
2.503,99.7716,100.0
2.503999999999998,100.132,100.0
2.5049999999999955,100.0701,100.0
2.5060000000000002,99.7885,100.0
2.506999999999998,99.7687,100.0
2.5079999999999956,99.5279,100.0
2.5090000000000003,99.5657,100.0
2.509999999999998,99.4492,100.0
2.5109999999999957,99.6843,100.0
2.5120000000000005,99.6151,100.0
2.512999999999998,99.5847,100.0
2.513999999999996,99.7435,100.0
2.5150000000000006,99.8069,100.0
2.5159999999999982,99.932,100.0
2.516999999999996,99.915,100.0
2.5180000000000007,100.054,100.0
2.5189999999999984,99.9978,100.0
2.519999999999996,99.9108,100.0
2.521000000000001,99.9934,100.0
2.5219999999999985,99.6985,100.0
2.522999999999996,99.7342,100.0
2.524000000000001,99.6836,100.0
2.5249999999999986,99.6283,100.0
2.5259999999999962,99.4443,100.0
2.526999999999994,99.3567,100.0
2.5279999999999987,99.3906,100.0
2.5289999999999964,99.63,100.0
2.529999999999994,99.845,100.0
2.530999999999999,100.1039,100.0
2.5319999999999965,100.0107,100.0
2.532999999999994,99.8144,100.0
2.533999999999999,99.6691,100.0
2.5349999999999966,99.788,100.0
2.5359999999999943,99.8954,100.0
2.536999999999999,100.1067,100.0
2.5379999999999967,99.9704,100.0
2.5389999999999944,100.0641,100.0
2.539999999999999,99.9664,100.0
2.540999999999997,99.8132,100.0
2.5419999999999945,99.418,100.0
2.5429999999999993,99.3951,100.0
2.543999999999997,99.5587,100.0
2.5449999999999946,99.6413,100.0
2.5459999999999994,99.5203,100.0
2.546999999999997,99.5191,100.0
2.5479999999999947,99.7367,100.0
2.5489999999999995,99.6736,100.0
2.549999999999997,99.7276,100.0
2.550999999999995,99.4907,100.0
2.5519999999999996,99.7387,100.0
2.5529999999999973,99.8178,100.0
2.553999999999995,100.0223,100.0
2.5549999999999997,99.9832,100.0
2.5559999999999974,99.8719,100.0
2.556999999999995,99.7574,100.0
2.558,99.4467,100.0
2.5589999999999975,99.502,100.0
2.559999999999995,99.4109,100.0
2.561,99.8903,100.0
2.5619999999999976,99.9933,100.0
2.5629999999999953,100.1981,100.0
2.564,100.1444,100.0
2.5649999999999977,99.9807,100.0
2.5659999999999954,100.0504,100.0
2.567,99.9424,100.0
2.567999999999998,100.0397,100.0
2.5689999999999955,100.0492,100.0
2.5700000000000003,99.972,100.0
2.570999999999998,100.0688,100.0
2.5719999999999956,99.7412,100.0
2.5730000000000004,99.688,100.0
2.573999999999998,99.2363,100.0
2.5749999999999957,99.313,100.0
2.5760000000000005,99.1411,100.0
2.576999999999998,99.5176,100.0
2.577999999999996,99.5209,100.0
2.5790000000000006,99.6601,100.0
2.5799999999999983,99.5387,100.0
2.580999999999996,99.6444,100.0
2.5820000000000007,99.6534,100.0
2.5829999999999984,99.8596,100.0
2.583999999999996,100.0519,100.0
2.585000000000001,100.2863,100.0
2.5859999999999985,100.3261,100.0
2.586999999999996,100.187,100.0
2.588000000000001,99.9953,100.0
2.5889999999999986,99.8587,100.0
2.5899999999999963,99.6112,100.0
2.590999999999994,99.5505,100.0
2.5919999999999987,99.3358,100.0
2.5929999999999964,99.4519,100.0
2.593999999999994,99.6865,100.0
2.594999999999999,99.9461,100.0
2.5959999999999965,100.027,100.0
2.596999999999994,99.7703,100.0
2.597999999999999,99.8767,100.0
2.5989999999999966,99.9402,100.0
2.5999999999999943,100.2391,100.0
2.600999999999999,100.1013,100.0
2.6019999999999968,100.253,100.0
2.6029999999999944,99.9324,100.0
2.603999999999999,99.901,100.0
2.604999999999997,99.9277,100.0
2.6059999999999945,99.8269,100.0
2.6069999999999993,99.7442,100.0
2.607999999999997,99.4843,100.0
2.6089999999999947,99.6653,100.0
2.6099999999999994,99.5776,100.0
2.610999999999997,99.8639,100.0
2.6119999999999948,99.6912,100.0
2.6129999999999995,99.8302,100.0
2.613999999999997,99.679,100.0
2.614999999999995,99.806,100.0
2.6159999999999997,99.6631,100.0
2.6169999999999973,99.5088,100.0
2.617999999999995,99.5719,100.0
2.6189999999999998,99.5001,100.0
2.6199999999999974,99.614,100.0
2.620999999999995,99.5196,100.0
2.622,99.2738,100.0
2.6229999999999976,99.2957,100.0
2.6239999999999952,99.6138,100.0
2.625,99.9502,100.0
2.6259999999999977,100.0168,100.0
2.6269999999999953,100.0322,100.0
2.628,100.0988,100.0
2.628999999999998,99.8521,100.0
2.6299999999999955,99.8021,100.0
2.6310000000000002,99.5649,100.0
2.631999999999998,99.841,100.0
2.6329999999999956,99.7285,100.0
2.6340000000000003,99.849,100.0
2.634999999999998,100.0201,100.0
2.6359999999999957,99.823,100.0
2.6370000000000005,99.7634,100.0
2.637999999999998,99.7523,100.0
2.638999999999996,99.9809,100.0
2.6400000000000006,100.1319,100.0
2.6409999999999982,100.1282,100.0
2.641999999999996,99.9742,100.0
2.6430000000000007,99.9516,100.0
2.6439999999999984,99.8568,100.0
2.644999999999996,99.537,100.0
2.646000000000001,99.4029,100.0
2.6469999999999985,99.125,100.0
2.647999999999996,99.4937,100.0
2.649000000000001,99.6263,100.0
2.6499999999999986,99.8414,100.0
2.6509999999999962,99.7221,100.0
2.651999999999994,99.5893,100.0
2.6529999999999987,99.6624,100.0
2.6539999999999964,99.9688,100.0
2.654999999999994,100.0112,100.0
2.655999999999999,100.0585,100.0
2.6569999999999965,99.8769,100.0
2.657999999999994,99.8882,100.0
2.658999999999999,99.8137,100.0
2.6599999999999966,99.6962,100.0
2.6609999999999943,99.7441,100.0
2.661999999999999,99.5357,100.0
2.6629999999999967,99.541,100.0
2.6639999999999944,99.5977,100.0
2.664999999999999,99.7469,100.0
2.665999999999997,100.0482,100.0
2.6669999999999945,100.0775,100.0
2.6679999999999993,100.1438,100.0
2.668999999999997,100.1922,100.0
2.6699999999999946,100.2075,100.0
2.6709999999999994,100.1135,100.0
2.671999999999997,99.9758,100.0
2.6729999999999947,99.954,100.0
2.6739999999999995,99.7546,100.0
2.674999999999997,99.5821,100.0
2.675999999999995,99.688,100.0
2.6769999999999996,99.6865,100.0
2.6779999999999973,99.7469,100.0
2.678999999999995,99.5266,100.0
2.6799999999999997,99.7303,100.0
2.6809999999999974,99.7934,100.0
2.681999999999995,100.0105,100.0
2.683,100.005,100.0
2.6839999999999975,99.8632,100.0
2.684999999999995,99.9022,100.0
2.686,99.9097,100.0
2.6869999999999976,99.8163,100.0
2.6879999999999953,99.6521,100.0
2.689,99.5021,100.0
2.6899999999999977,99.59,100.0
2.6909999999999954,99.9128,100.0
2.692,100.1146,100.0
2.692999999999998,99.9505,100.0
2.6939999999999955,100.0037,100.0
2.6950000000000003,99.9886,100.0
2.695999999999998,100.0571,100.0
2.6969999999999956,99.5494,100.0
2.6980000000000004,99.5936,100.0
2.698999999999998,99.8351,100.0
2.6999999999999957,100.0563,100.0
2.7010000000000005,100.2233,100.0
2.701999999999998,99.9575,100.0
2.702999999999996,99.5928,100.0
2.7040000000000006,99.4693,100.0
2.7049999999999983,99.5326,100.0
2.705999999999996,99.7528,100.0
2.7070000000000007,99.8656,100.0
2.7079999999999984,99.8215,100.0
2.708999999999996,99.6665,100.0
2.710000000000001,99.4281,100.0
2.7109999999999985,99.4319,100.0
2.711999999999996,99.6241,100.0
2.713000000000001,99.7521,100.0
2.7139999999999986,99.8648,100.0
2.7149999999999963,99.4583,100.0
2.715999999999994,99.6163,100.0
2.7169999999999987,99.7483,100.0
2.7179999999999964,100.2104,100.0
2.718999999999994,99.983,100.0
2.719999999999999,99.7861,100.0
2.7209999999999965,99.9008,100.0
2.721999999999994,99.8921,100.0
2.722999999999999,99.9903,100.0
2.7239999999999966,99.7097,100.0
2.7249999999999943,99.8884,100.0
2.725999999999999,99.5849,100.0
2.7269999999999968,99.689,100.0
2.7279999999999944,99.6207,100.0
2.728999999999999,99.8586,100.0
2.729999999999997,99.9209,100.0
2.7309999999999945,100.0737,100.0
2.7319999999999993,99.9579,100.0
2.732999999999997,100.0579,100.0
2.7339999999999947,100.0812,100.0
2.7349999999999994,99.6835,100.0
2.735999999999997,99.5898,100.0
2.7369999999999948,99.4848,100.0
2.7379999999999995,99.6784,100.0
2.738999999999997,99.7023,100.0
2.739999999999995,99.7366,100.0
2.7409999999999997,99.7439,100.0
2.7419999999999973,99.686,100.0
2.742999999999995,99.7257,100.0
2.7439999999999998,99.6917,100.0
2.7449999999999974,99.656,100.0
2.745999999999995,99.9859,100.0
2.747,100.2149,100.0
2.7479999999999976,100.3617,100.0
2.7489999999999952,100.4154,100.0
2.75,100.1487,100.0
2.7509999999999977,100.0192,100.0
2.7519999999999953,99.7348,100.0
2.753,99.6916,100.0
2.753999999999998,99.5555,100.0
2.7549999999999955,99.7396,100.0
2.7560000000000002,99.8282,100.0
2.756999999999998,99.8022,100.0
2.7579999999999956,99.7484,100.0
2.7590000000000003,99.5275,100.0
2.759999999999998,99.5853,100.0
2.7609999999999957,99.5661,100.0
2.7620000000000005,99.7583,100.0
2.762999999999998,99.948,100.0
2.763999999999996,100.0707,100.0
2.7650000000000006,99.9253,100.0
2.7659999999999982,99.7512,100.0
2.766999999999996,99.5526,100.0
2.7680000000000007,99.6034,100.0
2.7689999999999984,99.7387,100.0
2.769999999999996,99.7662,100.0
2.771000000000001,99.7196,100.0
2.7719999999999985,99.7592,100.0
2.772999999999996,99.9696,100.0
2.774000000000001,100.0444,100.0
2.7749999999999986,99.7917,100.0
2.7759999999999962,99.8109,100.0
2.776999999999994,99.6406,100.0
2.7779999999999987,99.8376,100.0
2.7789999999999964,99.9902,100.0
2.779999999999994,100.1122,100.0
2.780999999999999,100.1295,100.0
2.7819999999999965,100.0473,100.0
2.782999999999994,100.0095,100.0
2.783999999999999,99.8673,100.0
2.7849999999999966,99.9723,100.0
2.7859999999999943,99.7954,100.0
2.786999999999999,99.9233,100.0
2.7879999999999967,99.8603,100.0
2.7889999999999944,99.8845,100.0
2.789999999999999,99.9456,100.0
2.790999999999997,99.8984,100.0
2.7919999999999945,99.9798,100.0
2.7929999999999993,99.8901,100.0
2.793999999999997,99.7755,100.0
2.7949999999999946,99.8924,100.0
2.7959999999999994,99.6997,100.0
2.796999999999997,99.8774,100.0
2.7979999999999947,99.8526,100.0
2.7989999999999995,99.711,100.0
2.799999999999997,99.7608,100.0
2.800999999999995,99.8136,100.0
2.8019999999999996,100.1124,100.0
2.8029999999999973,99.9891,100.0
2.803999999999995,99.9348,100.0
2.8049999999999997,99.7938,100.0
2.8059999999999974,99.816,100.0
2.806999999999995,99.8889,100.0
2.808,99.6636,100.0
2.8089999999999975,99.7282,100.0
2.809999999999995,99.7574,100.0
2.811,99.939,100.0
2.8119999999999976,99.7143,100.0
2.8129999999999953,99.6801,100.0
2.814,99.6426,100.0
2.8149999999999977,99.7858,100.0
2.8159999999999954,99.6854,100.0
2.817,99.58,100.0
2.817999999999998,99.6787,100.0
2.8189999999999955,99.9406,100.0
2.8200000000000003,100.1863,100.0
2.820999999999998,100.1414,100.0
2.8219999999999956,100.0319,100.0
2.8230000000000004,100.0304,100.0
2.823999999999998,99.9455,100.0
2.8249999999999957,99.9481,100.0
2.8260000000000005,99.8186,100.0
2.826999999999998,99.7223,100.0
2.827999999999996,99.914,100.0
2.8290000000000006,99.8868,100.0
2.8299999999999983,99.8724,100.0
2.830999999999996,99.7936,100.0
2.8320000000000007,99.8275,100.0
2.8329999999999984,99.555,100.0
2.833999999999996,99.6307,100.0
2.835000000000001,99.6587,100.0
2.8359999999999985,99.8702,100.0
2.836999999999996,99.8323,100.0
2.838000000000001,99.7954,100.0
2.8389999999999986,99.7545,100.0
2.8399999999999963,99.7548,100.0
2.840999999999994,99.78,100.0
2.8419999999999987,99.8777,100.0
2.8429999999999964,100.0685,100.0
2.843999999999994,100.0806,100.0
2.844999999999999,100.1438,100.0
2.8459999999999965,100.0356,100.0
2.846999999999994,100.0883,100.0
2.847999999999999,99.8474,100.0
2.8489999999999966,99.543,100.0
2.8499999999999943,99.4995,100.0
2.850999999999999,99.5991,100.0
2.8519999999999968,99.7607,100.0
2.8529999999999944,99.8553,100.0
2.853999999999999,99.9324,100.0
2.854999999999997,100.0901,100.0
2.8559999999999945,99.9112,100.0
2.8569999999999993,99.9468,100.0
2.857999999999997,99.9411,100.0
2.8589999999999947,100.1616,100.0
2.8599999999999994,100.2654,100.0
2.860999999999997,100.5187,100.0
2.8619999999999948,100.5241,100.0
2.8629999999999995,100.5205,100.0
2.863999999999997,100.0845,100.0
2.864999999999995,99.7313,100.0
2.8659999999999997,99.6207,100.0
2.8669999999999973,99.6549,100.0
2.867999999999995,99.6843,100.0
2.8689999999999998,99.6642,100.0
2.8699999999999974,99.5987,100.0
2.870999999999995,99.6493,100.0
2.872,99.5757,100.0
2.8729999999999976,99.7891,100.0
2.8739999999999952,99.8595,100.0
2.875,100.1581,100.0
2.8759999999999977,100.1981,100.0
2.8769999999999953,100.2032,100.0
2.878,100.1987,100.0
2.878999999999998,100.1907,100.0
2.8799999999999955,100.078,100.0
2.8810000000000002,99.7677,100.0
2.881999999999998,99.6687,100.0
2.8829999999999956,99.7046,100.0
2.8840000000000003,99.8595,100.0
2.884999999999998,99.8552,100.0
2.8859999999999957,99.8883,100.0
2.8870000000000005,99.9557,100.0
2.887999999999998,99.9782,100.0
2.888999999999996,99.9268,100.0
2.8900000000000006,100.0742,100.0
2.8909999999999982,99.8833,100.0
2.891999999999996,100.0776,100.0
2.8930000000000007,100.0495,100.0
2.8939999999999984,100.1093,100.0
2.894999999999996,100.1195,100.0
2.896000000000001,99.8214,100.0
2.8969999999999985,99.6448,100.0
2.897999999999996,99.4934,100.0
2.899000000000001,99.3703,100.0
2.8999999999999986,99.3539,100.0
2.9009999999999962,99.4681,100.0
2.901999999999994,99.5763,100.0
2.9029999999999987,99.7982,100.0
2.9039999999999964,99.7242,100.0
2.904999999999994,99.922,100.0
2.905999999999999,99.9922,100.0
2.9069999999999965,100.2916,100.0
2.907999999999994,100.3957,100.0
2.908999999999999,100.4689,100.0
2.9099999999999966,100.2455,100.0
2.9109999999999943,100.2376,100.0
2.911999999999999,100.0765,100.0
2.9129999999999967,100.1202,100.0
2.9139999999999944,99.8866,100.0
2.914999999999999,100.0048,100.0
2.915999999999997,99.8203,100.0
2.9169999999999945,99.8897,100.0
2.9179999999999993,99.7688,100.0
2.918999999999997,99.8439,100.0
2.9199999999999946,99.8626,100.0
2.9209999999999994,99.7911,100.0
2.921999999999997,99.7938,100.0
2.9229999999999947,99.743,100.0
2.9239999999999995,99.8391,100.0
2.924999999999997,99.8692,100.0
2.925999999999995,99.8332,100.0
2.9269999999999996,99.529,100.0
2.9279999999999973,99.7534,100.0
2.928999999999995,99.7682,100.0
2.9299999999999997,99.9519,100.0
2.9309999999999974,99.9058,100.0
2.931999999999995,99.8745,100.0
2.933,99.7994,100.0
2.9339999999999975,99.9149,100.0
2.934999999999995,100.0528,100.0
2.936,100.1629,100.0
2.9369999999999976,99.7916,100.0
2.9379999999999953,99.5935,100.0
2.939,99.5011,100.0
2.9399999999999977,99.6714,100.0
2.9409999999999954,100.0117,100.0
2.942,99.9701,100.0
2.942999999999998,99.885,100.0
2.9439999999999955,99.6977,100.0
2.9450000000000003,99.6559,100.0
2.945999999999998,99.68,100.0
2.9469999999999956,99.8143,100.0
2.9480000000000004,99.6654,100.0
2.948999999999998,99.6909,100.0
2.9499999999999957,99.7583,100.0
2.9510000000000005,100.0066,100.0
2.951999999999998,99.9354,100.0
2.952999999999996,99.7828,100.0
2.9540000000000006,99.5366,100.0
2.9549999999999983,99.6905,100.0
2.955999999999996,99.7701,100.0
2.9570000000000007,99.9206,100.0
2.9579999999999984,99.9796,100.0
2.958999999999996,100.1641,100.0
2.960000000000001,100.1372,100.0
2.9609999999999985,99.822,100.0
2.961999999999996,99.6079,100.0
2.963000000000001,99.6024,100.0
2.9639999999999986,99.6658,100.0
2.9649999999999963,99.7801,100.0
2.965999999999994,99.6803,100.0
2.9669999999999987,99.8142,100.0
2.9679999999999964,99.7661,100.0
2.968999999999994,99.7122,100.0
2.969999999999999,99.8451,100.0
2.9709999999999965,99.8054,100.0
2.971999999999994,100.0057,100.0
2.972999999999999,100.0495,100.0
2.9739999999999966,100.0777,100.0
2.9749999999999943,100.1261,100.0
2.975999999999999,100.1204,100.0
2.9769999999999968,99.89,100.0
2.9779999999999944,99.701,100.0
2.978999999999999,99.892,100.0
2.979999999999997,99.9088,100.0
2.9809999999999945,100.0276,100.0
2.9819999999999993,100.0882,100.0
2.982999999999997,100.2065,100.0
2.9839999999999947,100.2328,100.0
2.9849999999999994,100.0908,100.0
2.985999999999997,99.9496,100.0
2.9869999999999948,99.6221,100.0
2.9879999999999995,99.7009,100.0
2.988999999999997,100.0173,100.0
2.989999999999995,100.2021,100.0
2.9909999999999997,100.1388,100.0
2.9919999999999973,99.8675,100.0
2.992999999999995,99.8243,100.0
2.9939999999999998,99.723,100.0
2.9949999999999974,99.841,100.0
2.995999999999995,99.78,100.0
2.997,99.8092,100.0
2.9979999999999976,99.7692,100.0
2.9989999999999952,99.8801,100.0
3.0,99.9532,100.0
3.0009999999999977,100.0269,103.06
3.0019999999999953,99.7751,106.12
3.003,99.5318,109.18
3.003999999999998,99.3554,112.22
3.0049999999999955,99.4234,115.25
3.0060000000000002,99.6435,118.27
3.006999999999998,100.0798,121.27
3.0079999999999956,100.6773,124.25
3.0090000000000003,101.5628,127.2
3.009999999999998,103.0738,130.13
3.0109999999999957,104.6034,133.03
3.0120000000000005,106.2924,135.89
3.012999999999998,107.7313,138.72
3.013999999999996,109.8739,141.51
3.0150000000000006,111.9019,144.26
3.0159999999999982,114.206,146.97
3.016999999999996,115.9888,149.63
3.0180000000000007,118.0778,152.24
3.0189999999999984,119.8744,154.8
3.019999999999996,121.8424,157.31
3.021000000000001,123.3818,159.76
3.0219999999999985,124.3862,162.15
3.022999999999996,125.5989,164.48
3.024000000000001,127.2175,166.74
3.0249999999999986,128.5495,168.94
3.0259999999999962,130.1131,171.07
3.026999999999994,131.1283,173.13
3.0279999999999987,131.9332,175.12
3.0289999999999964,132.8776,177.04
3.029999999999994,133.9273,178.88
3.030999999999999,135.2118,180.64
3.0319999999999965,136.0317,182.32
3.032999999999994,136.6339,183.92
3.033999999999999,137.1635,185.44
3.0349999999999966,137.9419,186.87
3.0359999999999943,138.4187,188.22
3.036999999999999,139.5462,189.48
3.0379999999999967,139.9447,190.65
3.0389999999999944,140.894,191.74
3.039999999999999,142.5622,192.73
3.040999999999997,142.9589,193.63
3.0419999999999945,143.0259,194.44
3.0429999999999993,137.856,195.15
3.043999999999997,122.8485,195.77
3.0449999999999946,113.9946,196.3
3.0459999999999994,107.2233,196.73
3.046999999999997,117.1136,197.07
3.0479999999999947,119.4735,197.31
3.0489999999999995,128.9369,197.45
3.049999999999997,131.4707,197.5
3.050999999999995,139.1111,197.45
3.0519999999999996,140.8098,197.31
3.0529999999999973,146.0504,197.07
3.053999999999995,147.1637,196.73
3.0549999999999997,148.0992,196.3
3.0559999999999974,150.1303,195.77
3.056999999999995,151.1954,195.15
3.058,152.8616,194.44
3.0589999999999975,153.5519,193.63
3.059999999999995,153.7522,192.73
3.061,153.5618,191.74
3.0619999999999976,153.5039,190.65
3.0629999999999953,153.0934,189.48
3.064,154.0434,188.22
3.0649999999999977,154.2113,186.87
3.0659999999999954,154.9903,185.44
3.067,154.628,183.92
3.067999999999998,154.9434,182.32
3.0689999999999955,154.456,180.64
3.0700000000000003,154.3448,178.88
3.070999999999998,154.4762,177.04
3.0719999999999956,154.2227,175.12
3.0730000000000004,154.9714,173.13
3.073999999999998,155.2542,171.07
3.0749999999999957,155.6595,168.94
3.0760000000000005,155.0441,166.74
3.076999999999998,154.5821,164.48
3.077999999999996,153.2927,162.15
3.0790000000000006,152.7795,159.76
3.0799999999999983,151.9214,157.31
3.080999999999996,151.9059,154.8
3.0820000000000007,151.2531,152.24
3.0829999999999984,150.6497,149.63
3.083999999999996,149.2792,146.97
3.085000000000001,147.7069,144.26
3.0859999999999985,146.9589,141.51
3.086999999999996,145.181,138.72
3.088000000000001,143.533,135.89
3.0889999999999986,141.9848,133.03
3.0899999999999963,140.4344,130.13
3.090999999999994,138.6674,127.2
3.0919999999999987,136.4924,124.25
3.0929999999999964,133.9877,121.27
3.093999999999994,131.4886,118.27
3.094999999999999,129.1554,115.25
3.0959999999999965,127.0025,112.22
3.096999999999994,125.0193,109.18
3.097999999999999,122.9124,106.12
3.0989999999999966,120.8996,103.06
3.0999999999999943,118.453,100.0
3.100999999999999,115.8824,96.94
3.1019999999999968,114.7253,93.88
3.1029999999999944,111.3518,90.82
3.103999999999999,108.5932,87.78
3.104999999999997,105.2589,84.75
3.1059999999999945,102.7067,81.73
3.1069999999999993,99.0534,78.73
3.107999999999997,96.3279,75.75
3.1089999999999947,92.8518,72.8
3.1099999999999994,90.0452,69.87
3.110999999999997,86.7408,66.97
3.1119999999999948,84.1795,64.11
3.1129999999999995,81.5542,61.28
3.113999999999997,79.4177,58.49
3.114999999999995,76.94,55.74
3.1159999999999997,74.7488,53.03
3.1169999999999973,72.8613,50.37
3.117999999999995,71.0401,47.76
3.1189999999999998,70.2741,45.2
3.1199999999999974,68.3714,42.69
3.120999999999995,66.113,40.24
3.122,63.913,37.85
3.1229999999999976,61.5067,35.52
3.1239999999999952,59.067,33.26
3.125,56.5486,31.06
3.1259999999999977,54.0578,28.92
3.1269999999999953,51.4246,26.86
3.128,48.9984,24.87
3.128999999999998,46.5485,22.96
3.1299999999999955,44.4718,21.12
3.1310000000000002,42.3109,19.36
3.131999999999998,40.1682,17.68
3.1329999999999956,38.2386,16.08
3.1340000000000003,36.4414,14.56
3.134999999999998,35.6968,13.13
3.1359999999999957,34.2944,11.78
3.1370000000000005,32.5998,10.52
3.137999999999998,31.3328,9.35
3.138999999999996,29.6939,8.26
3.1400000000000006,28.3551,7.27
3.1409999999999982,26.8759,6.37
3.141999999999996,25.5161,5.56
3.1430000000000007,24.1914,4.85
3.1439999999999984,23.0579,4.23
3.144999999999996,21.9341,3.7
3.146000000000001,21.0821,3.27
3.1469999999999985,19.9496,2.93
3.147999999999996,19.1428,2.69
3.149000000000001,18.2792,2.55
3.1499999999999986,17.8844,2.5
3.1509999999999962,17.6563,2.55
3.151999999999994,17.0849,2.69
3.1529999999999987,16.3104,2.93
3.1539999999999964,15.678,3.27
3.154999999999994,15.003,3.7
3.155999999999999,14.3413,4.23
3.1569999999999965,13.8325,4.85
3.157999999999994,13.2733,5.56
3.158999999999999,12.877,6.37
3.1599999999999966,12.4624,7.27
3.1609999999999943,12.3045,8.26
3.161999999999999,12.1091,9.35
3.1629999999999967,12.0485,10.52
3.1639999999999944,12.0257,11.78
3.164999999999999,12.2951,13.13
3.165999999999997,12.6417,14.56
3.1669999999999945,13.0408,16.08
3.1679999999999993,13.2892,17.68
3.168999999999997,13.762,19.36
3.1699999999999946,14.2258,21.12
3.1709999999999994,14.6468,22.96
3.171999999999997,15.124,24.87
3.1729999999999947,15.8423,26.86
3.1739999999999995,16.9481,28.92
3.174999999999997,18.1042,31.06
3.175999999999995,19.644,33.26
3.1769999999999996,21.065,35.52
3.1779999999999973,22.6835,37.85
3.178999999999995,24.2109,40.24
3.1799999999999997,25.9174,42.69
3.1809999999999974,27.7724,45.2
3.181999999999995,29.6505,47.76
3.183,30.8691,50.37
3.1839999999999975,32.7774,53.03
3.184999999999995,34.7974,55.74
3.186,36.746,58.49
3.1869999999999976,38.4812,61.28
3.1879999999999953,40.5152,64.11
3.189,42.7572,66.97
3.1899999999999977,45.4609,69.87
3.1909999999999954,48.2073,72.8
3.192,51.148,75.75
3.192999999999998,54.2091,78.73
3.1939999999999955,57.1193,81.73
3.1950000000000003,59.7884,84.75
3.195999999999998,62.1751,87.78
3.1969999999999956,64.7122,90.82
3.1980000000000004,67.214,93.88
3.198999999999998,68.6758,96.94
3.1999999999999957,71.2527,100.0
3.2010000000000005,73.6334,103.06
3.201999999999998,76.126,106.12
3.202999999999996,78.7588,109.18
3.2040000000000006,81.4293,112.22
3.2049999999999983,84.2745,115.25
3.205999999999996,87.3496,118.27
3.2070000000000007,90.6644,121.27
3.2079999999999984,93.9553,124.25
3.208999999999996,97.1417,127.2
3.210000000000001,100.0222,130.13
3.2109999999999985,102.7703,133.03
3.211999999999996,105.2534,135.89
3.213000000000001,107.8747,138.72
3.2139999999999986,110.2043,141.51
3.2149999999999963,112.6272,144.26
3.215999999999994,113.8223,146.97
3.2169999999999987,116.2423,149.63
3.2179999999999964,118.6624,152.24
3.218999999999994,121.3021,154.8
3.219999999999999,124.0605,157.31
3.2209999999999965,126.8301,159.76
3.221999999999994,129.7281,162.15
3.222999999999999,132.7433,164.48
3.2239999999999966,135.5897,166.74
3.2249999999999943,138.1301,168.94
3.225999999999999,140.3964,171.07
3.2269999999999968,142.6882,173.13
3.2279999999999944,144.4048,175.12
3.228999999999999,145.9631,177.04
3.229999999999997,146.9477,178.88
3.2309999999999945,148.3634,180.64
3.2319999999999993,148.6999,182.32
3.232999999999997,149.7534,183.92
3.2339999999999947,150.6347,185.44
3.2349999999999994,151.8302,186.87
3.235999999999997,152.6107,188.22
3.2369999999999948,153.8632,189.48
3.2379999999999995,155.1688,190.65
3.238999999999997,156.9336,191.74
3.239999999999995,158.5343,192.73
3.2409999999999997,159.8915,193.63
3.2419999999999973,160.9708,194.44
3.242999999999995,161.7545,195.15
3.2439999999999998,162.4489,195.77
3.2449999999999974,162.7544,196.3
3.246000000000002,162.8229,196.73
3.246999999999993,163.0291,197.07
3.2479999999999976,163.2322,197.31
3.2490000000000023,163.6367,197.45
3.249999999999993,163.7491,197.5
3.2509999999999977,164.0627,197.45
3.2520000000000024,164.3506,197.31
3.252999999999993,165.2861,197.07
3.253999999999998,165.8918,196.73
3.2550000000000026,166.8995,196.3
3.255999999999993,167.8097,195.77
3.256999999999998,168.8384,195.15
3.2580000000000027,169.4948,194.44
3.2589999999999932,169.7861,193.63
3.259999999999998,169.8644,192.73
3.261000000000003,169.6713,191.74
3.2619999999999933,169.4058,190.65
3.262999999999998,169.0994,189.48
3.264000000000003,168.9089,188.22
3.2649999999999935,168.3482,186.87
3.2659999999999982,167.9255,185.44
3.267000000000003,167.5022,183.92
3.2679999999999936,167.0303,182.32
3.2689999999999984,166.7042,180.64
3.270000000000003,166.5644,178.88
3.2709999999999937,166.7222,177.04
3.2719999999999985,166.7089,175.12
3.2730000000000032,166.5227,173.13
3.273999999999994,166.1496,171.07
3.2749999999999986,165.3486,168.94
3.2760000000000034,164.4001,166.74
3.276999999999994,163.1338,164.48
3.2779999999999987,161.9239,162.15
3.2790000000000035,160.5323,159.76
3.279999999999994,160.1093,157.31
3.280999999999999,158.4751,154.8
3.2820000000000036,157.1463,152.24
3.282999999999994,155.582,149.63
3.283999999999999,154.3241,146.97
3.2850000000000037,152.7245,144.26
3.2859999999999943,151.0332,141.51
3.286999999999999,149.3159,138.72
3.288000000000004,147.7227,135.89
3.2889999999999944,145.9008,133.03
3.289999999999999,143.7208,130.13
3.291000000000004,141.1603,127.2
3.2919999999999945,138.4606,124.25
3.2929999999999993,136.0451,121.27
3.294000000000004,133.2317,118.27
3.2949999999999946,130.8975,115.25
3.2959999999999994,129.7598,112.22
3.297000000000004,127.2373,109.18
3.2979999999999947,124.8707,106.12
3.2989999999999995,122.4862,103.06
3.3000000000000043,120.1213,100.0
3.300999999999995,117.5901,96.94
3.3019999999999996,114.6537,93.88
3.3030000000000044,111.8528,90.82
3.303999999999995,108.773,87.78
3.3049999999999997,105.905,84.75
3.3060000000000045,102.6804,81.73
3.306999999999995,99.6744,78.73
3.308,96.4796,75.75
3.3089999999999904,93.2493,72.8
3.309999999999995,90.2457,69.87
3.311,87.392,66.97
3.3119999999999905,84.8816,64.11
3.3129999999999953,84.1952,61.28
3.314,81.3815,58.49
3.3149999999999906,79.5544,55.74
3.3159999999999954,76.9322,53.03
3.317,75.1046,50.37
3.3179999999999907,72.5671,47.76
3.3189999999999955,70.5331,45.2
3.3200000000000003,68.2583,42.69
3.320999999999991,66.027,40.24
3.3219999999999956,63.6942,37.85
3.3230000000000004,60.9158,35.52
3.323999999999991,58.2619,33.26
3.3249999999999957,55.4582,31.06
3.3260000000000005,53.2143,28.92
3.326999999999991,50.6811,26.86
3.327999999999996,48.4047,24.87
3.3290000000000006,47.4473,22.96
3.329999999999991,45.3092,21.12
3.330999999999996,43.5488,19.36
3.3320000000000007,41.602,17.68
3.3329999999999913,39.5047,16.08
3.333999999999996,37.628,14.56
3.335000000000001,35.8607,13.13
3.3359999999999914,34.3717,11.78
3.336999999999996,32.9172,10.52
3.338000000000001,31.0605,9.35
3.3389999999999915,29.4446,8.26
3.3399999999999963,27.7574,7.27
3.341000000000001,26.1271,6.37
3.3419999999999916,24.7066,5.56
3.3429999999999964,23.4753,4.85
3.344000000000001,22.5664,4.23
3.3449999999999918,22.0627,3.7
3.3459999999999965,21.2012,3.27
3.3470000000000013,20.49,2.93
3.347999999999992,19.7926,2.69
3.3489999999999966,19.0595,2.55
3.3500000000000014,18.4145,2.5
3.350999999999992,17.4827,2.55
3.3519999999999968,16.8778,2.69
3.3530000000000015,16.2279,2.93
3.353999999999992,15.5559,3.27
3.354999999999997,14.945,3.7
3.3560000000000016,14.2667,4.23
3.356999999999992,13.6893,4.85
3.357999999999997,12.9447,5.56
3.3590000000000018,12.4305,6.37
3.3599999999999923,12.1609,7.27
3.360999999999997,12.2519,8.26
3.362000000000002,12.2755,9.35
3.3629999999999924,12.2894,10.52
3.363999999999997,12.4799,11.78
3.365000000000002,12.5972,13.13
3.3659999999999926,12.77,14.56
3.3669999999999973,12.899,16.08
3.368000000000002,13.0513,17.68
3.3689999999999927,13.6992,19.36
3.3699999999999974,14.2993,21.12
3.371000000000002,15.033,22.96
3.371999999999993,15.4409,24.87
3.3729999999999976,16.115,26.86
3.3740000000000023,17.1329,28.92
3.374999999999993,18.4137,31.06
3.3759999999999977,19.7453,33.26
3.3770000000000024,20.6461,35.52
3.377999999999993,22.284,37.85
3.378999999999998,23.9595,40.24
3.3800000000000026,25.8518,42.69
3.380999999999993,27.4582,45.2
3.381999999999998,29.4077,47.76
3.3830000000000027,31.3022,50.37
3.3839999999999932,33.2081,53.03
3.384999999999998,35.3482,55.74
3.386000000000003,37.3892,58.49
3.3869999999999933,39.61,61.28
3.387999999999998,41.7493,64.11
3.389000000000003,44.213,66.97
3.3899999999999935,46.629,69.87
3.3909999999999982,49.4221,72.8
3.392000000000003,52.1118,75.75
3.3929999999999936,53.6739,78.73
3.3939999999999984,56.6648,81.73
3.395000000000003,59.2211,84.75
3.3959999999999937,61.8407,87.78
3.3969999999999985,64.4036,90.82
3.3980000000000032,67.1451,93.88
3.398999999999994,69.7938,96.94
3.3999999999999986,72.5004,100.0
3.4010000000000034,75.1702,103.06
3.401999999999994,78.1459,106.12
3.4029999999999987,80.7379,109.18
3.4040000000000035,83.8187,112.22
3.404999999999994,86.4298,115.25
3.405999999999999,89.181,118.27
3.4070000000000036,91.8311,121.27
3.407999999999994,94.7199,124.25
3.408999999999999,96.392,127.2
3.4100000000000037,99.2388,130.13
3.4109999999999943,102.1709,133.03
3.411999999999999,104.8595,135.89
3.413000000000004,107.455,138.72
3.4139999999999944,109.7763,141.51
3.414999999999999,112.5969,144.26
3.416000000000004,115.3303,146.97
3.4169999999999945,118.1877,149.63
3.4179999999999993,121.0233,152.24
3.419000000000004,124.0429,154.8
3.4199999999999946,126.9006,157.31
3.4209999999999994,129.4824,159.76
3.422000000000004,131.9111,162.15
3.4229999999999947,134.431,164.48
3.4239999999999995,137.2119,166.74
3.4250000000000043,139.958,168.94
3.425999999999995,141.3309,171.07
3.4269999999999996,143.7168,173.13
3.4280000000000044,145.9729,175.12
3.428999999999995,148.0208,177.04
3.4299999999999997,150.033,178.88
3.4310000000000045,151.7405,180.64
3.431999999999995,153.5435,182.32
3.433,155.5181,183.92
3.4339999999999904,157.0765,185.44
3.434999999999995,158.7623,186.87
3.436,159.7828,188.22
3.4369999999999905,160.9781,189.48
3.4379999999999953,161.7299,190.65
3.439,162.8632,191.74
3.4399999999999906,163.9982,192.73
3.4409999999999954,165.4287,193.63
3.442,166.1507,194.44
3.4429999999999907,167.0567,195.15
3.4439999999999955,168.0158,195.77
3.4450000000000003,169.1281,196.3
3.445999999999991,169.9675,196.73
3.4469999999999956,170.8113,197.07
3.4480000000000004,171.35,197.31
3.448999999999991,171.9932,197.45
3.4499999999999957,172.4524,197.5
3.4510000000000005,172.8774,197.45
3.451999999999991,173.3512,197.31
3.452999999999996,173.4922,197.07
3.4540000000000006,173.7002,196.73
3.454999999999991,173.7922,196.3
3.455999999999996,173.7988,195.77
3.4570000000000007,174.1398,195.15
3.4579999999999913,174.1515,194.44
3.458999999999996,174.7237,193.63
3.460000000000001,174.8302,192.73
3.4609999999999914,175.1172,191.74
3.461999999999996,175.071,190.65
3.463000000000001,175.112,189.48
3.4639999999999915,175.1831,188.22
3.4649999999999963,175.1014,186.87
3.466000000000001,175.0884,185.44
3.4669999999999916,174.6962,183.92
3.4679999999999964,174.5475,182.32
3.469000000000001,173.813,180.64
3.4699999999999918,173.3108,178.88
3.4709999999999965,172.1717,177.04
3.4720000000000013,171.3217,175.12
3.472999999999992,170.2728,173.13
3.4739999999999966,170.0768,171.07
3.4750000000000014,168.968,168.94
3.475999999999992,167.8839,166.74
3.4769999999999968,166.7857,164.48
3.4780000000000015,165.9257,162.15
3.478999999999992,164.7387,159.76
3.479999999999997,163.6853,157.31
3.4810000000000016,162.1825,154.8
3.481999999999992,160.659,152.24
3.482999999999997,159.2038,149.63
3.4840000000000018,157.4923,146.97
3.4849999999999923,155.5848,144.26
3.485999999999997,153.5107,141.51
3.487000000000002,151.0731,138.72
3.4879999999999924,148.9081,135.89
3.488999999999997,146.3877,133.03
3.490000000000002,145.5367,130.13
3.4909999999999926,143.1225,127.2
3.4919999999999973,140.6953,124.25
3.493000000000002,138.2453,121.27
3.4939999999999927,135.8236,118.27
3.4949999999999974,133.1717,115.25
3.496000000000002,130.2601,112.22
3.496999999999993,127.7118,109.18
3.4979999999999976,124.7727,106.12
3.4990000000000023,122.2082,103.06
3.499999999999993,119.2997,100.0
3.5009999999999977,116.6156,96.94
3.5020000000000024,113.6352,93.88
3.502999999999993,110.5503,90.82
3.503999999999998,108.0181,87.78
3.5050000000000026,105.5767,84.75
3.505999999999993,104.4447,81.73
3.506999999999998,102.2848,78.73
3.5080000000000027,99.7218,75.75
3.5089999999999932,97.0427,72.8
3.509999999999998,94.5248,69.87
3.511000000000003,91.6664,66.97
3.5119999999999933,89.1364,64.11
3.512999999999998,85.917,61.28
3.514000000000003,83.2061,58.49
3.5149999999999935,80.2764,55.74
3.5159999999999982,77.4675,53.03
3.517000000000003,74.5122,50.37
3.5179999999999936,71.7861,47.76
3.5189999999999984,69.0514,45.2
3.520000000000003,66.3219,42.69
3.5209999999999937,63.8035,40.24
3.5219999999999985,62.6768,37.85
3.5230000000000032,60.7226,35.52
3.523999999999994,58.3621,33.26
3.5249999999999986,56.2074,31.06
3.5260000000000034,53.916,28.92
3.526999999999994,52.0373,26.86
3.5279999999999987,49.7989,24.87
3.5290000000000035,48.0776,22.96
3.529999999999994,45.9398,21.12
3.530999999999999,44.3422,19.36
3.5320000000000036,42.354,17.68
3.532999999999994,40.5018,16.08
3.533999999999999,38.5796,14.56
3.5350000000000037,36.7428,13.13
3.5359999999999943,34.9263,11.78
3.536999999999999,33.1384,10.52
3.538000000000004,31.4532,9.35
3.5389999999999944,30.8009,8.26
3.539999999999999,29.4079,7.27
3.541000000000004,28.0901,6.37
3.5419999999999945,26.6044,5.56
3.5429999999999993,25.1491,4.85
3.544000000000004,23.7686,4.23
3.5449999999999946,22.7035,3.7
3.5459999999999994,21.6286,3.27
3.547000000000004,20.7585,2.93
3.5479999999999947,20.0319,2.69
3.5489999999999995,19.3641,2.55
3.5500000000000043,18.4902,2.5
3.550999999999995,17.7667,2.55
3.5519999999999996,17.2465,2.69
3.5530000000000044,16.6616,2.93
3.553999999999995,16.0591,3.27
3.5549999999999997,16.0456,3.7
3.5560000000000045,15.578,4.23
3.556999999999995,15.3563,4.85
3.558,14.7467,5.56
3.5589999999999904,14.0353,6.37
3.559999999999995,13.3473,7.27
3.561,13.1608,8.26
3.5619999999999905,13.1747,9.35
3.5629999999999953,13.2294,10.52
3.564,13.3287,11.78
3.5649999999999906,13.4658,13.13
3.5659999999999954,13.5664,14.56
3.567,13.8088,16.08
3.5679999999999907,14.353,17.68
3.5689999999999955,14.9972,19.36
3.5700000000000003,15.5074,21.12
3.570999999999991,15.8995,22.96
3.5719999999999956,16.5643,24.87
3.5730000000000004,17.2927,26.86
3.573999999999991,18.0545,28.92
3.5749999999999957,18.7666,31.06
3.5760000000000005,19.7953,33.26
3.576999999999991,20.9273,35.52
3.577999999999996,22.2624,37.85
3.5790000000000006,24.1927,40.24
3.579999999999991,25.9459,42.69
3.580999999999996,28.1328,45.2
3.5820000000000007,29.4598,47.76
3.5829999999999913,31.6688,50.37
3.583999999999996,33.5356,53.03
3.585000000000001,35.8454,55.74
3.5859999999999914,37.7415,58.49
3.586999999999996,38.9223,61.28
3.588000000000001,40.8058,64.11
3.5889999999999915,42.8915,66.97
3.5899999999999963,44.9006,69.87
3.591000000000001,46.8641,72.8
3.5919999999999916,49.3428,75.75
3.5929999999999964,52.0797,78.73
3.594000000000001,55.0904,81.73
3.5949999999999918,58.032,84.75
3.5959999999999965,61.035,87.78
3.5970000000000013,64.3745,90.82
3.597999999999992,67.4211,93.88
3.5989999999999966,70.524,96.94
3.6000000000000014,73.2458,100.0
3.600999999999992,76.1276,103.06
3.6019999999999968,78.9435,106.12
3.6030000000000015,80.4241,109.18
3.603999999999992,83.4449,112.22
3.604999999999997,85.9054,115.25
3.6060000000000016,88.393,118.27
3.606999999999992,90.7831,121.27
3.607999999999997,93.6481,124.25
3.6090000000000018,96.5052,127.2
3.6099999999999923,99.5814,130.13
3.610999999999997,102.9182,133.03
3.612000000000002,106.1501,135.89
3.6129999999999924,109.2671,138.72
3.613999999999997,112.6586,141.51
3.615000000000002,115.3874,144.26
3.6159999999999926,118.2093,146.97
3.6169999999999973,120.6388,149.63
3.618000000000002,123.67,152.24
3.6189999999999927,125.3621,154.8
3.6199999999999974,127.9383,157.31
3.621000000000002,130.6506,159.76
3.621999999999993,132.9189,162.15
3.6229999999999976,135.2197,164.48
3.6240000000000023,137.589,166.74
3.624999999999993,139.8821,168.94
3.6259999999999977,142.2965,171.07
3.6270000000000024,144.5888,173.13
3.627999999999993,146.675,175.12
3.628999999999998,148.8815,177.04
3.6300000000000026,151.0758,178.88
3.630999999999993,153.1699,180.64
3.631999999999998,155.1973,182.32
3.6330000000000027,156.7492,183.92
3.6339999999999932,158.9078,185.44
3.634999999999998,160.4827,186.87
3.636000000000003,161.6386,188.22
3.6369999999999933,163.5173,189.48
3.637999999999998,165.0053,190.65
3.639000000000003,166.3669,191.74
3.6399999999999935,167.716,192.73
3.6409999999999982,168.7073,193.63
3.642000000000003,169.7415,194.44
3.6429999999999936,170.3224,195.15
3.6439999999999984,171.3776,195.77
3.645000000000003,172.0289,196.3
3.6459999999999937,173.1705,196.73
3.6469999999999985,173.5798,197.07
3.6480000000000032,174.4005,197.31
3.648999999999994,174.5608,197.45
3.6499999999999986,175.4102,197.5
3.6510000000000034,175.7902,197.45
3.651999999999994,176.2233,197.31
3.6529999999999987,176.744,197.07
3.6540000000000035,176.9888,196.73
3.654999999999994,177.4907,196.3
3.655999999999999,177.7805,195.77
3.6570000000000036,177.9054,195.15
3.657999999999994,177.9561,194.44
3.658999999999999,178.168,193.63
3.6600000000000037,178.6695,192.73
3.6609999999999943,178.9993,191.74
3.661999999999999,179.1828,190.65
3.663000000000004,178.954,189.48
3.6639999999999944,178.6795,188.22
3.664999999999999,178.0553,186.87
3.666000000000004,177.5355,185.44
3.6669999999999945,176.8893,183.92
3.6679999999999993,176.6529,182.32
3.669000000000004,176.1489,180.64
3.6699999999999946,175.2532,178.88
3.6709999999999994,174.6083,177.04
3.672000000000004,173.7048,175.12
3.6729999999999947,173.015,173.13
3.6739999999999995,171.9979,171.07
3.6750000000000043,171.2994,168.94
3.675999999999995,170.4291,166.74
3.6769999999999996,169.4462,164.48
3.6780000000000044,168.2378,162.15
3.678999999999995,166.9652,159.76
3.6799999999999997,165.4443,157.31
3.6810000000000045,163.8524,154.8
3.681999999999995,161.8778,152.24
3.683,160.0275,149.63
3.6839999999999904,159.1449,146.97
3.684999999999995,157.1961,144.26
3.686,155.1414,141.51
3.6869999999999905,153.1565,138.72
3.6879999999999953,150.9086,135.89
3.689,148.9201,133.03
3.6899999999999906,146.658,130.13
3.6909999999999954,144.2678,127.2
3.692,141.6629,124.25
3.6929999999999907,139.0443,121.27
3.6939999999999955,136.3463,118.27
3.6950000000000003,133.116,115.25
3.695999999999991,130.334,112.22
3.6969999999999956,127.389,109.18
3.6980000000000004,124.9066,106.12
3.698999999999991,121.9837,103.06
3.6999999999999957,120.7227,100.0
3.7010000000000005,118.2106,96.94
3.701999999999991,115.4825,93.88
3.702999999999996,112.8664,90.82
3.7040000000000006,110.2387,87.78
3.704999999999991,107.4181,84.75
3.705999999999996,104.8631,81.73
3.7070000000000007,102.3968,78.73
3.7079999999999913,99.8296,75.75
3.708999999999996,97.0686,72.8
3.710000000000001,94.1683,69.87
3.7109999999999914,91.445,66.97
3.711999999999996,88.4143,64.11
3.713000000000001,85.4124,61.28
3.7139999999999915,83.0373,58.49
3.7149999999999963,80.53,55.74
3.716000000000001,78.6077,53.03
3.7169999999999916,76.7701,50.37
3.7179999999999964,74.1478,47.76
3.719000000000001,71.1853,45.2
3.7199999999999918,68.1329,42.69
3.7209999999999965,65.3321,40.24
3.7220000000000013,62.93,37.85
3.722999999999992,60.5115,35.52
3.7239999999999966,58.1893,33.26
3.7250000000000014,55.9244,31.06
3.725999999999992,53.5254,28.92
3.7269999999999968,51.4237,26.86
3.7280000000000015,49.1177,24.87
3.728999999999992,47.1388,22.96
3.729999999999997,45.1123,21.12
3.7310000000000016,43.4557,19.36
3.731999999999992,42.7216,17.68
3.732999999999997,41.0036,16.08
3.7340000000000018,39.2702,14.56
3.7349999999999923,37.787,13.13
3.735999999999997,36.143,11.78
3.737000000000002,34.6063,10.52
3.7379999999999924,32.7209,9.35
3.738999999999997,31.2177,8.26
3.740000000000002,29.5576,7.27
3.7409999999999926,28.1366,6.37
3.7419999999999973,26.4624,5.56
3.743000000000002,24.9693,4.85
3.7439999999999927,23.5976,4.23
3.7449999999999974,22.3849,3.7
3.746000000000002,21.2546,3.27
3.746999999999993,20.2153,2.93
3.7479999999999976,19.5658,2.69
3.7490000000000023,19.4755,2.55
3.749999999999993,18.9572,2.5
3.7509999999999977,18.3647,2.55
3.7520000000000024,17.3361,2.69
3.752999999999993,16.8641,2.93
3.753999999999998,16.3645,3.27
3.7550000000000026,15.9691,3.7
3.755999999999993,15.3304,4.23
3.756999999999998,14.6528,4.85
3.7580000000000027,14.6384,5.56
3.7589999999999932,14.2699,6.37
3.759999999999998,13.9622,7.27
3.761000000000003,13.4061,8.26
3.7619999999999933,13.1987,9.35
3.762999999999998,13.1115,10.52
3.764000000000003,13.1762,11.78
3.7649999999999935,13.5118,13.13
3.7659999999999982,13.6774,14.56
3.767000000000003,13.8245,16.08
3.7679999999999936,14.1286,17.68
3.7689999999999984,14.4883,19.36
3.770000000000003,15.0295,21.12
3.7709999999999937,15.5065,22.96
3.7719999999999985,16.356,24.87
3.7730000000000032,17.1809,26.86
3.773999999999994,18.2083,28.92
3.7749999999999986,19.1054,31.06
3.7760000000000034,20.2999,33.26
3.776999999999994,21.4652,35.52
3.7779999999999987,22.7668,37.85
3.7790000000000035,24.1222,40.24
3.779999999999994,25.8103,42.69
3.780999999999999,27.0158,45.2
3.7820000000000036,29.1126,47.76
3.782999999999994,31.1567,50.37
3.783999999999999,33.3363,53.03
3.7850000000000037,35.2321,55.74
3.7859999999999943,37.4629,58.49
3.786999999999999,39.6553,61.28
3.788000000000004,41.9848,64.11
3.7889999999999944,44.4323,66.97
3.789999999999999,47.0897,69.87
3.791000000000004,49.6699,72.8
3.7919999999999945,52.2186,75.75
3.7929999999999993,54.5356,78.73
3.794000000000004,57.4111,81.73
3.7949999999999946,59.7673,84.75
3.7959999999999994,62.6997,87.78
3.797000000000004,63.9663,90.82
3.7979999999999947,66.5031,93.88
3.7989999999999995,69.7004,96.94
3.8000000000000043,72.4271,100.0
3.800999999999995,75.5029,103.06
3.8019999999999996,77.8898,106.12
3.8030000000000044,81.1454,109.18
3.803999999999995,83.9993,112.22
3.8049999999999997,87.192,115.25
3.8060000000000045,90.1391,118.27
3.806999999999995,92.9503,121.27
3.808,95.9431,124.25
3.8089999999999904,98.2692,127.2
3.809999999999995,100.887,130.13
3.811,102.8902,133.03
3.8119999999999905,105.7966,135.89
3.8129999999999953,107.2101,138.72
3.814,110.1623,141.51
3.8149999999999906,112.9123,144.26
3.8159999999999954,116.056,146.97
3.817,118.5974,149.63
3.8179999999999907,122.0054,152.24
3.8189999999999955,124.4934,154.8
3.8200000000000003,128.0579,157.31
3.820999999999991,130.9068,159.76
3.8219999999999956,134.1126,162.15
3.8230000000000004,136.7739,164.48
3.823999999999991,139.403,166.74
3.8249999999999957,141.6318,168.94
3.8260000000000005,143.8233,171.07
3.826999999999991,145.8407,173.13
3.827999999999996,147.8131,175.12
3.8290000000000006,148.9671,177.04
3.829999999999991,150.9298,178.88
3.830999999999996,152.7596,180.64
3.8320000000000007,154.8797,182.32
3.8329999999999913,156.8196,183.92
3.833999999999996,159.0409,185.44
3.835000000000001,161.3384,186.87
3.8359999999999914,163.3425,188.22
3.836999999999996,165.5542,189.48
3.838000000000001,167.3716,190.65
3.8389999999999915,169.4893,191.74
3.8399999999999963,170.9232,192.73
3.841000000000001,172.4198,193.63
3.8419999999999916,173.2038,194.44
3.8429999999999964,174.3682,195.15
3.844000000000001,174.428,195.77
3.8449999999999918,175.0297,196.3
3.8459999999999965,175.0862,196.73
3.8470000000000013,175.1517,197.07
3.847999999999992,175.7915,197.31
3.8489999999999966,176.1653,197.45
3.8500000000000014,176.7536,197.5
3.850999999999992,177.3392,197.45
3.8519999999999968,177.8819,197.31
3.8530000000000015,178.7904,197.07
3.853999999999992,179.4743,196.73
3.854999999999997,180.5841,196.3
3.8560000000000016,180.8929,195.77
3.856999999999992,181.1965,195.15
3.857999999999997,180.8816,194.44
3.8590000000000018,180.7796,193.63
3.8599999999999923,180.4307,192.73
3.860999999999997,180.1517,191.74
3.862000000000002,180.1136,190.65
3.8629999999999924,180.145,189.48
3.863999999999997,179.31,188.22
3.865000000000002,179.5332,186.87
3.8659999999999926,178.8279,185.44
3.8669999999999973,178.7726,183.92
3.868000000000002,178.3123,182.32
3.8689999999999927,178.1498,180.64
3.8699999999999974,177.8458,178.88
3.871000000000002,177.2623,177.04
3.871999999999993,176.7909,175.12
3.8729999999999976,175.7651,173.13
3.8740000000000023,174.494,171.07
3.874999999999993,172.9995,168.94
3.8759999999999977,171.5541,166.74
3.8770000000000024,170.1249,164.48
3.877999999999993,169.4767,162.15
3.878999999999998,167.8812,159.76
3.8800000000000026,166.2702,157.31
3.880999999999993,164.5304,154.8
3.881999999999998,162.5144,152.24
3.8830000000000027,160.6915,149.63
3.8839999999999932,158.9488,146.97
3.884999999999998,157.1816,144.26
3.886000000000003,155.2324,141.51
3.8869999999999933,153.2113,138.72
3.887999999999998,151.1224,135.89
3.889000000000003,148.7326,133.03
3.8899999999999935,146.1076,130.13
3.8909999999999982,143.4846,127.2
3.892000000000003,141.0763,124.25
3.8929999999999936,138.7032,121.27
3.8939999999999984,137.4635,118.27
3.895000000000003,135.053,115.25
3.8959999999999937,132.2329,112.22
3.8969999999999985,129.6266,109.18
3.8980000000000032,127.1657,106.12
3.898999999999994,124.4978,103.06
3.8999999999999986,121.7049,100.0
3.9010000000000034,118.5835,96.94
3.901999999999994,115.349,93.88
3.9029999999999987,112.7182,90.82
3.9040000000000035,109.4853,87.78
3.904999999999994,106.7215,84.75
3.905999999999999,103.5007,81.73
3.9070000000000036,100.5624,78.73
3.907999999999994,98.1158,75.75
3.908999999999999,95.5995,72.8
3.9100000000000037,94.9218,69.87
3.9109999999999943,92.1598,66.97
3.911999999999999,89.8747,64.11
3.913000000000004,87.1027,61.28
3.9139999999999944,84.8105,58.49
3.914999999999999,81.89,55.74
3.916000000000004,78.9769,53.03
3.9169999999999945,75.7934,50.37
3.9179999999999993,72.9491,47.76
3.919000000000004,70.2228,45.2
3.9199999999999946,67.3942,42.69
3.9209999999999994,64.5909,40.24
3.922000000000004,61.9698,37.85
3.9229999999999947,59.8392,35.52
3.9239999999999995,57.9257,33.26
3.9250000000000043,56.0237,31.06
3.925999999999995,55.2252,28.92
3.9269999999999996,53.7518,26.86
3.9280000000000044,51.7765,24.87
3.928999999999995,50.2578,22.96
3.9299999999999997,48.0615,21.12
3.9310000000000045,45.9271,19.36
3.931999999999995,43.6198,17.68
3.933,41.5167,16.08
3.9339999999999904,39.217,14.56
3.934999999999995,37.2472,13.13
3.936,34.8866,11.78
3.9369999999999905,32.8673,10.52
3.9379999999999953,30.8194,9.35
3.939,29.2973,8.26
3.9399999999999906,28.1328,7.27
3.9409999999999954,27.278,6.37
3.942,26.8308,5.56
3.9429999999999907,26.2028,4.85
3.9439999999999955,25.1366,4.23
3.9450000000000003,24.295,3.7
3.945999999999991,23.2744,3.27
3.9469999999999956,22.2126,2.93
3.9480000000000004,21.2379,2.69
3.948999999999991,20.2256,2.55
3.9499999999999957,19.56,2.5
3.9510000000000005,18.9576,2.55
3.951999999999991,17.9999,2.69
3.952999999999996,16.8662,2.93
3.9540000000000006,15.7659,3.27
3.954999999999991,15.0398,3.7
3.955999999999996,14.2302,4.23
3.9570000000000007,13.9055,4.85
3.9579999999999913,13.7465,5.56
3.958999999999996,13.8947,6.37
3.960000000000001,14.052,7.27
3.9609999999999914,14.0261,8.26
3.961999999999996,13.9304,9.35
3.963000000000001,13.6982,10.52
3.9639999999999915,13.429,11.78
3.9649999999999963,13.3739,13.13
3.966000000000001,13.3608,14.56
3.9669999999999916,13.6009,16.08
3.9679999999999964,14.0436,17.68
3.969000000000001,14.4352,19.36
3.9699999999999918,14.8059,21.12
3.9709999999999965,15.3305,22.96
3.9720000000000013,16.3369,24.87
3.972999999999992,17.4129,26.86
3.9739999999999966,18.6222,28.92
3.9750000000000014,19.5234,31.06
3.975999999999992,20.4748,33.26
3.9769999999999968,21.8285,35.52
3.9780000000000015,23.0668,37.85
3.978999999999992,24.8585,40.24
3.979999999999997,26.6377,42.69
3.9810000000000016,28.3152,45.2
3.981999999999992,30.0216,47.76
3.982999999999997,31.8547,50.37
3.9840000000000018,33.9663,53.03
3.9849999999999923,36.1859,55.74
3.985999999999997,38.2323,58.49
3.987000000000002,40.423,61.28
3.9879999999999924,42.6264,64.11
3.988999999999997,45.2348,66.97
3.990000000000002,47.8047,69.87
3.9909999999999926,49.0538,72.8
3.9919999999999973,51.4714,75.75
3.993000000000002,53.5512,78.73
3.9939999999999927,55.9581,81.73
3.9949999999999974,58.2254,84.75
3.996000000000002,60.7554,87.78
3.996999999999993,63.4611,90.82
3.9979999999999976,66.36,93.88
3.9990000000000023,69.5502,96.94
3.999999999999993,72.684,100.0
4.000999999999998,76.0738,103.06
4.0020000000000024,78.9478,106.12
4.002999999999993,82.0481,109.18
4.003999999999998,84.7238,112.22
4.005000000000003,87.9828,115.25
4.005999999999993,90.8872,118.27
4.006999999999998,92.6345,121.27
4.008000000000003,95.1907,124.25
4.008999999999993,97.6249,127.2
4.009999999999998,99.679,130.13
4.011000000000003,102.269,133.03
4.011999999999993,104.7385,135.89
4.012999999999998,107.8795,138.72
4.014000000000003,110.7913,141.51
4.0149999999999935,113.9443,144.26
4.015999999999998,116.8,146.97
4.017000000000003,119.9475,149.63
4.017999999999994,123.1598,152.24
4.018999999999998,126.2333,154.8
4.020000000000003,128.9713,157.31
4.020999999999994,131.697,159.76
4.0219999999999985,134.4174,162.15
4.023000000000003,135.7498,164.48
4.023999999999994,138.673,166.74
4.024999999999999,141.1281,168.94
4.026000000000003,143.589,171.07
4.026999999999994,145.7112,173.13
4.027999999999999,147.753,175.12
4.0290000000000035,150.0922,177.04
4.029999999999994,152.1237,178.88
4.030999999999999,154.4666,180.64
4.032000000000004,156.1666,182.32
4.032999999999994,158.6878,183.92
4.033999999999999,160.252,185.44
4.035000000000004,162.5004,186.87
4.035999999999994,163.7832,188.22
4.036999999999999,166.1239,189.48
4.038000000000004,167.5248,190.65
4.038999999999994,168.6244,191.74
4.039999999999999,170.2878,192.73
4.041000000000004,171.6822,193.63
4.0419999999999945,173.1747,194.44
4.042999999999999,174.184,195.15
4.044000000000004,175.2395,195.77
4.044999999999995,176.1708,196.3
4.045999999999999,177.1466,196.73
4.047000000000004,177.9287,197.07
4.047999999999995,178.7502,197.31
4.0489999999999995,179.5934,197.45
4.050000000000004,180.2557,197.5
4.050999999999995,180.5679,197.45
4.052,180.5946,197.31
4.053000000000004,180.816,197.07
4.053999999999995,181.0907,196.73
4.055,181.6564,196.3
4.0560000000000045,181.7801,195.77
4.056999999999995,182.0045,195.15
4.058,181.7057,194.44
4.05899999999999,181.8641,193.63
4.059999999999995,181.8104,192.73
4.061,181.9371,191.74
4.0619999999999905,181.5451,190.65
4.062999999999995,181.5315,189.48
4.064,181.184,188.22
4.064999999999991,181.0451,186.87
4.065999999999995,180.5219,185.44
4.067,180.096,183.92
4.067999999999991,179.392,182.32
4.0689999999999955,178.5345,180.64
4.07,177.7996,178.88
4.070999999999991,176.9949,177.04
4.071999999999996,176.709,175.12
4.073,175.9738,173.13
4.073999999999991,175.0873,171.07
4.074999999999996,174.1056,168.94
4.0760000000000005,172.8086,166.74
4.076999999999991,171.6643,164.48
4.077999999999996,170.234,162.15
4.079000000000001,168.9255,159.76
4.079999999999991,167.3795,157.31
4.080999999999996,165.7947,154.8
4.082000000000001,164.0153,152.24
4.082999999999991,161.772,149.63
4.083999999999996,159.6385,146.97
4.085000000000001,157.2391,144.26
4.085999999999991,155.522,141.51
4.086999999999996,153.331,138.72
4.088000000000001,152.3649,135.89
4.0889999999999915,150.1302,133.03
4.089999999999996,147.698,130.13
4.091000000000001,145.3876,127.2
4.091999999999992,142.9922,124.25
4.092999999999996,140.6074,121.27
4.094000000000001,137.9196,118.27
4.094999999999992,134.9348,115.25
4.0959999999999965,132.0115,112.22
4.097000000000001,128.6042,109.18
4.097999999999992,125.6849,106.12
4.098999999999997,122.2074,103.06
4.100000000000001,119.6843,100.0
4.100999999999992,116.394,96.94
4.101999999999997,113.5574,93.88
4.1030000000000015,110.6248,90.82
4.103999999999992,109.2217,87.78
4.104999999999997,106.9319,84.75
4.106000000000002,104.4094,81.73
4.106999999999992,102.1333,78.73
4.107999999999997,99.5942,75.75
4.109000000000002,96.8808,72.8
4.109999999999992,94.469,69.87
4.110999999999997,91.7656,66.97
4.112000000000002,89.5315,64.11
4.112999999999992,86.8292,61.28
4.113999999999997,84.094,58.49
4.115000000000002,80.8834,55.74
4.1159999999999926,77.9693,53.03
4.116999999999997,75.1289,50.37
4.118000000000002,72.7795,47.76
4.118999999999993,70.3251,45.2
4.119999999999997,69.2341,42.69
4.121000000000002,66.9684,40.24
4.121999999999993,64.1489,37.85
4.1229999999999976,61.8917,35.52
4.124000000000002,59.4403,33.26
4.124999999999993,57.2351,31.06
4.125999999999998,54.8966,28.92
4.1270000000000024,52.5717,26.86
4.127999999999993,50.3336,24.87
4.128999999999998,48.5437,22.96
4.130000000000003,46.4091,21.12
4.130999999999993,44.4552,19.36
4.131999999999998,41.8973,17.68
4.133000000000003,39.8307,16.08
4.133999999999993,37.7863,14.56
4.134999999999998,36.1867,13.13
4.136000000000003,35.4357,11.78
4.136999999999993,34.2889,10.52
4.137999999999998,33.0586,9.35
4.139000000000003,31.996,8.26
4.1399999999999935,30.5373,7.27
4.140999999999998,29.1688,6.37
4.142000000000003,27.7088,5.56
4.142999999999994,26.4727,4.85
4.143999999999998,25.3955,4.23
4.145000000000003,24.4317,3.7
4.145999999999994,23.1736,3.27
4.1469999999999985,21.751,2.93
4.148000000000003,20.2268,2.69
4.148999999999994,19.3133,2.55
4.149999999999999,18.1656,2.5
4.151000000000003,17.2854,2.55
4.151999999999994,16.3194,2.69
4.152999999999999,16.1823,2.93
4.1540000000000035,15.8945,3.27
4.154999999999994,15.5439,3.7
4.155999999999999,15.3431,4.23
4.157000000000004,14.8451,4.85
4.157999999999994,14.4377,5.56
4.158999999999999,14.1398,6.37
4.160000000000004,13.9147,7.27
4.160999999999994,14.0616,8.26
4.161999999999999,13.7596,9.35
4.163000000000004,13.786,10.52
4.163999999999994,13.5755,11.78
4.164999999999999,13.6441,13.13
4.166000000000004,13.5587,14.56
4.1669999999999945,13.8975,16.08
4.167999999999999,14.5294,17.68
4.169000000000004,15.105,19.36
4.169999999999995,15.8647,21.12
4.170999999999999,16.3163,22.96
4.172000000000004,16.8,24.87
4.172999999999995,17.414,26.86
4.1739999999999995,17.9042,28.92
4.175000000000004,18.6682,31.06
4.175999999999995,19.658,33.26
4.177,20.933,35.52
4.178000000000004,22.543,37.85
4.178999999999995,24.037,40.24
4.18,26.1523,42.69
4.1810000000000045,27.9049,45.2
4.181999999999995,29.9288,47.76
4.183,31.8211,50.37
4.18399999999999,34.2555,53.03
4.184999999999995,35.5808,55.74
4.186,37.8174,58.49
4.1869999999999905,40.1267,61.28
4.187999999999995,42.2022,64.11
4.189,44.3201,66.97
4.189999999999991,46.6818,69.87
4.190999999999995,49.0858,72.8
4.192,51.9286,75.75
4.192999999999991,54.5956,78.73
4.1939999999999955,57.6313,81.73
4.195,60.1359,84.75
4.195999999999991,63.038,87.78
4.196999999999996,65.5248,90.82
4.198,68.3325,93.88
4.198999999999991,70.7367,96.94
4.199999999999996,73.6505,100.0
4.2010000000000005,75.0961,103.06
4.201999999999991,77.7696,106.12
4.202999999999996,80.3148,109.18
4.204000000000001,83.0292,112.22
4.204999999999991,85.7176,115.25
4.205999999999996,88.4562,118.27
4.207000000000001,91.3945,121.27
4.207999999999991,94.3423,124.25
4.208999999999996,97.4978,127.2
4.210000000000001,100.7536,130.13
4.210999999999991,104.0814,133.03
4.211999999999996,107.2516,135.89
4.213000000000001,110.334,138.72
4.2139999999999915,113.5205,141.51
4.214999999999996,116.6887,144.26
4.216000000000001,119.421,146.97
4.216999999999992,120.9646,149.63
4.217999999999996,123.2887,152.24
4.219000000000001,126.0197,154.8
4.219999999999992,128.3018,157.31
4.2209999999999965,130.3837,159.76
4.222000000000001,132.3257,162.15
4.222999999999992,134.6341,164.48
4.223999999999997,137.286,166.74
4.225000000000001,139.8864,168.94
4.225999999999992,142.7529,171.07
4.226999999999997,145.6928,173.13
4.2280000000000015,148.6364,175.12
4.228999999999992,151.1759,177.04
4.229999999999997,153.2957,178.88
4.231000000000002,155.3942,180.64
4.231999999999992,157.4758,182.32
4.232999999999997,158.6862,183.92
4.234000000000002,160.541,185.44
4.234999999999992,162.2723,186.87
4.235999999999997,163.7044,188.22
4.237000000000002,165.0339,189.48
4.237999999999992,166.2509,190.65
4.238999999999997,167.7516,191.74
4.240000000000002,169.3518,192.73
4.2409999999999926,171.2389,193.63
4.241999999999997,172.8865,194.44
4.243000000000002,174.3952,195.15
4.243999999999993,175.8206,195.77
4.244999999999997,176.9099,196.3
4.246000000000002,177.8351,196.73
4.246999999999993,178.6045,197.07
4.2479999999999976,179.1916,197.31
4.249000000000002,179.6475,197.45
4.249999999999993,180.0568,197.5
4.250999999999998,180.3523,197.45
4.2520000000000024,180.681,197.31
4.252999999999993,180.7848,197.07
4.253999999999998,180.9066,196.73
4.255000000000003,181.0525,196.3
4.255999999999993,181.1905,195.77
4.256999999999998,181.5641,195.15
4.258000000000003,181.9569,194.44
4.258999999999993,182.6024,193.63
4.259999999999998,182.8372,192.73
4.261000000000003,182.8991,191.74
4.261999999999993,182.5794,190.65
4.262999999999998,182.5108,189.48
4.264000000000003,182.218,188.22
4.2649999999999935,181.9422,186.87
4.265999999999998,181.6221,185.44
4.267000000000003,181.154,183.92
4.267999999999994,180.3134,182.32
4.268999999999998,179.3094,180.64
4.270000000000003,178.2042,178.88
4.270999999999994,177.3103,177.04
4.2719999999999985,176.4079,175.12
4.273000000000003,175.4438,173.13
4.273999999999994,174.4493,171.07
4.274999999999999,173.8187,168.94
4.276000000000003,172.8466,166.74
4.276999999999994,171.7288,164.48
4.277999999999999,170.3169,162.15
4.2790000000000035,168.9835,159.76
4.279999999999994,167.4627,157.31
4.280999999999999,165.7128,154.8
4.282000000000004,164.8434,152.24
4.282999999999994,162.8476,149.63
4.283999999999999,160.7554,146.97
4.285000000000004,158.3209,144.26
4.285999999999994,155.7279,141.51
4.286999999999999,153.1655,138.72
4.288000000000004,151.0679,135.89
4.288999999999994,148.6423,133.03
4.289999999999999,146.5425,130.13
4.291000000000004,143.839,127.2
4.2919999999999945,141.683,124.25
4.292999999999999,138.9225,121.27
4.294000000000004,136.7888,118.27
4.294999999999995,134.179,115.25
4.295999999999999,131.8912,112.22
4.297000000000004,128.9313,109.18
4.297999999999995,127.8292,106.12
4.2989999999999995,124.9145,103.06
4.300000000000004,122.2271,100.0
4.300999999999995,119.0558,96.94
4.302,116.0741,93.88
4.303000000000004,112.9972,90.82
4.303999999999995,110.2132,87.78
4.305,107.2853,84.75
4.3060000000000045,104.8289,81.73
4.306999999999995,102.0766,78.73
4.308,99.4526,75.75
4.30899999999999,96.2917,72.8
4.309999999999995,93.442,69.87
4.311,90.7308,66.97
4.3119999999999905,87.9897,64.11
4.312999999999995,85.6557,61.28
4.314,84.4697,58.49
4.314999999999991,81.8656,55.74
4.315999999999995,79.6322,53.03
4.317,76.7067,50.37
4.317999999999991,73.9466,47.76
4.3189999999999955,70.9858,45.2
4.32,68.4521,42.69
4.320999999999991,65.5994,40.24
4.321999999999996,62.9797,37.85
4.323,60.474,35.52
4.323999999999991,58.1448,33.26
4.324999999999996,55.6788,31.06
4.3260000000000005,53.2649,28.92
4.326999999999991,51.1355,26.86
4.327999999999996,49.1957,24.87
4.329000000000001,47.5043,22.96
4.329999999999991,46.853,21.12
4.330999999999996,44.8416,19.36
4.332000000000001,43.539,17.68
4.332999999999991,41.9034,16.08
4.333999999999996,40.4515,14.56
4.335000000000001,38.389,13.13
4.335999999999991,36.3299,11.78
4.336999999999996,34.4346,10.52
4.338000000000001,32.7084,9.35
4.3389999999999915,31.0926,8.26
4.339999999999996,29.1954,7.27
4.341000000000001,27.3282,6.37
4.341999999999992,25.8305,5.56
4.342999999999996,24.5214,4.85
4.344000000000001,23.4542,4.23
4.344999999999992,22.381,3.7
4.3459999999999965,22.0372,3.27
4.347000000000001,21.4919,2.93
4.347999999999992,20.8988,2.69
4.348999999999997,20.244,2.55
4.350000000000001,19.2457,2.5
4.350999999999992,18.446,2.55
4.351999999999997,17.6769,2.69
4.3530000000000015,16.9545,2.93
4.353999999999992,16.1908,3.27
4.354999999999997,15.8579,3.7
4.356000000000002,15.5224,4.23
4.356999999999992,14.9841,4.85
4.357999999999997,14.3766,5.56
4.359000000000002,13.9823,6.37
4.359999999999992,13.6768,7.27
4.360999999999997,13.6758,8.26
4.362000000000002,13.9284,9.35
4.362999999999992,13.997,10.52
4.363999999999997,14.2482,11.78
4.365000000000002,14.1852,13.13
4.3659999999999926,14.0912,14.56
4.366999999999997,14.2057,16.08
4.368000000000002,14.5436,17.68
4.368999999999993,14.922,19.36
4.369999999999997,15.3462,21.12
4.371000000000002,15.9558,22.96
4.371999999999993,16.7203,24.87
4.3729999999999976,17.7364,26.86
4.374000000000002,18.4398,28.92
4.374999999999993,19.5624,31.06
4.375999999999998,20.4891,33.26
4.3770000000000024,21.7942,35.52
4.377999999999993,22.9607,37.85
4.378999999999998,24.0193,40.24
4.380000000000003,25.4198,42.69
4.380999999999993,27.1545,45.2
4.381999999999998,28.772,47.76
4.383000000000003,30.6729,50.37
4.383999999999993,32.4997,53.03
4.384999999999998,34.9431,55.74
4.386000000000003,37.3644,58.49
4.386999999999993,40.2232,61.28
4.387999999999998,42.9038,64.11
4.389000000000003,45.5756,66.97
4.3899999999999935,47.9126,69.87
4.390999999999998,50.234,72.8
4.392000000000003,52.6013,75.75
4.392999999999994,54.9765,78.73
4.393999999999998,57.5324,81.73
4.395000000000003,58.9785,84.75
4.395999999999994,61.3208,87.78
4.3969999999999985,64.2017,90.82
4.398000000000003,66.6812,93.88
4.398999999999994,69.7058,96.94
4.399999999999999,72.6135,100.0
4.401000000000003,76.0906,103.06
4.401999999999994,79.4242,106.12
4.402999999999999,82.7434,109.18
4.4040000000000035,85.9719,112.22
4.404999999999994,88.9435,115.25
4.405999999999999,91.5407,118.27
4.407000000000004,93.941,121.27
4.407999999999994,96.2924,124.25
4.408999999999999,98.7393,127.2
4.410000000000004,101.0757,130.13
4.410999999999994,102.6929,133.03
4.411999999999999,105.1019,135.89
4.413000000000004,108.1808,138.72
4.413999999999994,110.7129,141.51
4.414999999999999,113.738,144.26
4.416000000000004,116.1589,146.97
4.4169999999999945,119.5288,149.63
4.417999999999999,122.6917,152.24
4.419000000000004,126.5084,154.8
4.419999999999995,129.6823,157.31
4.420999999999999,132.7438,159.76
4.422000000000004,135.5714,162.15
4.422999999999995,137.9331,164.48
4.4239999999999995,140.3683,166.74
4.425000000000004,142.3199,168.94
4.425999999999995,144.5525,171.07
4.427,145.4913,173.13
4.428000000000004,147.7184,175.12
4.428999999999995,149.5395,177.04
4.43,151.6773,178.88
4.4310000000000045,153.3407,180.64
4.431999999999995,155.3467,182.32
4.433,157.6959,183.92
4.43399999999999,160.1519,185.44
4.434999999999995,162.7336,186.87
4.436,164.8475,188.22
4.4369999999999905,167.2256,189.48
4.437999999999995,168.9798,190.65
4.439,170.8731,191.74
4.439999999999991,172.5053,192.73
4.440999999999995,174.0192,193.63
4.442,175.2998,194.44
4.442999999999991,176.043,195.15
4.4439999999999955,176.7897,195.77
4.445,177.8841,196.3
4.445999999999991,178.1895,196.73
4.446999999999996,178.8834,197.07
4.448,179.2074,197.31
4.448999999999991,179.9024,197.45
4.449999999999996,180.4119,197.5
4.4510000000000005,181.1073,197.45
4.451999999999991,181.863,197.31
4.452999999999996,182.5889,197.07
4.454000000000001,183.2232,196.73
4.454999999999991,183.7305,196.3
4.455999999999996,183.838,195.77
4.457000000000001,183.9697,195.15
4.457999999999991,183.8236,194.44
4.458999999999996,184.0455,193.63
4.460000000000001,184.0413,192.73
4.460999999999991,183.7223,191.74
4.461999999999996,183.1535,190.65
4.463000000000001,182.6535,189.48
4.4639999999999915,182.2301,188.22
4.464999999999996,181.8284,186.87
4.466000000000001,181.2988,185.44
4.466999999999992,180.6597,183.92
4.467999999999996,180.0927,182.32
4.469000000000001,179.7728,180.64
4.469999999999992,179.1676,178.88
4.4709999999999965,178.6504,177.04
4.472000000000001,177.6047,175.12
4.472999999999992,176.7882,173.13
4.473999999999997,175.6361,171.07
4.475000000000001,174.6409,168.94
4.475999999999992,174.2482,166.74
4.476999999999997,172.9375,164.48
4.4780000000000015,171.4585,162.15
4.478999999999992,169.7645,159.76
4.479999999999997,167.929,157.31
4.481000000000002,166.1917,154.8
4.481999999999992,164.4063,152.24
4.482999999999997,162.4932,149.63
4.484000000000002,160.3936,146.97
4.484999999999992,157.9625,144.26
4.485999999999997,155.8518,141.51
4.487000000000002,153.6454,138.72
4.487999999999992,151.2832,135.89
4.488999999999997,148.4875,133.03
4.490000000000002,145.9051,130.13
4.4909999999999926,143.952,127.2
4.491999999999997,143.0408,124.25
4.493000000000002,140.6166,121.27
4.493999999999993,138.31,118.27
4.494999999999997,135.4659,115.25
4.496000000000002,132.9202,112.22
4.496999999999993,129.9236,109.18
4.4979999999999976,127.0707,106.12
4.499000000000002,124.1664,103.06
4.499999999999993,120.9481,100.0
4.500999999999998,118.1641,96.94
4.5020000000000024,114.6405,93.88
4.502999999999993,111.6809,90.82
4.503999999999998,108.3656,87.78
4.505000000000003,105.9311,84.75
4.505999999999993,103.4345,81.73
4.506999999999998,100.8483,78.73
4.508000000000003,100.0138,75.75
4.508999999999993,97.2899,72.8
4.509999999999998,94.9507,69.87
4.511000000000003,92.6631,66.97
4.511999999999993,89.9296,64.11
4.512999999999998,87.2823,61.28
4.514000000000003,84.4239,58.49
4.5149999999999935,81.8239,55.74
4.515999999999998,78.9303,53.03
4.517000000000003,76.0218,50.37
4.517999999999994,73.1039,47.76
4.518999999999998,70.6695,45.2
4.520000000000003,67.9399,42.69
4.520999999999994,65.3358,40.24
4.5219999999999985,62.8233,37.85
4.523000000000003,60.785,35.52
4.523999999999994,59.8859,33.26
4.524999999999999,57.7172,31.06
4.526000000000003,55.5031,28.92
4.526999999999994,53.7107,26.86
4.527999999999999,51.6733,24.87
4.5290000000000035,49.5943,22.96
4.529999999999994,46.9583,21.12
4.530999999999999,44.4716,19.36
4.532000000000004,41.9668,17.68
4.532999999999994,39.959,16.08
4.533999999999999,38.1129,14.56
4.535000000000004,36.3426,13.13
4.535999999999994,34.4777,11.78
4.536999999999999,32.5978,10.52
4.538000000000004,31.3824,9.35
4.538999999999994,30.5967,8.26
4.539999999999999,30.2043,7.27
4.541000000000004,29.5356,6.37
4.5419999999999945,28.1229,5.56
4.542999999999999,27.0197,4.85
4.544000000000004,25.7561,4.23
4.544999999999995,24.2995,3.7
4.545999999999999,23.2584,3.27
4.547000000000004,22.0703,2.93
4.547999999999995,21.1569,2.69
4.5489999999999995,20.0138,2.55
4.550000000000004,18.9007,2.5
4.550999999999995,18.0925,2.55
4.552,17.1551,2.69
4.553000000000004,16.2912,2.93
4.553999999999995,15.5778,3.27
4.555,15.2339,3.7
4.5560000000000045,15.3527,4.23
4.556999999999995,15.1249,4.85
4.558,14.5628,5.56
4.55899999999999,14.4034,6.37
4.559999999999995,13.8784,7.27
4.561,13.6258,8.26
4.5619999999999905,13.2792,9.35
4.562999999999995,13.3397,10.52
4.564,13.4227,11.78
4.564999999999991,13.3868,13.13
4.565999999999995,13.4408,14.56
4.567,13.672,16.08
4.567999999999991,14.3132,17.68
4.5689999999999955,14.9207,19.36
4.57,15.7586,21.12
4.570999999999991,16.4806,22.96
4.571999999999996,17.0515,24.87
4.573,17.8579,26.86
4.573999999999991,18.6944,28.92
4.574999999999996,19.5763,31.06
4.5760000000000005,20.4609,33.26
4.576999999999991,21.679,35.52
4.577999999999996,22.9834,37.85
4.579000000000001,24.5899,40.24
4.579999999999991,26.161,42.69
4.580999999999996,28.2144,45.2
4.582000000000001,30.2389,47.76
4.582999999999991,32.2271,50.37
4.583999999999996,34.3098,53.03
4.585000000000001,36.3023,55.74
4.585999999999991,38.4267,58.49
4.586999999999996,40.7082,61.28
4.588000000000001,43.0665,64.11
4.5889999999999915,44.3839,66.97
4.589999999999996,47.0662,69.87
4.591000000000001,49.337,72.8
4.591999999999992,52.1999,75.75
4.592999999999996,54.4499,78.73
4.594000000000001,57.3055,81.73
4.594999999999992,59.763,84.75
4.5959999999999965,62.9074,87.78
4.597000000000001,65.8486,90.82
4.597999999999992,68.8763,93.88
4.598999999999997,71.6498,96.94
4.600000000000001,74.1197,100.0
4.600999999999992,76.8137,103.06
4.601999999999997,79.2484,106.12
4.6030000000000015,82.0813,109.18
4.603999999999992,84.5072,112.22
4.604999999999997,86.2152,115.25
4.606000000000002,88.5307,118.27
4.606999999999992,91.8357,121.27
4.607999999999997,94.3416,124.25
4.609000000000002,97.7583,127.2
4.609999999999992,100.5089,130.13
4.610999999999997,103.7449,133.03
4.612000000000002,106.5555,135.89
4.612999999999992,109.8922,138.72
4.613999999999997,112.9068,141.51
4.615000000000002,116.2191,144.26
4.6159999999999926,118.8091,146.97
4.616999999999997,121.5923,149.63
4.618000000000002,124.061,152.24
4.618999999999993,126.6143,154.8
4.619999999999997,129.207,157.31
4.621000000000002,130.6295,159.76
4.621999999999993,132.6152,162.15
4.6229999999999976,135.3295,164.48
4.624000000000002,137.5042,166.74
4.624999999999993,139.9617,168.94
4.625999999999998,142.1094,171.07
4.6270000000000024,144.6023,173.13
4.627999999999993,147.1351,175.12
4.628999999999998,150.08,177.04
4.630000000000003,153.1916,178.88
4.630999999999993,156.2949,180.64
4.631999999999998,159.0694,182.32
4.633000000000003,161.0633,183.92
4.633999999999993,163.0708,185.44
4.634999999999998,164.8313,186.87
4.636000000000003,166.4614,188.22
4.636999999999993,167.2049,189.48
4.637999999999998,168.4925,190.65
4.639000000000003,169.2314,191.74
4.6399999999999935,170.5625,192.73
4.640999999999998,171.5405,193.63
4.642000000000003,172.9095,194.44
4.642999999999994,174.0575,195.15
4.643999999999998,175.6183,195.77
4.645000000000003,177.4841,196.3
4.645999999999994,179.2274,196.73
4.6469999999999985,180.8251,197.07
4.648000000000003,182.0775,197.31
4.648999999999994,182.8593,197.45
4.649999999999999,183.3255,197.5
4.651000000000003,183.552,197.45
4.651999999999994,183.6788,197.31
4.652999999999999,183.7053,197.07
4.6540000000000035,183.6982,196.73
4.654999999999994,183.7147,196.3
4.655999999999999,183.5731,195.77
4.657000000000004,183.5939,195.15
4.657999999999994,183.4632,194.44
4.658999999999999,183.7958,193.63
4.660000000000004,184.0646,192.73
4.660999999999994,184.4062,191.74
4.661999999999999,184.4781,190.65
4.663000000000004,184.5638,189.48
4.663999999999994,184.3494,188.22
4.664999999999999,184.2174,186.87
4.666000000000004,183.4749,185.44
4.6669999999999945,182.8057,183.92
4.667999999999999,181.6564,182.32
4.669000000000004,181.3083,180.64
4.669999999999995,180.1889,178.88
4.670999999999999,178.8344,177.04
4.672000000000004,177.8226,175.12
4.672999999999995,176.3857,173.13
4.6739999999999995,175.4842,171.07
4.675000000000004,174.5474,168.94
4.675999999999995,173.7676,166.74
4.677,172.4489,164.48
4.678000000000004,171.524,162.15
4.678999999999995,170.2918,159.76
4.68,169.215,157.31
4.6810000000000045,167.2909,154.8
4.681999999999995,165.2359,152.24
4.683,162.8358,149.63
4.68399999999999,160.3569,146.97
4.684999999999995,157.974,144.26
4.686,157.0089,141.51
4.6869999999999905,154.3657,138.72
4.687999999999995,151.719,135.89
4.689,148.8564,133.03
4.689999999999991,146.2011,130.13
4.690999999999995,143.6867,127.2
4.692,141.2525,124.25
4.692999999999991,138.8961,121.27
4.6939999999999955,136.4238,118.27
4.695,133.9498,115.25
4.695999999999991,131.2205,112.22
4.696999999999996,128.3789,109.18
4.698,125.3934,106.12
4.698999999999991,122.4959,103.06
4.699999999999996,119.7187,100.0
4.7010000000000005,117.1038,96.94
4.701999999999991,115.9281,93.88
4.702999999999996,113.6302,90.82
4.704000000000001,110.7756,87.78
4.704999999999991,107.8981,84.75
4.705999999999996,105.2709,81.73
4.707000000000001,102.4573,78.73
4.707999999999991,99.9955,75.75
4.708999999999996,97.1869,72.8
4.710000000000001,94.2774,69.87
4.710999999999991,91.1179,66.97
4.711999999999996,88.2722,64.11
4.713000000000001,85.5689,61.28
4.7139999999999915,83.1984,58.49
4.714999999999996,80.474,55.74
4.716000000000001,77.9127,53.03
4.716999999999992,74.725,50.37
4.717999999999996,74.4942,47.76
4.719000000000001,72.1376,45.2
4.719999999999992,69.1935,42.69
4.7209999999999965,67.0578,40.24
4.722000000000001,64.5861,37.85
4.722999999999992,62.3702,35.52
4.723999999999997,59.6147,33.26
4.725000000000001,57.3628,31.06
4.725999999999992,54.8934,28.92
4.726999999999997,52.7568,26.86
4.7280000000000015,50.3484,24.87
4.728999999999992,48.2907,22.96
4.729999999999997,46.0879,21.12
4.731000000000002,43.9879,19.36
4.731999999999992,42.0628,17.68
4.732999999999997,40.3429,16.08
4.734000000000002,39.614,14.56
4.734999999999992,38.0812,13.13
4.735999999999997,36.5374,11.78
4.737000000000002,34.7642,10.52
4.737999999999992,32.8265,9.35
4.738999999999997,30.9779,8.26
4.740000000000002,29.4869,7.27
4.7409999999999926,28.2373,6.37
4.741999999999997,26.6522,5.56
4.743000000000002,25.2404,4.85
4.743999999999993,23.7219,4.23
4.744999999999997,22.7916,3.7
4.746000000000002,21.6166,3.27
4.746999999999993,20.7639,2.93
4.7479999999999976,19.8561,2.69
4.749000000000002,19.2644,2.55
4.749999999999993,19.2789,2.5
4.750999999999998,18.5462,2.55
4.7520000000000024,18.0752,2.69
4.752999999999993,17.4436,2.93
4.753999999999998,17.0611,3.27
4.755000000000003,16.4634,3.7
4.755999999999993,15.7985,4.23
4.756999999999998,15.1255,4.85
4.758000000000003,14.5854,5.56
4.758999999999993,14.3779,6.37
4.759999999999998,13.9155,7.27
4.761000000000003,13.7608,8.26
4.761999999999993,13.1361,9.35
4.762999999999998,13.0213,10.52
4.764000000000003,13.1558,11.78
4.7649999999999935,13.8635,13.13
4.765999999999998,14.1495,14.56
4.767000000000003,14.6493,16.08
4.767999999999994,14.5905,17.68
4.768999999999998,15.0866,19.36
4.770000000000003,15.375,21.12
4.770999999999994,15.9215,22.96
4.7719999999999985,16.2397,24.87
4.773000000000003,17.3389,26.86
4.773999999999994,18.5194,28.92
4.774999999999999,19.7463,31.06
4.776000000000003,20.7937,33.26
4.776999999999994,22.0297,35.52
4.777999999999999,23.5249,37.85
4.7790000000000035,25.2377,40.24
4.779999999999994,27.0432,42.69
4.780999999999999,28.9925,45.2
4.782000000000004,30.2585,47.76
4.782999999999994,32.1603,50.37
4.783999999999999,34.0348,53.03
4.785000000000004,35.9258,55.74
4.785999999999994,37.5324,58.49
4.786999999999999,39.7006,61.28
4.788000000000004,41.7483,64.11
4.788999999999994,44.1796,66.97
4.789999999999999,46.3559,69.87
4.791000000000004,49.1095,72.8
4.7919999999999945,52.0888,75.75
4.792999999999999,55.1712,78.73
4.794000000000004,57.8558,81.73
4.794999999999995,60.7192,84.75
4.795999999999999,63.4119,87.78
4.797000000000004,66.5189,90.82
4.797999999999995,68.9378,93.88
4.7989999999999995,70.5129,96.94
4.800000000000004,73.1227,100.0
4.800999999999995,76.0507,103.06
4.802,78.9024,106.12
4.803000000000004,81.2802,109.18
4.803999999999995,83.8253,112.22
4.805,86.5456,115.25
4.8060000000000045,89.8778,118.27
4.806999999999995,92.9858,121.27
4.808,96.2626,124.25
4.80899999999999,98.9887,127.2
4.809999999999995,102.1329,130.13
4.811,104.4768,133.03
4.8119999999999905,107.4266,135.89
4.812999999999995,109.8287,138.72
4.814,112.6637,141.51
4.814999999999991,113.963,144.26
4.815999999999995,116.6148,146.97
4.817,119.2966,149.63
4.817999999999991,122.0958,152.24
4.8189999999999955,124.5819,154.8
4.82,127.3091,157.31
4.820999999999991,130.7484,159.76
4.821999999999996,134.0981,162.15
4.823,137.5356,164.48
4.823999999999991,140.4455,166.74
4.824999999999996,143.1825,168.94
4.8260000000000005,145.5334,171.07
4.826999999999991,147.6986,173.13
4.827999999999996,149.9517,175.12
4.829000000000001,151.9336,177.04
4.829999999999991,153.819,178.88
4.830999999999996,154.9064,180.64
4.832000000000001,156.4611,182.32
4.832999999999991,158.3708,183.92
4.833999999999996,160.3023,185.44
4.835000000000001,162.0049,186.87
4.835999999999991,163.9781,188.22
4.836999999999996,165.9842,189.48
4.838000000000001,168.4185,190.65
4.8389999999999915,170.8217,191.74
4.839999999999996,172.9685,192.73
4.841000000000001,174.9453,193.63
4.841999999999992,176.6714,194.44
4.842999999999996,177.8083,195.15
4.844000000000001,178.5836,195.77
4.844999999999992,179.2166,196.3
4.8459999999999965,180.0422,196.73
4.847000000000001,180.4981,197.07
4.847999999999992,180.9841,197.31
4.848999999999997,181.3755,197.45
4.850000000000001,181.6079,197.5
4.850999999999992,181.8216,197.45
4.851999999999997,182.1261,197.31
4.8530000000000015,182.8592,197.07
4.853999999999992,183.5622,196.73
4.854999999999997,184.7521,196.3
4.856000000000002,185.1433,195.77
4.856999999999992,185.5803,195.15
4.857999999999997,185.5617,194.44
4.859000000000002,185.6701,193.63
4.859999999999992,185.6238,192.73
4.860999999999997,185.3323,191.74
4.862000000000002,184.6905,190.65
4.862999999999992,184.6662,189.48
4.863999999999997,183.8496,188.22
4.865000000000002,183.4993,186.87
4.8659999999999926,182.5115,185.44
4.866999999999997,181.7872,183.92
4.868000000000002,180.739,182.32
4.868999999999993,180.1814,180.64
4.869999999999997,179.4785,178.88
4.871000000000002,179.1194,177.04
4.871999999999993,178.549,175.12
4.8729999999999976,177.8648,173.13
4.874000000000002,177.0852,171.07
4.874999999999993,176.0567,168.94
4.875999999999998,174.7405,166.74
4.8770000000000024,173.2685,164.48
4.877999999999993,171.7443,162.15
4.878999999999998,171.2051,159.76
4.880000000000003,169.3302,157.31
4.880999999999993,167.496,154.8
4.881999999999998,165.4234,152.24
4.883000000000003,163.1017,149.63
4.883999999999993,160.9447,146.97
4.884999999999998,158.4636,144.26
4.886000000000003,156.396,141.51
4.886999999999993,154.0302,138.72
4.887999999999998,152.03,135.89
4.889000000000003,149.6764,133.03
4.8899999999999935,147.3715,130.13
4.890999999999998,144.5795,127.2
4.892000000000003,142.0817,124.25
4.892999999999994,139.4755,121.27
4.893999999999998,137.1755,118.27
4.895000000000003,134.3107,115.25
4.895999999999994,133.319,112.22
4.8969999999999985,130.2404,109.18
4.898000000000003,127.5802,106.12
4.898999999999994,124.5748,103.06
4.899999999999999,121.3717,100.0
4.901000000000003,118.3553,96.94
4.901999999999994,115.164,93.88
4.902999999999999,111.9534,90.82
4.9040000000000035,109.0717,87.78
4.904999999999994,105.7167,84.75
4.905999999999999,103.0913,81.73
4.907000000000004,99.6031,78.73
4.907999999999994,97.2094,75.75
4.908999999999999,94.0461,72.8
4.910000000000004,91.7362,69.87
4.910999999999994,89.235,66.97
4.911999999999999,88.4845,64.11
4.913000000000004,86.5582,61.28
4.913999999999994,84.5593,58.49
4.914999999999999,82.2844,55.74
4.916000000000004,79.8126,53.03
4.9169999999999945,76.9385,50.37
4.917999999999999,74.6421,47.76
4.919000000000004,72.1261,45.2
4.919999999999995,69.5667,42.69
4.920999999999999,66.2757,40.24
4.922000000000004,63.2607,37.85
4.922999999999995,60.3829,35.52
4.9239999999999995,57.8371,33.26
4.925000000000004,55.3044,31.06
4.925999999999995,53.1234,28.92
4.927,51.3376,26.86
4.928000000000004,50.4035,24.87
4.928999999999995,48.8733,22.96
4.93,47.3353,21.12
4.9310000000000045,45.6874,19.36
4.931999999999995,43.8291,17.68
4.933,41.4744,16.08
4.93399999999999,39.7342,14.56
4.934999999999995,37.8282,13.13
4.936,36.1476,11.78
4.9369999999999905,34.1196,10.52
4.937999999999995,32.4148,9.35
4.939,31.0565,8.26
4.939999999999991,29.6523,7.27
4.940999999999995,28.1813,6.37
4.942,26.7242,5.56
4.942999999999991,25.4184,4.85
4.9439999999999955,25.0257,4.23
4.945,24.0329,3.7
4.945999999999991,23.1333,3.27
4.946999999999996,22.3342,2.93
4.948,21.2514,2.69
4.948999999999991,20.1092,2.55
4.949999999999996,19.0311,2.5
4.9510000000000005,18.0551,2.55
4.951999999999991,17.214,2.69
4.952999999999996,16.4104,2.93
4.954000000000001,15.6232,3.27
4.954999999999991,15.1028,3.7
4.955999999999996,14.517,4.23
4.957000000000001,14.0878,4.85
4.957999999999991,13.7764,5.56
4.958999999999996,13.8658,6.37
4.960000000000001,14.1575,7.27
4.960999999999991,14.3754,8.26
4.961999999999996,14.5663,9.35
4.963000000000001,14.2851,10.52
4.9639999999999915,14.3842,11.78
4.964999999999996,14.0925,13.13
4.966000000000001,14.2569,14.56
4.966999999999992,14.0192,16.08
4.967999999999996,14.2895,17.68
4.969000000000001,14.3441,19.36
4.969999999999992,15.0685,21.12
4.9709999999999965,15.6292,22.96
4.972000000000001,16.7439,24.87
4.972999999999992,17.5632,26.86
4.973999999999997,18.8043,28.92
4.975000000000001,19.9789,31.06
4.975999999999992,20.8552,33.26
4.976999999999997,22.2422,35.52
4.9780000000000015,23.2341,37.85
4.978999999999992,24.5396,40.24
4.979999999999997,25.989,42.69
4.981000000000002,27.8322,45.2
4.981999999999992,29.5634,47.76
4.982999999999997,31.2505,50.37
4.984000000000002,33.4236,53.03
4.984999999999992,35.6932,55.74
4.985999999999997,38.2669,58.49
4.987000000000002,40.6124,61.28
4.987999999999992,43.3003,64.11
4.988999999999997,45.8593,66.97
4.990000000000002,48.4388,69.87
4.9909999999999926,51.1407,72.8
4.991999999999997,53.6298,75.75
4.993000000000002,55.0411,78.73
4.993999999999993,57.4849,81.73
4.994999999999997,60.1026,84.75
4.996000000000002,62.3811,87.78
4.996999999999993,64.8464,90.82
4.9979999999999976,67.4076,93.88
4.999000000000002,70.2241,96.94
4.999999999999993,73.398,100.0
5.000999999999998,76.0362,103.06
5.0020000000000024,79.4369,106.12
5.002999999999993,82.0805,109.18
5.003999999999998,85.6492,112.22
5.005000000000003,88.1476,115.25
5.005999999999993,91.0414,118.27
5.006999999999998,93.4669,121.27
5.008000000000003,96.3405,124.25
5.008999999999993,97.6477,127.2
5.009999999999998,100.4285,130.13
5.011000000000003,102.908,133.03
5.011999999999993,105.6346,135.89
5.012999999999998,108.5975,138.72
5.014000000000003,111.7289,141.51
5.0149999999999935,115.0598,144.26
5.015999999999998,118.1641,146.97
5.017000000000003,121.6968,149.63
5.017999999999994,124.6897,152.24
5.018999999999998,127.706,154.8
5.020000000000003,129.9697,157.31
5.020999999999994,132.7149,159.76
5.0219999999999985,134.9969,162.15
5.023000000000003,137.4211,164.48
5.023999999999994,139.5717,166.74
5.024999999999999,140.9302,168.94
5.026000000000003,143.2281,171.07
5.026999999999994,145.1962,173.13
5.027999999999999,147.5409,175.12
5.0290000000000035,149.8677,177.04
5.029999999999994,152.4481,178.88
5.030999999999999,154.9323,180.64
5.032000000000004,157.5825,182.32
5.032999999999994,160.2092,183.92
5.033999999999999,162.9375,185.44
5.035000000000004,165.0504,186.87
5.035999999999994,167.2115,188.22
5.036999999999999,168.802,189.48
5.038000000000004,170.3425,190.65
5.038999999999994,171.5479,191.74
5.039999999999999,172.4153,192.73
5.041000000000004,172.9036,193.63
5.0419999999999945,174.0287,194.44
5.042999999999999,175.0387,195.15
5.044000000000004,176.2531,195.77
5.044999999999995,177.1904,196.3
5.045999999999999,178.526,196.73
5.047000000000004,179.7491,197.07
5.047999999999995,181.5136,197.31
5.0489999999999995,182.51,197.45
5.050000000000004,183.8027,197.5
5.050999999999995,184.2483,197.45
5.052,184.9598,197.31
5.053000000000004,185.2113,197.07
5.053999999999995,185.45,196.73
5.055,185.3573,196.3
5.0560000000000045,185.1468,195.77
5.056999999999995,184.9351,195.15
5.058,184.8648,194.44
5.05899999999999,184.531,193.63
5.059999999999995,184.3015,192.73
5.061,184.1123,191.74
5.0619999999999905,183.7007,190.65
5.062999999999995,183.7756,189.48
5.064,183.7203,188.22
5.064999999999991,183.8964,186.87
5.065999999999995,183.8094,185.44
5.067,183.57,183.92
5.067999999999991,183.097,182.32
5.0689999999999955,182.3189,180.64
5.07,181.4768,178.88
5.070999999999991,180.4115,177.04
5.071999999999996,179.3051,175.12
5.073,178.7394,173.13
5.073999999999991,177.4327,171.07
5.074999999999996,175.9415,168.94
5.0760000000000005,174.6331,166.74
5.076999999999991,173.2692,164.48
5.077999999999996,171.8213,162.15
5.079000000000001,170.4213,159.76
5.079999999999991,169.0303,157.31
5.080999999999996,167.6077,154.8
5.082000000000001,165.75,152.24
5.082999999999991,163.7249,149.63
5.083999999999996,161.5506,146.97
5.085000000000001,158.8653,144.26
5.085999999999991,156.2467,141.51
5.086999999999996,153.5004,138.72
5.088000000000001,150.9747,135.89
5.0889999999999915,149.8787,133.03
5.089999999999996,147.3641,130.13
5.091000000000001,144.7883,127.2
5.091999999999992,142.7042,124.25
5.092999999999996,139.9888,121.27
5.094000000000001,137.6168,118.27
5.094999999999992,134.5797,115.25
5.0959999999999965,132.1582,112.22
5.097000000000001,129.3013,109.18
5.097999999999992,126.7164,106.12
5.098999999999997,123.9957,103.06
5.100000000000001,121.0491,100.0
5.100999999999992,117.8243,96.94
5.101999999999997,114.7773,93.88
5.1030000000000015,112.0057,90.82
5.103999999999992,109.6352,87.78
5.104999999999997,106.8299,84.75
5.106000000000002,105.7059,81.73
5.106999999999992,103.1168,78.73
5.107999999999997,100.3859,75.75
5.109000000000002,97.9118,72.8
5.109999999999992,94.6355,69.87
5.110999999999997,91.7877,66.97
5.112000000000002,88.5251,64.11
5.112999999999992,86.1413,61.28
5.113999999999997,82.9777,58.49
5.115000000000002,79.6529,55.74
5.1159999999999926,76.4004,53.03
5.116999999999997,73.577,50.37
5.118000000000002,71.2655,47.76
5.118999999999993,68.7171,45.2
5.119999999999997,66.6731,42.69
5.121000000000002,64.8426,40.24
5.121999999999993,63.978,37.85
5.1229999999999976,61.8062,35.52
5.124000000000002,59.6975,33.26
5.124999999999993,57.8344,31.06
5.125999999999998,55.848,28.92
5.1270000000000024,53.7015,26.86
5.127999999999993,51.6085,24.87
5.128999999999998,49.2757,22.96
5.130000000000003,46.9197,21.12
5.130999999999993,44.3563,19.36
5.131999999999998,42.1775,17.68
5.133000000000003,40.1431,16.08
5.133999999999993,38.2973,14.56
5.134999999999998,36.4525,13.13
5.136000000000003,34.6217,11.78
5.136999999999993,33.2407,10.52
5.137999999999998,33.0221,9.35
5.139000000000003,31.6088,8.26
5.1399999999999935,30.6292,7.27
5.140999999999998,29.3527,6.37
5.142000000000003,28.0947,5.56
5.142999999999994,26.2904,4.85
5.143999999999998,24.7571,4.23
5.145000000000003,23.6368,3.7
5.145999999999994,22.6616,3.27
5.1469999999999985,21.75,2.93
5.148000000000003,20.8338,2.69
5.148999999999994,19.6807,2.55
5.149999999999999,18.5563,2.5
5.151000000000003,17.489,2.55
5.151999999999994,16.9715,2.69
5.152999999999999,16.6393,2.93
5.1540000000000035,16.6522,3.27
5.154999999999994,16.4477,3.7
5.155999999999999,15.9593,4.23
5.157000000000004,15.3961,4.85
5.157999999999994,14.5556,5.56
5.158999999999999,14.0953,6.37
5.160000000000004,13.689,7.27
5.160999999999994,13.5129,8.26
5.161999999999999,13.3645,9.35
5.163000000000004,13.2648,10.52
5.163999999999994,13.5231,11.78
5.164999999999999,13.5642,13.13
5.166000000000004,13.9075,14.56
5.1669999999999945,14.015,16.08
5.167999999999999,14.6855,17.68
5.169000000000004,15.2085,19.36
5.169999999999995,15.9011,21.12
5.170999999999999,16.5919,22.96
5.172000000000004,17.2027,24.87
5.172999999999995,17.8586,26.86
5.1739999999999995,18.5551,28.92
5.175000000000004,19.2616,31.06
5.175999999999995,20.1417,33.26
5.177,21.3571,35.52
5.178000000000004,22.8236,37.85
5.178999999999995,24.7002,40.24
5.18,26.3925,42.69
5.1810000000000045,28.6983,45.2
5.181999999999995,30.5993,47.76
5.183,32.7086,50.37
5.18399999999999,34.5714,53.03
5.184999999999995,36.937,55.74
5.186,38.271,58.49
5.1869999999999905,40.2386,61.28
5.187999999999995,42.2279,64.11
5.189,44.1973,66.97
5.189999999999991,46.353,69.87
5.190999999999995,48.831,72.8
5.192,51.4604,75.75
5.192999999999991,54.254,78.73
5.1939999999999955,57.1439,81.73
5.195,60.2724,84.75
5.195999999999991,63.2847,87.78
5.196999999999996,65.9772,90.82
5.198,68.79,93.88
5.198999999999991,71.4386,96.94
5.199999999999996,74.3606,100.0
5.2010000000000005,77.1579,103.06
5.201999999999991,79.9714,106.12
5.202999999999996,81.4662,109.18
5.204000000000001,84.0652,112.22
5.204999999999991,86.7137,115.25
5.205999999999996,89.6557,118.27
5.207000000000001,92.5249,121.27
5.207999999999991,95.7054,124.25
5.208999999999996,98.576,127.2
5.210000000000001,102.1029,130.13
5.210999999999991,105.1705,133.03
5.211999999999996,108.4231,135.89
5.213000000000001,110.9989,138.72
5.2139999999999915,113.7478,141.51
5.214999999999996,116.2155,144.26
5.216000000000001,118.8659,146.97
5.216999999999992,121.3471,149.63
5.217999999999996,123.8549,152.24
5.219000000000001,125.247,154.8
5.219999999999992,127.6677,157.31
5.2209999999999965,130.3103,159.76
5.222000000000001,133.0315,162.15
5.222999999999992,135.7029,164.48
5.223999999999997,138.5953,166.74
5.225000000000001,141.2853,168.94
5.225999999999992,144.5443,171.07
5.226999999999997,147.3923,173.13
5.2280000000000015,150.4354,175.12
5.228999999999992,152.7535,177.04
5.229999999999997,154.8477,178.88
5.231000000000002,156.7882,180.64
5.231999999999992,158.5491,182.32
5.232999999999997,160.4333,183.92
5.234000000000002,161.7678,185.44
5.234999999999992,162.731,186.87
5.235999999999997,164.3549,188.22
5.237000000000002,166.0363,189.48
5.237999999999992,167.9422,190.65
5.238999999999997,169.3996,191.74
5.240000000000002,171.2258,192.73
5.2409999999999926,173.036,193.63
5.241999999999997,175.1457,194.44
5.243000000000002,176.9503,195.15
5.243999999999993,178.3936,195.77
5.244999999999997,179.6569,196.3
5.246000000000002,180.6926,196.73
5.246999999999993,181.5936,197.07
5.2479999999999976,182.1447,197.31
5.249000000000002,182.4967,197.45
5.249999999999993,182.9615,197.5
5.250999999999998,183.2314,197.45
5.2520000000000024,183.8192,197.31
5.252999999999993,183.9981,197.07
5.253999999999998,184.3314,196.73
5.255000000000003,184.5532,196.3
5.255999999999993,184.7354,195.77
5.256999999999998,185.1472,195.15
5.258000000000003,185.3324,194.44
5.258999999999993,185.6193,193.63
5.259999999999998,185.9034,192.73
5.261000000000003,186.0892,191.74
5.261999999999993,186.0807,190.65
5.262999999999998,185.5962,189.48
5.264000000000003,184.969,188.22
5.2649999999999935,184.2106,186.87
5.265999999999998,183.4838,185.44
5.267000000000003,183.1516,183.92
5.267999999999994,182.4422,182.32
5.268999999999998,181.542,180.64
5.270000000000003,180.7357,178.88
5.270999999999994,179.6636,177.04
5.2719999999999985,178.7207,175.12
5.273000000000003,177.6387,173.13
5.273999999999994,177.0711,171.07
5.274999999999999,176.1608,168.94
5.276000000000003,175.4921,166.74
5.276999999999994,174.2377,164.48
5.277999999999999,173.1785,162.15
5.2790000000000035,171.1765,159.76
5.279999999999994,169.2032,157.31
5.280999999999999,166.7551,154.8
5.282000000000004,164.8083,152.24
5.282999999999994,163.7004,149.63
5.283999999999999,161.6642,146.97
5.285000000000004,159.2256,144.26
5.285999999999994,157.0702,141.51
5.286999999999999,154.8095,138.72
5.288000000000004,152.6031,135.89
5.288999999999994,150.202,133.03
5.289999999999999,148.0394,130.13
5.291000000000004,145.3318,127.2
5.2919999999999945,142.9072,124.25
5.292999999999999,139.8926,121.27
5.294000000000004,137.5917,118.27
5.294999999999995,134.6988,115.25
5.295999999999999,132.0486,112.22
5.297000000000004,128.9277,109.18
5.297999999999995,125.9679,106.12
5.2989999999999995,124.5659,103.06
5.300000000000004,121.7342,100.0
5.300999999999995,118.9015,96.94
5.302,116.1268,93.88
5.303000000000004,113.4245,90.82
5.303999999999995,110.3086,87.78
5.305,107.4347,84.75
5.3060000000000045,104.4054,81.73
5.306999999999995,101.8241,78.73
5.308,99.1403,75.75
5.30899999999999,96.5251,72.8
5.309999999999995,93.8855,69.87
5.311,91.2484,66.97
5.3119999999999905,88.2837,64.11
5.312999999999995,85.6558,61.28
5.314,83.0155,58.49
5.314999999999991,80.5292,55.74
5.315999999999995,79.2074,53.03
5.317,77.1338,50.37
5.317999999999991,74.2376,47.76
5.3189999999999955,71.7899,45.2
5.32,68.6282,42.69
5.320999999999991,66.0948,40.24
5.321999999999996,63.3141,37.85
5.323,60.8476,35.52
5.323999999999991,58.1616,33.26
5.324999999999996,55.7043,31.06
5.3260000000000005,53.0982,28.92
5.326999999999991,50.8984,26.86
5.327999999999996,48.9782,24.87
5.329000000000001,47.045,22.96
5.329999999999991,44.9332,21.12
5.330999999999996,43.1665,19.36
5.332000000000001,42.6105,17.68
5.332999999999991,41.3309,16.08
5.333999999999996,39.9563,14.56
5.335000000000001,38.5666,13.13
5.335999999999991,36.7431,11.78
5.336999999999996,35.1247,10.52
5.338000000000001,33.3081,9.35
5.3389999999999915,31.7046,8.26
5.339999999999996,29.8771,7.27
5.341000000000001,28.4068,6.37
5.341999999999992,26.8326,5.56
5.342999999999996,25.1904,4.85
5.344000000000001,23.6268,4.23
5.344999999999992,22.1153,3.7
5.3459999999999965,21.1784,3.27
5.347000000000001,20.4859,2.93
5.347999999999992,20.3306,2.69
5.348999999999997,19.992,2.55
5.350000000000001,19.5446,2.5
5.350999999999992,18.9776,2.55
5.351999999999997,18.1153,2.69
5.3530000000000015,17.3137,2.93
5.353999999999992,16.8186,3.27
5.354999999999997,16.2678,3.7
5.356000000000002,15.7053,4.23
5.356999999999992,15.1795,4.85
5.357999999999997,14.9302,5.56
5.359000000000002,14.3032,6.37
5.359999999999992,13.8162,7.27
5.360999999999997,13.3226,8.26
5.362000000000002,13.1518,9.35
5.362999999999992,13.367,10.52
5.363999999999997,13.7325,11.78
5.365000000000002,13.9657,13.13
5.3659999999999926,14.3008,14.56
5.366999999999997,14.5262,16.08
5.368000000000002,14.9059,17.68
5.368999999999993,15.2129,19.36
5.369999999999997,15.7317,21.12
5.371000000000002,16.0857,22.96
5.371999999999993,16.7781,24.87
5.3729999999999976,17.4176,26.86
5.374000000000002,18.4286,28.92
5.374999999999993,19.5485,31.06
5.375999999999998,20.7112,33.26
5.3770000000000024,22.1005,35.52
5.377999999999993,23.4846,37.85
5.378999999999998,25.2849,40.24
5.380000000000003,26.3452,42.69
5.380999999999993,27.8754,45.2
5.381999999999998,29.6164,47.76
5.383000000000003,31.5479,50.37
5.383999999999993,33.5848,53.03
5.384999999999998,35.695,55.74
5.386000000000003,37.4544,58.49
5.386999999999993,39.7461,61.28
5.387999999999998,41.9021,64.11
5.389000000000003,44.6467,66.97
5.3899999999999935,47.2809,69.87
5.390999999999998,50.1442,72.8
5.392000000000003,52.6775,75.75
5.392999999999994,54.9484,78.73
5.393999999999998,57.757,81.73
5.395000000000003,60.5454,84.75
5.395999999999994,62.344,87.78
5.3969999999999985,65.156,90.82
5.398000000000003,68.0379,93.88
5.398999999999994,70.9062,96.94
5.399999999999999,74.0689,100.0
5.401000000000003,76.8178,103.06
5.401999999999994,79.7387,106.12
5.402999999999999,82.6281,109.18
5.4040000000000035,86.0103,112.22
5.404999999999994,88.9356,115.25
5.405999999999999,91.8958,118.27
5.407000000000004,94.48,121.27
5.407999999999994,96.9707,124.25
5.408999999999999,99.2563,127.2
5.410000000000004,101.8262,130.13
5.410999999999994,104.6663,133.03
5.411999999999999,107.7391,135.89
5.413000000000004,109.0594,138.72
5.413999999999994,111.8723,141.51
5.414999999999999,114.4718,144.26
5.416000000000004,117.5951,146.97
5.4169999999999945,120.7036,149.63
5.417999999999999,123.644,152.24
5.419000000000004,126.4142,154.8
5.419999999999995,129.3063,157.31
5.420999999999999,132.5632,159.76
5.422000000000004,135.4553,162.15
5.422999999999995,138.2474,164.48
5.4239999999999995,140.5801,166.74
5.425000000000004,142.7207,168.94
5.425999999999995,144.8368,171.07
5.427,146.9083,173.13
5.428000000000004,149.3755,175.12
5.428999999999995,150.4429,177.04
5.43,152.5385,178.88
5.4310000000000045,154.6424,180.64
5.431999999999995,156.3653,182.32
5.433,158.4771,183.92
5.43399999999999,160.5021,185.44
5.434999999999995,162.8129,186.87
5.436,164.747,188.22
5.4369999999999905,167.004,189.48
5.437999999999995,169.2092,190.65
5.439,171.4594,191.74
5.439999999999991,172.9621,192.73
5.440999999999995,174.7357,193.63
5.442,175.8965,194.44
5.442999999999991,177.381,195.15
5.4439999999999955,177.881,195.77
5.445,178.7415,196.3
5.445999999999991,179.5524,196.73
5.446999999999996,180.5748,197.07
5.448,180.9472,197.31
5.448999999999991,181.595,197.45
5.449999999999996,182.1984,197.5
5.4510000000000005,183.1326,197.45
5.451999999999991,183.8009,197.31
5.452999999999996,184.6057,197.07
5.454000000000001,185.1407,196.73
5.454999999999991,185.8068,196.3
5.455999999999996,186.3236,195.77
5.457000000000001,186.5039,195.15
5.457999999999991,186.3584,194.44
5.458999999999996,186.1275,193.63
5.460000000000001,185.9405,192.73
5.460999999999991,185.9103,191.74
5.461999999999996,185.3346,190.65
5.463000000000001,184.8217,189.48
5.4639999999999915,184.2682,188.22
5.464999999999996,183.8269,186.87
5.466000000000001,183.3808,185.44
5.466999999999992,182.8082,183.92
5.467999999999996,182.2119,182.32
5.469000000000001,181.6451,180.64
5.469999999999992,180.9769,178.88
5.4709999999999965,180.3017,177.04
5.472000000000001,179.3203,175.12
5.472999999999992,178.5068,173.13
5.473999999999997,177.5548,171.07
5.475000000000001,176.4025,168.94
5.475999999999992,174.9932,166.74
5.476999999999997,174.4084,164.48
5.4780000000000015,172.676,162.15
5.478999999999992,171.031,159.76
5.479999999999997,169.2815,157.31
5.481000000000002,167.4412,154.8
5.481999999999992,165.7187,152.24
5.482999999999997,163.6971,149.63
5.484000000000002,161.5054,146.97
5.484999999999992,159.0638,144.26
5.485999999999997,156.8799,141.51
5.487000000000002,154.5154,138.72
5.487999999999992,152.1678,135.89
5.488999999999997,149.33,133.03
5.490000000000002,146.8441,130.13
5.4909999999999926,144.295,127.2
5.491999999999997,141.9331,124.25
5.493000000000002,140.9936,121.27
5.493999999999993,138.4514,118.27
5.494999999999997,136.1131,115.25
5.496000000000002,133.4709,112.22
5.496999999999993,130.9633,109.18
5.4979999999999976,128.1553,106.12
5.499000000000002,125.433,103.06
5.499999999999993,122.3012,100.0
5.500999999999998,119.2286,96.94
5.5020000000000024,115.8906,93.88
5.502999999999993,113.0014,90.82
5.503999999999998,109.8074,87.78
5.505000000000003,106.7546,84.75
5.505999999999993,103.6346,81.73
5.506999999999998,100.7141,78.73
5.508000000000003,97.7032,75.75
5.508999999999993,96.6207,72.8
5.509999999999998,93.7875,69.87
5.511000000000003,91.6326,66.97
5.511999999999993,89.1551,64.11
5.512999999999998,86.6131,61.28
5.514000000000003,84.0246,58.49
5.5149999999999935,81.5631,55.74
5.515999999999998,79.3384,53.03
5.517000000000003,76.8001,50.37
5.517999999999994,74.0777,47.76
5.518999999999998,71.3821,45.2
5.520000000000003,68.5833,42.69
5.520999999999994,65.9021,40.24
5.5219999999999985,63.0723,37.85
5.523000000000003,60.6044,35.52
5.523999999999994,58.0975,33.26
5.524999999999999,55.7435,31.06
5.526000000000003,54.6512,28.92
5.526999999999994,52.6494,26.86
5.527999999999999,50.4695,24.87
5.5290000000000035,48.1208,22.96
5.529999999999994,45.7083,21.12
5.530999999999999,43.8997,19.36
5.532000000000004,42.1227,17.68
5.532999999999994,40.5312,16.08
5.533999999999999,38.6735,14.56
5.535000000000004,37.249,13.13
5.535999999999994,35.4409,11.78
5.536999999999999,33.7908,10.52
5.538000000000004,32.0805,9.35
5.538999999999994,30.6807,8.26
5.539999999999999,29.2237,7.27
5.541000000000004,27.7942,6.37
5.5419999999999945,27.2598,5.56
5.542999999999999,26.1619,4.85
5.544000000000004,24.9596,4.23
5.544999999999995,23.9348,3.7
5.545999999999999,22.6014,3.27
5.547000000000004,21.614,2.93
5.547999999999995,20.5702,2.69
5.5489999999999995,19.7341,2.55
5.550000000000004,18.6777,2.5
5.550999999999995,17.8536,2.55
5.552,17.1277,2.69
5.553000000000004,16.4486,2.93
5.553999999999995,15.799,3.27
5.555,15.1795,3.7
5.5560000000000045,14.6436,4.23
5.556999999999995,14.4732,4.85
5.558,14.5751,5.56
5.55899999999999,14.5801,6.37
5.559999999999995,14.8056,7.27
5.561,14.4303,8.26
5.5619999999999905,14.1742,9.35
5.562999999999995,13.4208,10.52
5.564,13.6865,11.78
5.564999999999991,13.6621,13.13
5.565999999999995,13.9697,14.56
5.567,14.2694,16.08
5.567999999999991,14.5836,17.68
5.5689999999999955,15.1126,19.36
5.57,15.4033,21.12
5.570999999999991,15.985,22.96
5.571999999999996,16.6615,24.87
5.573,17.4671,26.86
5.573999999999991,18.2227,28.92
5.574999999999996,19.5894,31.06
5.5760000000000005,20.8191,33.26
5.576999999999991,22.1525,35.52
5.577999999999996,23.0842,37.85
5.579000000000001,24.4816,40.24
5.579999999999991,26.0582,42.69
5.580999999999996,27.932,45.2
5.582000000000001,29.7778,47.76
5.582999999999991,31.7305,50.37
5.583999999999996,33.8578,53.03
5.585000000000001,36.1284,55.74
5.585999999999991,38.2244,58.49
5.586999999999996,40.6007,61.28
5.588000000000001,43.0007,64.11
5.5889999999999915,45.6267,66.97
5.589999999999996,47.2978,69.87
5.591000000000001,49.799,72.8
5.591999999999992,52.532,75.75
5.592999999999996,55.3068,78.73
5.594000000000001,58.013,81.73
5.594999999999992,60.9572,84.75
5.5959999999999965,63.4349,87.78
5.597000000000001,66.3096,90.82
5.597999999999992,69.1082,93.88
5.598999999999997,72.249,96.94
5.600000000000001,74.9981,100.0
5.600999999999992,77.6973,103.06
5.601999999999997,80.2526,106.12
5.6030000000000015,82.7165,109.18
5.603999999999992,85.4106,112.22
5.604999999999997,88.2096,115.25
5.606000000000002,89.8241,118.27
5.606999999999992,92.8193,121.27
5.607999999999997,95.906,124.25
5.609000000000002,98.8151,127.2
5.609999999999992,101.7931,130.13
5.610999999999997,104.6459,133.03
5.612000000000002,107.5488,135.89
5.612999999999992,110.6343,138.72
5.613999999999997,113.5385,141.51
5.615000000000002,116.5217,144.26
5.6159999999999926,119.2566,146.97
5.616999999999997,121.8251,149.63
5.618000000000002,124.5998,152.24
5.618999999999993,126.9946,154.8
5.619999999999997,129.809,157.31
5.621000000000002,132.1152,159.76
5.621999999999993,134.7554,162.15
5.6229999999999976,135.9167,164.48
5.624000000000002,138.4173,166.74
5.624999999999993,140.8941,168.94
5.625999999999998,143.2032,171.07
5.6270000000000024,145.3458,173.13
5.627999999999993,147.7122,175.12
5.628999999999998,149.9937,177.04
5.630000000000003,152.8603,178.88
5.630999999999993,155.1905,180.64
5.631999999999998,158.0642,182.32
5.633000000000003,159.9371,183.92
5.633999999999993,162.6559,185.44
5.634999999999998,164.2283,186.87
5.636000000000003,166.2371,188.22
5.636999999999993,167.7319,189.48
5.637999999999998,169.4611,190.65
5.639000000000003,170.3648,191.74
5.6399999999999935,171.8254,192.73
5.640999999999998,173.0558,193.63
5.642000000000003,174.4382,194.44
5.642999999999994,175.296,195.15
5.643999999999998,176.6197,195.77
5.645000000000003,177.9023,196.3
5.645999999999994,179.2715,196.73
5.6469999999999985,180.2976,197.07
5.648000000000003,181.5954,197.31
5.648999999999994,182.9454,197.45
5.649999999999999,184.1097,197.5
5.651000000000003,184.8723,197.45
5.651999999999994,185.388,197.31
5.652999999999999,185.8712,197.07
5.6540000000000035,186.2884,196.73
5.654999999999994,186.472,196.3
5.655999999999999,186.5867,195.77
5.657000000000004,186.4291,195.15
5.657999999999994,186.2231,194.44
5.658999999999999,185.8979,193.63
5.660000000000004,185.6883,192.73
5.660999999999994,185.3096,191.74
5.661999999999999,185.0646,190.65
5.663000000000004,184.9659,189.48
5.663999999999994,184.8636,188.22
5.664999999999999,184.7869,186.87
5.666000000000004,184.2636,185.44
5.6669999999999945,183.8231,183.92
5.667999999999999,183.2366,182.32
5.669000000000004,182.8473,180.64
5.669999999999995,182.3002,178.88
5.670999999999999,181.9958,177.04
5.672000000000004,180.702,175.12
5.672999999999995,179.313,173.13
5.6739999999999995,177.8872,171.07
5.675000000000004,176.3389,168.94
5.675999999999995,174.6544,166.74
5.677,172.7306,164.48
5.678000000000004,170.9996,162.15
5.678999999999995,169.4541,159.76
5.68,167.9782,157.31
5.6810000000000045,165.9832,154.8
5.681999999999995,163.6958,152.24
5.683,161.2793,149.63
5.68399999999999,159.244,146.97
5.684999999999995,157.1272,144.26
5.686,155.1511,141.51
5.6869999999999905,154.4865,138.72
5.687999999999995,152.0303,135.89
5.689,149.7288,133.03
5.689999999999991,147.3134,130.13
5.690999999999995,145.0527,127.2
5.692,142.4266,124.25
5.692999999999991,139.8338,121.27
5.6939999999999955,136.8004,118.27
5.695,134.1572,115.25
5.695999999999991,131.3161,112.22
5.696999999999996,128.6557,109.18
5.698,125.9144,106.12
5.698999999999991,122.9427,103.06
5.699999999999996,120.2232,100.0
5.7010000000000005,117.2236,96.94
5.701999999999991,114.8429,93.88
5.702999999999996,113.7508,90.82
5.704000000000001,110.9161,87.78
5.704999999999991,108.6927,84.75
5.705999999999996,106.1074,81.73
5.707000000000001,103.8028,78.73
5.707999999999991,100.8828,75.75
5.708999999999996,98.2645,72.8
5.710000000000001,95.2557,69.87
5.710999999999991,92.5092,66.97
5.711999999999996,89.2738,64.11
5.713000000000001,85.9688,61.28
5.7139999999999915,82.9538,58.49
5.714999999999996,79.9188,55.74
5.716000000000001,76.9343,53.03
5.716999999999992,74.0884,50.37
5.717999999999996,71.5576,47.76
5.719000000000001,70.613,45.2
5.719999999999992,68.4628,42.69
5.7209999999999965,66.3032,40.24
5.722000000000001,64.1695,37.85
5.722999999999992,62.2035,35.52
5.723999999999997,60.1537,33.26
5.725000000000001,58.2278,31.06
5.725999999999992,55.8829,28.92
5.726999999999997,53.4917,26.86
5.7280000000000015,51.0255,24.87
5.728999999999992,48.6862,22.96
5.729999999999997,46.0934,21.12
5.731000000000002,43.7393,19.36
5.731999999999992,41.4298,17.68
5.732999999999997,39.2576,16.08
5.734000000000002,37.2492,14.56
5.734999999999992,35.4669,13.13
5.735999999999997,34.7763,11.78
5.737000000000002,33.3735,10.52
5.737999999999992,31.9581,9.35
5.738999999999997,30.8038,8.26
5.740000000000002,29.5893,7.27
5.7409999999999926,28.3967,6.37
5.741999999999997,27.2555,5.56
5.743000000000002,26.2325,4.85
5.743999999999993,25.0379,4.23
5.744999999999997,24.026,3.7
5.746000000000002,22.7986,3.27
5.746999999999993,21.5136,2.93
5.7479999999999976,20.3467,2.69
5.749000000000002,19.2574,2.55
5.749999999999993,18.3919,2.5
5.750999999999998,17.4869,2.55
5.7520000000000024,17.2384,2.69
5.752999999999993,16.6625,2.93
5.753999999999998,16.3569,3.27
5.755000000000003,15.7792,3.7
5.755999999999993,15.2759,4.23
5.756999999999998,14.5257,4.85
5.758000000000003,14.3618,5.56
5.758999999999993,14.0867,6.37
5.759999999999998,14.2911,7.27
5.761000000000003,14.0253,8.26
5.761999999999993,13.9902,9.35
5.762999999999998,13.8175,10.52
5.764000000000003,13.6802,11.78
5.7649999999999935,13.4887,13.13
5.765999999999998,13.3806,14.56
5.767000000000003,13.916,16.08
5.767999999999994,14.2915,17.68
5.768999999999998,14.7281,19.36
5.770000000000003,15.3743,21.12
5.770999999999994,15.7504,22.96
5.7719999999999985,16.2146,24.87
5.773000000000003,16.686,26.86
5.773999999999994,17.9517,28.92
5.774999999999999,19.1274,31.06
5.776000000000003,20.4661,33.26
5.776999999999994,21.8274,35.52
5.777999999999999,23.6071,37.85
5.7790000000000035,25.27,40.24
5.779999999999994,26.9428,42.69
5.780999999999999,28.7901,45.2
5.782000000000004,31.0194,47.76
5.782999999999994,33.0491,50.37
5.783999999999999,34.2514,53.03
5.785000000000004,36.3478,55.74
5.785999999999994,38.333,58.49
5.786999999999999,40.6294,61.28
5.788000000000004,42.6067,64.11
5.788999999999994,44.841,66.97
5.789999999999999,47.3048,69.87
5.791000000000004,50.0428,72.8
5.7919999999999945,52.7736,75.75
5.792999999999999,55.5389,78.73
5.794000000000004,58.3828,81.73
5.794999999999995,60.9405,84.75
5.795999999999999,63.6935,87.78
5.797000000000004,66.2163,90.82
5.797999999999995,69.3076,93.88
5.7989999999999995,71.8811,96.94
5.800000000000004,73.6133,100.0
5.800999999999995,76.3453,103.06
5.802,79.1907,106.12
5.803000000000004,81.9354,109.18
5.803999999999995,84.8481,112.22
5.805,87.4939,115.25
5.8060000000000045,90.4655,118.27
5.806999999999995,93.6444,121.27
5.808,97.183,124.25
5.80899999999999,100.009,127.2
5.809999999999995,103.0572,130.13
5.811,105.7322,133.03
5.8119999999999905,108.7184,135.89
5.812999999999995,111.2823,138.72
5.814,113.7166,141.51
5.814999999999991,116.0944,144.26
5.815999999999995,117.5831,146.97
5.817,119.9214,149.63
5.817999999999991,122.7573,152.24
5.8189999999999955,125.1785,154.8
5.82,127.7859,157.31
5.820999999999991,130.091,159.76
5.821999999999996,132.4838,162.15
5.823,135.4206,164.48
5.823999999999991,138.2341,166.74
5.824999999999996,141.5954,168.94
5.8260000000000005,144.1844,171.07
5.826999999999991,146.9861,173.13
5.827999999999996,149.203,175.12
5.829000000000001,151.6562,177.04
5.829999999999991,153.7995,178.88
5.830999999999996,156.178,180.64
5.832000000000001,157.9201,182.32
5.832999999999991,158.9829,183.92
5.833999999999996,160.6964,185.44
5.835000000000001,162.1576,186.87
5.835999999999991,163.9227,188.22
5.836999999999996,165.1936,189.48
5.838000000000001,167.0039,190.65
5.8389999999999915,168.4858,191.74
5.839999999999996,170.6945,192.73
5.841000000000001,172.7411,193.63
5.841999999999992,175.02,194.44
5.842999999999996,176.6873,195.15
5.844000000000001,178.3385,195.77
5.844999999999992,179.6063,196.3
5.8459999999999965,180.851,196.73
5.847000000000001,181.479,197.07
5.847999999999992,182.1785,197.31
5.848999999999997,182.5395,197.45
5.850000000000001,183.1963,197.5
5.850999999999992,183.4605,197.45
5.851999999999997,183.7429,197.31
5.8530000000000015,183.8386,197.07
5.853999999999992,184.1024,196.73
5.854999999999997,184.1939,196.3
5.856000000000002,184.4876,195.77
5.856999999999992,184.6489,195.15
5.857999999999997,185.079,194.44
5.859000000000002,185.0263,193.63
5.859999999999992,185.0657,192.73
5.860999999999997,184.8016,191.74
5.862000000000002,184.874,190.65
5.862999999999992,184.6897,189.48
5.863999999999997,184.6059,188.22
5.865000000000002,184.573,186.87
5.8659999999999926,183.8665,185.44
5.866999999999997,182.9291,183.92
5.868000000000002,181.9462,182.32
5.868999999999993,180.8279,180.64
5.869999999999997,179.989,178.88
5.871000000000002,178.8927,177.04
5.871999999999993,178.0705,175.12
5.8729999999999976,176.9417,173.13
5.874000000000002,176.1415,171.07
5.874999999999993,175.1326,168.94
5.875999999999998,174.1769,166.74
5.8770000000000024,172.9813,164.48
5.877999999999993,171.8552,162.15
5.878999999999998,170.3398,159.76
5.880000000000003,168.7938,157.31
5.880999999999993,168.1698,154.8
5.881999999999998,166.0365,152.24
5.883000000000003,163.9721,149.63
5.883999999999993,161.6852,146.97
5.884999999999998,159.3821,144.26
5.886000000000003,156.7965,141.51
5.886999999999993,154.159,138.72
5.887999999999998,151.6902,135.89
5.889000000000003,149.03,133.03
5.8899999999999935,146.3898,130.13
5.890999999999998,143.5978,127.2
5.892000000000003,140.8774,124.25
5.892999999999994,138.0836,121.27
5.893999999999998,135.1579,118.27
5.895000000000003,132.6541,115.25
5.895999999999994,130.0218,112.22
5.8969999999999985,128.9099,109.18
5.898000000000003,126.1571,106.12
5.898999999999994,123.5799,103.06
5.899999999999999,120.7804,100.0
5.901000000000003,118.2966,96.94
5.901999999999994,115.325,93.88
5.902999999999999,113.0199,90.82
5.9040000000000035,109.6779,87.78
5.904999999999994,106.8374,84.75
5.905999999999999,103.4907,81.73
5.907000000000004,101.0244,78.73
5.907999999999994,97.8218,75.75
5.908999999999999,95.3009,72.8
5.910000000000004,92.4677,69.87
5.910999999999994,90.3212,66.97
5.911999999999999,87.867,64.11
5.913000000000004,86.7909,61.28
5.913999999999994,84.4546,58.49
5.914999999999999,82.0256,55.74
5.916000000000004,79.7181,53.03
5.9169999999999945,77.3439,50.37
5.917999999999999,74.9679,47.76
5.919000000000004,72.4248,45.2
5.919999999999995,69.9525,42.69
5.920999999999999,66.917,40.24
5.922000000000004,64.1713,37.85
5.922999999999995,61.2201,35.52
5.9239999999999995,58.5614,33.26
5.925000000000004,55.6424,31.06
5.925999999999995,53.4079,28.92
5.927,51.1625,26.86
5.928000000000004,49.3208,24.87
5.928999999999995,48.2996,22.96
5.93,46.4165,21.12
5.9310000000000045,44.9062,19.36
5.931999999999995,43.3903,17.68
5.933,41.844,16.08
5.93399999999999,40.2655,14.56
5.934999999999995,38.6635,13.13
5.936,36.8807,11.78
5.9369999999999905,34.9381,10.52
5.937999999999995,33.2494,9.35
5.939,31.4407,8.26
5.939999999999991,29.5025,7.27
5.940999999999995,27.6886,6.37
5.942,26.1109,5.56
5.942999999999991,24.9419,4.85
5.9439999999999955,23.612,4.23
5.945,22.7467,3.7
5.945999999999991,22.2462,3.27
5.946999999999996,21.3585,2.93
5.948,20.3813,2.69
5.948999999999991,19.6567,2.55
5.949999999999996,18.7522,2.5
5.9510000000000005,18.0624,2.55
5.951999999999991,17.61,2.69
5.952999999999996,17.1773,2.93
5.954000000000001,16.6691,3.27
5.954999999999991,15.8939,3.7
5.955999999999996,15.5163,4.23
5.957000000000001,14.8749,4.85
5.957999999999991,14.2702,5.56
5.958999999999996,13.6911,6.37
5.960000000000001,13.4838,7.27
5.960999999999991,13.5528,8.26
5.961999999999996,13.7182,9.35
5.963000000000001,13.7402,10.52
5.9639999999999915,14.0221,11.78
5.964999999999996,14.071,13.13
5.966000000000001,14.3918,14.56
5.966999999999992,14.4469,16.08
5.967999999999996,14.9163,17.68
5.969000000000001,15.3506,19.36
5.969999999999992,15.8451,21.12
5.9709999999999965,16.3607,22.96
5.972000000000001,17.154,24.87
5.972999999999992,17.871,26.86
5.973999999999997,18.7451,28.92
5.975000000000001,19.649,31.06
5.975999999999992,20.5848,33.26
5.976999999999997,22.0605,35.52
5.9780000000000015,22.8162,37.85
5.978999999999992,24.38,40.24
5.979999999999997,26.1567,42.69
5.981000000000002,27.8606,45.2
5.981999999999992,29.4404,47.76
5.982999999999997,31.1399,50.37
5.984000000000002,33.1862,53.03
5.984999999999992,35.5641,55.74
5.985999999999997,38.0338,58.49
5.987000000000002,40.4937,61.28
5.987999999999992,43.1085,64.11
5.988999999999997,45.7489,66.97
5.990000000000002,48.1693,69.87
5.9909999999999926,50.6516,72.8
5.991999999999997,53.3241,75.75
5.993000000000002,56.1113,78.73
5.993999999999993,57.6576,81.73
5.994999999999997,60.3214,84.75
5.996000000000002,63.2427,87.78
5.996999999999993,66.049,90.82
5.9979999999999976,68.6037,93.88
5.999000000000002,71.074,96.94
5.999999999999993,73.8872,100.0
6.000999999999998,77.1687,103.06
6.0020000000000024,80.31,106.12
6.002999999999993,83.5388,109.18
6.003999999999998,86.3439,112.22
6.005000000000003,89.311,115.25
6.005999999999993,91.8678,118.27
6.006999999999998,94.536,121.27
6.008000000000003,97.1284,124.25
6.008999999999993,99.9773,127.2
6.009999999999998,101.6306,130.13
6.011000000000003,103.8356,133.03
6.011999999999993,106.6585,135.89
6.012999999999998,108.9994,138.72
6.014000000000003,111.9582,141.51
6.0149999999999935,114.6277,144.26
6.015999999999998,117.4639,146.97
6.017000000000003,120.2185,149.63
6.017999999999994,123.0794,152.24
6.018999999999998,125.9399,154.8
6.020000000000003,128.8657,157.31
6.020999999999994,131.8771,159.76
6.0219999999999985,134.6319,162.15
6.023000000000003,137.2346,164.48
6.023999999999994,139.7291,166.74
6.024999999999999,142.4211,168.94
6.026000000000003,143.8385,171.07
6.026999999999994,146.2215,173.13
6.027999999999999,148.287,175.12
6.0290000000000035,150.3206,177.04
6.029999999999994,152.0334,178.88
6.030999999999999,153.9985,180.64
6.032000000000004,155.9095,182.32
6.032999999999994,158.4238,183.92
6.033999999999999,160.4239,185.44
6.035000000000004,162.9888,186.87
6.035999999999994,165.252,188.22
6.036999999999999,167.6265,189.48
6.038000000000004,169.4151,190.65
6.038999999999994,171.3897,191.74
6.039999999999999,173.0872,192.73
6.041000000000004,174.8598,193.63
6.0419999999999945,176.3322,194.44
6.042999999999999,176.9608,195.15
6.044000000000004,178.3136,195.77
6.044999999999995,178.9228,196.3
6.045999999999999,179.5369,196.73
6.047000000000004,179.9852,197.07
6.047999999999995,180.8053,197.31
6.0489999999999995,181.323,197.45
6.050000000000004,182.2868,197.5
6.050999999999995,182.8436,197.45
6.052,184.2326,197.31
6.053000000000004,184.5858,197.07
6.053999999999995,185.3802,196.73
6.055,185.4858,196.3
6.0560000000000045,185.8093,195.77
6.056999999999995,186.2497,195.15
6.058,186.4393,194.44
6.05899999999999,186.7068,193.63
6.059999999999995,186.3029,192.73
6.061,185.7736,191.74
6.0619999999999905,185.0799,190.65
6.062999999999995,184.5187,189.48
6.064,183.897,188.22
6.064999999999991,183.3287,186.87
6.065999999999995,182.6436,185.44
6.067,182.182,183.92
6.067999999999991,181.6449,182.32
6.0689999999999955,181.07,180.64
6.07,180.487,178.88
6.070999999999991,179.6647,177.04
6.071999999999996,178.9587,175.12
6.073,177.9927,173.13
6.073999999999991,177.1421,171.07
6.074999999999996,176.7673,168.94
6.0760000000000005,175.7276,166.74
6.076999999999991,174.3659,164.48
6.077999999999996,172.8309,162.15
6.079000000000001,170.8029,159.76
6.079999999999991,168.7253,157.31
6.080999999999996,166.3558,154.8
6.082000000000001,164.2858,152.24
6.082999999999991,161.9994,149.63
6.083999999999996,160.109,146.97
6.085000000000001,157.6266,144.26
6.085999999999991,155.4838,141.51
6.086999999999996,152.9845,138.72
6.088000000000001,150.9394,135.89
6.0889999999999915,148.6724,133.03
6.089999999999996,146.4722,130.13
6.091000000000001,145.5679,127.2
6.091999999999992,143.1504,124.25
6.092999999999996,140.4561,121.27
6.094000000000001,138.106,118.27
6.094999999999992,135.4572,115.25
6.0959999999999965,132.9908,112.22
6.097000000000001,129.8407,109.18
6.097999999999992,126.8443,106.12
6.098999999999997,123.5746,103.06
6.100000000000001,120.1936,100.0
6.100999999999992,117.0536,96.94
6.101999999999997,113.6133,93.88
6.1030000000000015,110.7518,90.82
6.103999999999992,107.6404,87.78
6.104999999999997,104.837,84.75
6.106000000000002,101.9449,81.73
6.106999999999992,100.4903,78.73
6.107999999999997,98.3075,75.75
6.109000000000002,95.5311,72.8
6.109999999999992,93.0816,69.87
6.110999999999997,90.5892,66.97
6.112000000000002,88.3564,64.11
6.112999999999992,86.2172,61.28
6.113999999999997,83.7011,58.49
6.115000000000002,81.1861,55.74
6.1159999999999926,78.4635,53.03
6.116999999999997,75.7722,50.37
6.118000000000002,72.9423,47.76
6.118999999999993,70.4051,45.2
6.119999999999997,68.0596,42.69
6.121000000000002,65.5895,40.24
6.121999999999993,63.432,37.85
6.1229999999999976,62.4619,35.52
6.124000000000002,60.2092,33.26
6.124999999999993,57.6285,31.06
6.125999999999998,55.4,28.92
6.1270000000000024,53.4673,26.86
6.127999999999993,51.5164,24.87
6.128999999999998,49.7771,22.96
6.130000000000003,47.6154,21.12
6.130999999999993,45.667,19.36
6.131999999999998,43.4454,17.68
6.133000000000003,41.1829,16.08
6.133999999999993,39.1924,14.56
6.134999999999998,36.955,13.13
6.136000000000003,35.0074,11.78
6.136999999999993,33.0421,10.52
6.137999999999998,31.6772,9.35
6.139000000000003,31.0799,8.26
6.1399999999999935,29.8851,7.27
6.140999999999998,28.851,6.37
6.142000000000003,27.7252,5.56
6.142999999999994,26.6412,4.85
6.143999999999998,25.4437,4.23
6.145000000000003,24.3791,3.7
6.145999999999994,23.3694,3.27
6.1469999999999985,22.4443,2.93
6.148000000000003,21.467,2.69
6.148999999999994,20.3787,2.55
6.149999999999999,19.2863,2.5
6.151000000000003,18.1488,2.55
6.151999999999994,17.0931,2.69
6.152999999999999,16.0655,2.93
6.1540000000000035,15.4376,3.27
6.154999999999994,14.9347,3.7
6.155999999999999,14.787,4.23
6.157000000000004,14.4756,4.85
6.157999999999994,14.0753,5.56
6.158999999999999,13.957,6.37
6.160000000000004,13.8263,7.27
6.160999999999994,13.7557,8.26
6.161999999999999,13.6333,9.35
6.163000000000004,13.6955,10.52
6.163999999999994,13.8504,11.78
6.164999999999999,13.7471,13.13
6.166000000000004,13.9079,14.56
6.1669999999999945,14.1636,16.08
6.167999999999999,14.6903,17.68
6.169000000000004,15.0339,19.36
6.169999999999995,15.5308,21.12
6.170999999999999,16.1739,22.96
6.172000000000004,16.6497,24.87
6.172999999999995,17.8696,26.86
6.1739999999999995,19.3804,28.92
6.175000000000004,20.436,31.06
6.175999999999995,21.4597,33.26
6.177,22.2314,35.52
6.178000000000004,23.7163,37.85
6.178999999999995,24.8428,40.24
6.18,26.6225,42.69
6.1810000000000045,28.3673,45.2
6.181999999999995,30.6245,47.76
6.183,32.6604,50.37
6.18399999999999,34.8405,53.03
6.184999999999995,37.0479,55.74
6.186,39.3393,58.49
6.1869999999999905,41.5591,61.28
6.187999999999995,42.8249,64.11
6.189,45.3413,66.97
6.189999999999991,47.5459,69.87
6.190999999999995,50.114,72.8
6.192,52.1315,75.75
6.192999999999991,54.8158,78.73
6.1939999999999955,57.2832,81.73
6.195,60.2388,84.75
6.195999999999991,63.0473,87.78
6.196999999999996,66.2276,90.82
6.198,69.3234,93.88
6.198999999999991,72.1385,96.94
6.199999999999996,75.0072,100.0
6.2010000000000005,77.7591,103.06
6.201999999999991,80.6987,106.12
6.202999999999996,83.2937,109.18
6.204000000000001,84.9061,112.22
6.204999999999991,87.39,115.25
6.205999999999996,90.3006,118.27
6.207000000000001,92.7912,121.27
6.207999999999991,95.5798,124.25
6.208999999999996,98.0686,127.2
6.210000000000001,101.2466,130.13
6.210999999999991,104.1112,133.03
6.211999999999996,107.5023,135.89
6.213000000000001,110.5507,138.72
6.2139999999999915,114.0095,141.51
6.214999999999996,116.6212,144.26
6.216000000000001,119.5114,146.97
6.216999999999992,121.995,149.63
6.217999999999996,124.8478,152.24
6.219000000000001,127.1445,154.8
6.219999999999992,128.4548,157.31
6.2209999999999965,130.4184,159.76
6.222000000000001,132.5737,162.15
6.222999999999992,134.6061,164.48
6.223999999999997,137.3176,166.74
6.225000000000001,139.5833,168.94
6.225999999999992,142.5276,171.07
6.226999999999997,144.8988,173.13
6.2280000000000015,148.3113,175.12
6.228999999999992,151.167,177.04
6.229999999999997,154.5529,178.88
6.231000000000002,157.0465,180.64
6.231999999999992,159.1904,182.32
6.232999999999997,161.0914,183.92
6.234000000000002,163.0123,185.44
6.234999999999992,164.8276,186.87
6.235999999999997,165.7324,188.22
6.237000000000002,166.8043,189.48
6.237999999999992,168.2133,190.65
6.238999999999997,169.4998,191.74
6.240000000000002,171.0543,192.73
6.2409999999999926,172.4934,193.63
6.241999999999997,174.1379,194.44
6.243000000000002,175.7995,195.15
6.243999999999993,177.3703,195.77
6.244999999999997,179.2841,196.3
6.246000000000002,180.7809,196.73
6.246999999999993,182.0372,197.07
6.2479999999999976,182.9656,197.31
6.249000000000002,183.4502,197.45
6.249999999999993,184.0093,197.5
6.250999999999998,184.0427,197.45
6.2520000000000024,184.3598,197.31
6.252999999999993,184.3489,197.07
6.253999999999998,184.6471,196.73
6.255000000000003,184.5768,196.3
6.255999999999993,185.0041,195.77
6.256999999999998,184.8313,195.15
6.258000000000003,185.065,194.44
6.258999999999993,185.0703,193.63
6.259999999999998,185.4835,192.73
6.261000000000003,185.6288,191.74
6.261999999999993,185.9166,190.65
6.262999999999998,185.8511,189.48
6.264000000000003,185.714,188.22
6.2649999999999935,184.8889,186.87
6.265999999999998,183.956,185.44
6.267000000000003,182.9067,183.92
6.267999999999994,182.2016,182.32
6.268999999999998,181.8164,180.64
6.270000000000003,180.9568,178.88
6.270999999999994,180.0272,177.04
6.2719999999999985,179.1344,175.12
6.273000000000003,178.3266,173.13
6.273999999999994,177.2653,171.07
6.274999999999999,176.0034,168.94
6.276000000000003,174.8405,166.74
6.276999999999994,173.6668,164.48
6.277999999999999,172.2233,162.15
6.2790000000000035,170.6239,159.76
6.279999999999994,168.8251,157.31
6.280999999999999,166.8958,154.8
6.282000000000004,164.6375,152.24
6.282999999999994,162.4135,149.63
6.283999999999999,160.2025,146.97
6.285000000000004,159.1974,144.26
6.285999999999994,157.276,141.51
6.286999999999999,155.2547,138.72
6.288000000000004,153.3748,135.89
6.288999999999994,150.7855,133.03
6.289999999999999,148.3462,130.13
6.291000000000004,145.2994,127.2
6.2919999999999945,142.5454,124.25
6.292999999999999,139.3266,121.27
6.294000000000004,136.3656,118.27
6.294999999999995,133.3559,115.25
6.295999999999999,130.235,112.22
6.297000000000004,127.09,109.18
6.297999999999995,124.0618,106.12
6.2989999999999995,121.2393,103.06
6.300000000000004,118.785,100.0
6.300999999999995,117.784,96.94
6.302,115.6147,93.88
6.303000000000004,112.9007,90.82
6.303999999999995,110.4637,87.78
6.305,107.8576,84.75
6.3060000000000045,105.3984,81.73
6.306999999999995,102.7415,78.73
6.308,99.6837,75.75
6.30899999999999,96.592,72.8
6.309999999999995,93.1296,69.87
6.311,90.0112,66.97
6.3119999999999905,86.4837,64.11
6.312999999999995,83.7519,61.28
6.314,80.5838,58.49
6.314999999999991,78.3314,55.74
6.315999999999995,75.4542,53.03
6.317,74.7905,50.37
6.317999999999991,72.1832,47.76
6.3189999999999955,70.4819,45.2
6.32,68.5571,42.69
6.320999999999991,66.5277,40.24
6.321999999999996,64.129,37.85
6.323,61.7125,35.52
6.323999999999991,59.7324,33.26
6.324999999999996,57.5421,31.06
6.3260000000000005,55.5266,28.92
6.326999999999991,53.1133,26.86
6.327999999999996,50.816,24.87
6.329000000000001,48.4148,22.96
6.329999999999991,46.0832,21.12
6.330999999999996,44.0999,19.36
6.332000000000001,42.1195,17.68
6.332999999999991,41.2521,16.08
6.333999999999996,39.7327,14.56
6.335000000000001,38.028,13.13
6.335999999999991,36.8563,11.78
6.336999999999996,35.1174,10.52
6.338000000000001,33.7091,9.35
6.3389999999999915,31.9089,8.26
6.339999999999996,30.6548,7.27
6.341000000000001,29.1403,6.37
6.341999999999992,27.9323,5.56
6.342999999999996,26.2077,4.85
6.344000000000001,24.7074,4.23
6.344999999999992,22.9011,3.7
6.3459999999999965,21.6249,3.27
6.347000000000001,20.5342,2.93
6.347999999999992,19.7613,2.69
6.348999999999997,19.7362,2.55
6.350000000000001,19.1275,2.5
6.350999999999992,18.8153,2.55
6.351999999999997,18.3409,2.69
6.3530000000000015,17.8326,2.93
6.353999999999992,17.3947,3.27
6.354999999999997,16.7673,3.7
6.356000000000002,16.1875,4.23
6.356999999999992,15.5583,4.85
6.357999999999997,15.2435,5.56
6.359000000000002,14.7123,6.37
6.359999999999992,14.3217,7.27
6.360999999999997,13.8112,8.26
6.362000000000002,13.6324,9.35
6.362999999999992,13.424,10.52
6.363999999999997,13.4581,11.78
6.365000000000002,13.8378,13.13
6.3659999999999926,14.1666,14.56
6.366999999999997,14.6064,16.08
6.368000000000002,14.89,17.68
6.368999999999993,15.2904,19.36
6.369999999999997,15.7464,21.12
6.371000000000002,16.2128,22.96
6.371999999999993,16.767,24.87
6.3729999999999976,17.6185,26.86
6.374000000000002,18.4822,28.92
6.374999999999993,19.1962,31.06
6.375999999999998,20.2619,33.26
6.3770000000000024,21.6571,35.52
6.377999999999993,23.4162,37.85
6.378999999999998,25.1854,40.24
6.380000000000003,27.0827,42.69
6.380999999999993,29.0816,45.2
6.381999999999998,30.1283,47.76
6.383000000000003,32.2197,50.37
6.383999999999993,34.3643,53.03
6.384999999999998,36.2807,55.74
6.386000000000003,38.1548,58.49
6.386999999999993,39.921,61.28
6.387999999999998,41.9853,64.11
6.389000000000003,44.4986,66.97
6.3899999999999935,47.0102,69.87
6.390999999999998,49.8084,72.8
6.392000000000003,52.4097,75.75
6.392999999999994,55.2329,78.73
6.393999999999998,58.2082,81.73
6.395000000000003,60.9927,84.75
6.395999999999994,63.8823,87.78
6.3969999999999985,66.588,90.82
6.398000000000003,68.3168,93.88
6.398999999999994,71.1427,96.94
6.399999999999999,73.5813,100.0
6.401000000000003,76.0912,103.06
6.401999999999994,78.6991,106.12
6.402999999999999,81.5451,109.18
6.4040000000000035,84.461,112.22
6.404999999999994,87.6167,115.25
6.405999999999999,90.7889,118.27
6.407000000000004,93.879,121.27
6.407999999999994,97.2368,124.25
6.408999999999999,100.3016,127.2
6.410000000000004,103.3991,130.13
6.410999999999994,106.1479,133.03
6.411999999999999,108.834,135.89
6.413000000000004,111.5365,138.72
6.413999999999994,112.7293,141.51
6.414999999999999,115.1378,144.26
6.416000000000004,117.3753,146.97
6.4169999999999945,120.0078,149.63
6.417999999999999,121.8757,152.24
6.419000000000004,124.783,154.8
6.419999999999995,127.1848,157.31
6.420999999999999,130.9832,159.76
6.422000000000004,133.67,162.15
6.422999999999995,137.2196,164.48
6.4239999999999995,140.2793,166.74
6.425000000000004,143.3739,168.94
6.425999999999995,145.7393,171.07
6.427,148.0779,173.13
6.428000000000004,150.4233,175.12
6.428999999999995,152.6817,177.04
6.43,153.8234,178.88
6.4310000000000045,155.1922,180.64
6.431999999999995,157.2542,182.32
6.433,158.6211,183.92
6.43399999999999,160.9169,185.44
6.434999999999995,162.29,186.87
6.436,164.6861,188.22
6.4369999999999905,166.4529,189.48
6.437999999999995,168.6392,190.65
6.439,170.7357,191.74
6.439999999999991,172.6935,192.73
6.440999999999995,174.7377,193.63
6.442,176.088,194.44
6.442999999999991,177.6292,195.15
6.4439999999999955,178.5659,195.77
6.445,179.5658,196.3
6.445999999999991,180.0148,196.73
6.446999999999996,180.8144,197.07
6.448,181.2915,197.31
6.448999999999991,181.9974,197.45
6.449999999999996,182.407,197.5
6.4510000000000005,183.1823,197.45
6.451999999999991,183.5573,197.31
6.452999999999996,184.3499,197.07
6.454000000000001,184.7295,196.73
6.454999999999991,185.4284,196.3
6.455999999999996,185.6254,195.77
6.457000000000001,186.01,195.15
6.457999999999991,185.7893,194.44
6.458999999999996,185.7772,193.63
6.460000000000001,185.5357,192.73
6.460999999999991,185.4271,191.74
6.461999999999996,184.9539,190.65
6.463000000000001,184.8507,189.48
6.4639999999999915,184.2161,188.22
6.464999999999996,183.8474,186.87
6.466000000000001,183.0581,185.44
6.466999999999992,182.5841,183.92
6.467999999999996,181.7739,182.32
6.469000000000001,181.2693,180.64
6.469999999999992,180.528,178.88
6.4709999999999965,180.0811,177.04
6.472000000000001,179.3547,175.12
6.472999999999992,178.4037,173.13
6.473999999999997,177.474,171.07
6.475000000000001,176.2563,168.94
6.475999999999992,175.1281,166.74
6.476999999999997,173.8504,164.48
6.4780000000000015,172.5972,162.15
6.478999999999992,171.9605,159.76
6.479999999999997,170.0913,157.31
6.481000000000002,167.8976,154.8
6.481999999999992,165.7898,152.24
6.482999999999997,163.8977,149.63
6.484000000000002,161.9081,146.97
6.484999999999992,159.711,144.26
6.485999999999997,157.3958,141.51
6.487000000000002,155.1399,138.72
6.487999999999992,152.9241,135.89
6.488999999999997,150.3401,133.03
6.490000000000002,147.7344,130.13
6.4909999999999926,144.6749,127.2
6.491999999999997,141.9158,124.25
6.493000000000002,138.9435,121.27
6.493999999999993,136.3146,118.27
6.494999999999997,134.9481,115.25
6.496000000000002,132.3502,112.22
6.496999999999993,129.5829,109.18
6.4979999999999976,127.0721,106.12
6.499000000000002,124.0672,103.06
6.499999999999993,121.4191,100.0
6.500999999999998,118.1978,96.94
6.5020000000000024,115.4613,93.88
6.502999999999993,112.2228,90.82
6.503999999999998,109.3757,87.78
6.505000000000003,106.0176,84.75
6.505999999999993,102.82,81.73
6.506999999999998,99.7449,78.73
6.508000000000003,96.833,75.75
6.508999999999993,94.379,72.8
6.509999999999998,91.5187,69.87
6.511000000000003,90.5967,66.97
6.511999999999993,87.9635,64.11
6.512999999999998,85.902,61.28
6.514000000000003,83.8161,58.49
6.5149999999999935,81.3539,55.74
6.515999999999998,78.6067,53.03
6.517000000000003,75.7799,50.37
6.517999999999994,73.1371,47.76
6.518999999999998,70.5527,45.2
6.520000000000003,68.0139,42.69
6.520999999999994,65.7202,40.24
6.5219999999999985,62.8972,37.85
6.523000000000003,60.2159,35.52
6.523999999999994,57.3811,33.26
6.524999999999999,55.188,31.06
6.526000000000003,53.197,28.92
6.526999999999994,52.2984,26.86
6.527999999999999,50.7644,24.87
6.5290000000000035,48.5345,22.96
6.529999999999994,46.663,21.12
6.530999999999999,44.4675,19.36
6.532000000000004,42.8147,17.68
6.532999999999994,41.3291,16.08
6.533999999999999,39.6887,14.56
6.535000000000004,38.0574,13.13
6.535999999999994,36.0977,11.78
6.536999999999999,34.5034,10.52
6.538000000000004,32.6975,9.35
6.538999999999994,31.2496,8.26
6.539999999999999,29.5562,7.27
6.541000000000004,28.241,6.37
6.5419999999999945,26.8153,5.56
6.542999999999999,26.5521,4.85
6.544000000000004,25.4323,4.23
6.544999999999995,24.6004,3.7
6.545999999999999,23.553,3.27
6.547000000000004,22.3806,2.93
6.547999999999995,21.0584,2.69
6.5489999999999995,19.9354,2.55
6.550000000000004,19.0639,2.5
6.550999999999995,18.1726,2.55
6.552,17.326,2.69
6.553000000000004,16.6009,2.93
6.553999999999995,16.2057,3.27
6.555,15.7541,3.7
6.5560000000000045,15.4069,4.23
6.556999999999995,14.8849,4.85
6.558,14.7074,5.56
6.55899999999999,14.7726,6.37
6.559999999999995,14.6248,7.27
6.561,14.7861,8.26
6.5619999999999905,14.5181,9.35
6.562999999999995,14.3001,10.52
6.564,13.7417,11.78
6.564999999999991,13.6191,13.13
6.565999999999995,13.8211,14.56
6.567,14.0935,16.08
6.567999999999991,14.6717,17.68
6.5689999999999955,15.1618,19.36
6.57,15.9038,21.12
6.570999999999991,16.2432,22.96
6.571999999999996,17.0257,24.87
6.573,17.8801,26.86
6.573999999999991,19.1971,28.92
6.574999999999996,20.4131,31.06
6.5760000000000005,21.1634,33.26
6.576999999999991,22.3272,35.52
6.577999999999996,23.5426,37.85
6.579000000000001,24.8973,40.24
6.579999999999991,26.3364,42.69
6.580999999999996,27.9827,45.2
6.582000000000001,29.7672,47.76
6.582999999999991,31.9563,50.37
6.583999999999996,34.1586,53.03
6.585000000000001,36.7794,55.74
6.585999999999991,38.9635,58.49
6.586999999999996,41.4304,61.28
6.588000000000001,43.2712,64.11
6.5889999999999915,45.7072,66.97
6.589999999999996,47.9925,69.87
6.591000000000001,50.5034,72.8
6.591999999999992,51.5459,75.75
6.592999999999996,54.1,78.73
6.594000000000001,56.3278,81.73
6.594999999999992,59.2472,84.75
6.5959999999999965,61.8419,87.78
6.597000000000001,64.7365,90.82
6.597999999999992,67.7478,93.88
6.598999999999997,71.1511,96.94
6.600000000000001,74.3074,100.0
6.600999999999992,77.9635,103.06
6.601999999999997,80.7928,106.12
6.6030000000000015,83.9656,109.18
6.603999999999992,86.567,112.22
6.604999999999997,89.4294,115.25
6.606000000000002,91.9528,118.27
6.606999999999992,94.45,121.27
6.607999999999997,95.912,124.25
6.609000000000002,98.8027,127.2
6.609999999999992,101.1174,130.13
6.610999999999997,103.5372,133.03
6.612000000000002,106.1041,135.89
6.612999999999992,109.1368,138.72
6.613999999999997,112.6036,141.51
6.615000000000002,115.6744,144.26
6.6159999999999926,119.0744,146.97
6.616999999999997,122.0706,149.63
6.618000000000002,125.3209,152.24
6.618999999999993,128.111,154.8
6.619999999999997,130.8332,157.31
6.621000000000002,133.4729,159.76
6.621999999999993,135.7496,162.15
6.6229999999999976,137.982,164.48
6.624000000000002,139.0917,166.74
6.624999999999993,141.3871,168.94
6.625999999999998,143.4489,171.07
6.6270000000000024,145.5276,173.13
6.627999999999993,147.6325,175.12
6.628999999999998,149.9785,177.04
6.630000000000003,152.5018,178.88
6.630999999999993,155.1844,180.64
6.631999999999998,157.6653,182.32
6.633000000000003,160.167,183.92
6.633999999999993,162.3966,185.44
6.634999999999998,164.8218,186.87
6.636000000000003,166.5089,188.22
6.636999999999993,168.4547,189.48
6.637999999999998,169.7218,190.65
6.639000000000003,171.6788,191.74
6.6399999999999935,172.3362,192.73
6.640999999999998,173.4756,193.63
6.642000000000003,174.8892,194.44
6.642999999999994,175.5854,195.15
6.643999999999998,176.6689,195.77
6.645000000000003,177.2632,196.3
6.645999999999994,178.3683,196.73
6.6469999999999985,178.9905,197.07
6.648000000000003,180.4555,197.31
6.648999999999994,181.6315,197.45
6.649999999999999,182.9406,197.5
6.651000000000003,183.4896,197.45
6.651999999999994,183.9731,197.31
6.652999999999999,184.3083,197.07
6.6540000000000035,184.9259,196.73
6.654999999999994,185.2023,196.3
6.655999999999999,185.5927,195.77
6.657000000000004,185.7306,195.15
6.657999999999994,185.6956,194.44
6.658999999999999,185.6391,193.63
6.660000000000004,185.3269,192.73
6.660999999999994,185.1287,191.74
6.661999999999999,184.4751,190.65
6.663000000000004,184.2097,189.48
6.663999999999994,184.0046,188.22
6.664999999999999,184.0136,186.87
6.666000000000004,183.6126,185.44
6.6669999999999945,183.1324,183.92
6.667999999999999,182.5147,182.32
6.669000000000004,182.2105,180.64
6.669999999999995,181.1724,178.88
6.670999999999999,180.2603,177.04
6.672000000000004,179.2625,175.12
6.672999999999995,178.9739,173.13
6.6739999999999995,177.8834,171.07
6.675000000000004,176.6252,168.94
6.675999999999995,175.2828,166.74
6.677,173.7257,164.48
6.678000000000004,171.9123,162.15
6.678999999999995,170.1897,159.76
6.68,168.4891,157.31
6.6810000000000045,166.8868,154.8
6.681999999999995,165.2127,152.24
6.683,163.188,149.63
6.68399999999999,161.1706,146.97
6.684999999999995,158.9481,144.26
6.686,156.7629,141.51
6.6869999999999905,154.6439,138.72
6.687999999999995,152.6301,135.89
6.689,151.6404,133.03
6.689999999999991,149.4189,130.13
6.690999999999995,146.9539,127.2
6.692,144.3558,124.25
6.692999999999991,141.643,121.27
6.6939999999999955,138.9822,118.27
6.695,136.0925,115.25
6.695999999999991,133.2226,112.22
6.696999999999996,130.0931,109.18
6.698,127.2392,106.12
6.698999999999991,124.3777,103.06
6.699999999999996,121.2013,100.0
6.7010000000000005,117.7026,96.94
6.701999999999991,114.3906,93.88
6.702999999999996,111.7013,90.82
6.704000000000001,109.1653,87.78
6.704999999999991,107.9711,84.75
6.705999999999996,105.0932,81.73
6.707000000000001,102.5506,78.73
6.707999999999991,99.8169,75.75
6.708999999999996,97.0716,72.8
6.710000000000001,93.7748,69.87
6.710999999999991,90.5774,66.97
6.711999999999996,87.5694,64.11
6.713000000000001,84.9818,61.28
6.7139999999999915,81.9534,58.49
6.714999999999996,79.1414,55.74
6.716000000000001,76.5258,53.03
6.716999999999992,73.776,50.37
6.717999999999996,71.2108,47.76
6.719000000000001,68.667,45.2
6.719999999999992,66.8001,42.69
6.7209999999999965,66.0722,40.24
6.722000000000001,64.0085,37.85
6.722999999999992,62.1224,35.52
6.723999999999997,59.6116,33.26
6.725000000000001,57.1977,31.06
6.725999999999992,54.9403,28.92
6.726999999999997,52.8159,26.86
6.7280000000000015,50.8018,24.87
6.728999999999992,48.1932,22.96
6.729999999999997,45.8974,21.12
6.731000000000002,43.2416,19.36
6.731999999999992,40.9477,17.68
6.732999999999997,38.8764,16.08
6.734000000000002,37.0917,14.56
6.734999999999992,35.6956,13.13
6.735999999999997,34.6116,11.78
6.737000000000002,34.2178,10.52
6.737999999999992,33.4436,9.35
6.738999999999997,32.2889,8.26
6.740000000000002,31.1285,7.27
6.7409999999999926,29.9285,6.37
6.741999999999997,28.683,5.56
6.743000000000002,27.265,4.85
6.743999999999993,25.9553,4.23
6.744999999999997,24.5349,3.7
6.746000000000002,23.4697,3.27
6.746999999999993,21.8711,2.93
6.7479999999999976,20.6857,2.69
6.749000000000002,19.4483,2.55
6.749999999999993,18.4948,2.5
6.750999999999998,17.8217,2.55
6.7520000000000024,17.2196,2.69
6.752999999999993,17.0953,2.93
6.753999999999998,16.8092,3.27
6.755000000000003,16.3625,3.7
6.755999999999993,16.2237,4.23
6.756999999999998,16.0422,4.85
6.758000000000003,15.5646,5.56
6.758999999999993,15.1651,6.37
6.759999999999998,14.8092,7.27
6.761000000000003,14.5783,8.26
6.761999999999993,14.3163,9.35
6.762999999999998,14.0727,10.52
6.764000000000003,14.0397,11.78
6.7649999999999935,14.1554,13.13
6.765999999999998,14.1744,14.56
6.767000000000003,14.1025,16.08
6.767999999999994,14.3947,17.68
6.768999999999998,14.7812,19.36
6.770000000000003,15.6135,21.12
6.770999999999994,16.252,22.96
6.7719999999999985,17.0785,24.87
6.773000000000003,17.7568,26.86
6.773999999999994,18.6538,28.92
6.774999999999999,19.4308,31.06
6.776000000000003,20.4927,33.26
6.776999999999994,21.5893,35.52
6.777999999999999,23.2034,37.85
6.7790000000000035,25.0294,40.24
6.779999999999994,26.8647,42.69
6.780999999999999,28.5,45.2
6.782000000000004,30.2988,47.76
6.782999999999994,32.2507,50.37
6.783999999999999,34.6255,53.03
6.785000000000004,36.7158,55.74
6.785999999999994,37.9977,58.49
6.786999999999999,40.3748,61.28
6.788000000000004,42.3509,64.11
6.788999999999994,44.6589,66.97
6.789999999999999,46.7521,69.87
6.791000000000004,49.2562,72.8
6.7919999999999945,51.9089,75.75
6.792999999999999,54.6908,78.73
6.794000000000004,57.6894,81.73
6.794999999999995,60.5577,84.75
6.795999999999999,63.5956,87.78
6.797000000000004,66.4352,90.82
6.797999999999995,69.5163,93.88
6.7989999999999995,72.2075,96.94
6.800000000000004,74.9581,100.0
6.800999999999995,77.4648,103.06
6.802,79.1987,106.12
6.803000000000004,81.549,109.18
6.803999999999995,84.7629,112.22
6.805,86.9123,115.25
6.8060000000000045,90.0789,118.27
6.806999999999995,92.3682,121.27
6.808,96.1591,124.25
6.80899999999999,98.9302,127.2
6.809999999999995,103.0194,130.13
6.811,106.0477,133.03
6.8119999999999905,109.7114,135.89
6.812999999999995,112.7198,138.72
6.814,116.13,141.51
6.814999999999991,118.3408,144.26
6.815999999999995,120.6309,146.97
6.817,122.9,149.63
6.817999999999991,124.393,152.24
6.8189999999999955,126.9919,154.8
6.82,128.8341,157.31
6.820999999999991,131.2755,159.76
6.821999999999996,133.2243,162.15
6.823,135.7707,164.48
6.823999999999991,137.8596,166.74
6.824999999999996,140.8975,168.94
6.8260000000000005,143.5908,171.07
6.826999999999991,146.852,173.13
6.827999999999996,149.4543,175.12
6.829000000000001,152.2021,177.04
6.829999999999991,154.509,178.88
6.830999999999996,156.6598,180.64
6.832000000000001,158.8719,182.32
6.832999999999991,160.6624,183.92
6.833999999999996,161.5846,185.44
6.835000000000001,163.0277,186.87
6.835999999999991,164.2932,188.22
6.836999999999996,165.4655,189.48
6.838000000000001,166.9412,190.65
6.8389999999999915,168.2662,191.74
6.839999999999996,169.9013,192.73
6.841000000000001,171.3609,193.63
6.841999999999992,173.3074,194.44
6.842999999999996,175.0597,195.15
6.844000000000001,176.831,195.77
6.844999999999992,178.1881,196.3
6.8459999999999965,179.5206,196.73
6.847000000000001,180.5179,197.07
6.847999999999992,181.5242,197.31
6.848999999999997,182.5177,197.45
6.850000000000001,183.1751,197.5
6.850999999999992,183.6574,197.45
6.851999999999997,184.3084,197.31
6.8530000000000015,184.6027,197.07
6.853999999999992,185.128,196.73
6.854999999999997,185.0804,196.3
6.856000000000002,185.2982,195.77
6.856999999999992,185.575,195.15
6.857999999999997,185.9575,194.44
6.859000000000002,186.2435,193.63
6.859999999999992,186.2131,192.73
6.860999999999997,185.9758,191.74
6.862000000000002,185.8345,190.65
6.862999999999992,185.3784,189.48
6.863999999999997,185.1087,188.22
6.865000000000002,184.2688,186.87
6.8659999999999926,184.142,185.44
6.866999999999997,183.75,183.92
6.868000000000002,182.8211,182.32
6.868999999999993,182.1288,180.64
6.869999999999997,180.9216,178.88
6.871000000000002,180.039,177.04
6.871999999999993,178.7699,175.12
6.8729999999999976,177.9656,173.13
6.874000000000002,176.5863,171.07
6.874999999999993,175.5038,168.94
6.875999999999998,174.3806,166.74
6.8770000000000024,173.3098,164.48
6.877999999999993,171.8296,162.15
6.878999999999998,170.0696,159.76
6.880000000000003,168.4016,157.31
6.880999999999993,166.5996,154.8
6.881999999999998,164.6286,152.24
6.883000000000003,163.4928,149.63
6.883999999999993,161.532,146.97
6.884999999999998,159.2442,144.26
6.886000000000003,156.9395,141.51
6.886999999999993,154.2886,138.72
6.887999999999998,152.0826,135.89
6.889000000000003,149.474,133.03
6.8899999999999935,146.8298,130.13
6.890999999999998,144.0608,127.2
6.892000000000003,141.4972,124.25
6.892999999999994,138.9503,121.27
6.893999999999998,136.3788,118.27
6.895000000000003,133.7508,115.25
6.895999999999994,131.2324,112.22
6.8969999999999985,128.6014,109.18
6.898000000000003,126.5605,106.12
6.898999999999994,125.5944,103.06
6.899999999999999,123.188,100.0
6.901000000000003,120.6879,96.94
6.901999999999994,117.792,93.88
6.902999999999999,115.0209,90.82
6.9040000000000035,112.0805,87.78
6.904999999999994,108.9565,84.75
6.905999999999999,105.7884,81.73
6.907000000000004,102.3357,78.73
6.907999999999994,99.5121,75.75
6.908999999999999,96.0049,72.8
6.910000000000004,93.2194,69.87
6.910999999999994,89.9251,66.97
6.911999999999999,87.4757,64.11
6.913000000000004,84.3782,61.28
6.913999999999994,81.9666,58.49
6.914999999999999,80.62,55.74
6.916000000000004,78.2481,53.03
6.9169999999999945,75.9832,50.37
6.917999999999999,73.5095,47.76
6.919000000000004,71.3131,45.2
6.919999999999995,68.5975,42.69
6.920999999999999,66.377,40.24
6.922000000000004,63.6238,37.85
6.922999999999995,61.1734,35.52
6.9239999999999995,58.5544,33.26
6.925000000000004,56.1596,31.06
6.925999999999995,53.9743,28.92
6.927,51.4515,26.86
6.928000000000004,49.1099,24.87
6.928999999999995,46.8878,22.96
6.93,45.2184,21.12
6.9310000000000045,44.6078,19.36
6.931999999999995,42.8765,17.68
6.933,41.504,16.08
6.93399999999999,39.7838,14.56
6.934999999999995,38.2346,13.13
6.936,36.2716,11.78
6.9369999999999905,34.4343,10.52
6.937999999999995,32.6643,9.35
6.939,30.9682,8.26
6.939999999999991,29.2764,7.27
6.940999999999995,27.6433,6.37
6.942,26.3356,5.56
6.942999999999991,24.9552,4.85
6.9439999999999955,23.5843,4.23
6.945,22.4743,3.7
6.945999999999991,21.6505,3.27
6.946999999999996,21.4891,2.93
6.948,20.9302,2.69
6.948999999999991,20.455,2.55
6.949999999999996,19.8219,2.5
6.9510000000000005,19.093,2.55
6.951999999999991,18.2981,2.69
6.952999999999996,17.8905,2.93
6.954000000000001,17.2793,3.27
6.954999999999991,16.7946,3.7
6.955999999999996,16.2429,4.23
6.957000000000001,15.7391,4.85
6.957999999999991,15.0945,5.56
6.958999999999996,14.6586,6.37
6.960000000000001,14.3519,7.27
6.960999999999991,14.4237,8.26
6.961999999999996,14.3,9.35
6.963000000000001,14.272,10.52
6.9639999999999915,14.1184,11.78
6.964999999999996,14.0565,13.13
6.966000000000001,14.2376,14.56
6.966999999999992,14.3991,16.08
6.967999999999996,14.5985,17.68
6.969000000000001,14.9326,19.36
6.969999999999992,15.6046,21.12
6.9709999999999965,16.1621,22.96
6.972000000000001,16.9766,24.87
6.972999999999992,17.6864,26.86
6.973999999999997,18.7782,28.92
6.975000000000001,19.9043,31.06
6.975999999999992,21.1019,33.26
6.976999999999997,22.481,35.52
6.9780000000000015,23.9612,37.85
6.978999999999992,24.8724,40.24
6.979999999999997,26.5022,42.69
6.981000000000002,28.2623,45.2
6.981999999999992,30.1005,47.76
6.982999999999997,32.0845,50.37
6.984000000000002,33.5796,53.03
6.984999999999992,35.4262,55.74
6.985999999999997,37.493,58.49
6.987000000000002,40.0868,61.28
6.987999999999992,42.8624,64.11
6.988999999999997,45.5277,66.97
6.990000000000002,48.0271,69.87
6.9909999999999926,50.4129,72.8
6.991999999999997,52.9526,75.75
6.993000000000002,55.5868,78.73
6.993999999999993,58.2297,81.73
6.994999999999997,60.6065,84.75
6.996000000000002,61.9521,87.78
6.996999999999993,65.0468,90.82
6.9979999999999976,67.5434,93.88
6.999000000000002,70.5678,96.94
6.999999999999993,73.1058,100.0
7.000999999999998,76.2556,103.06
7.0020000000000024,79.4091,106.12
7.002999999999993,83.0778,109.18
7.003999999999998,86.4387,112.22
7.005000000000003,89.8494,115.25
7.005999999999993,92.8141,118.27
7.006999999999998,96.0036,121.27
7.008000000000003,98.873,124.25
7.008999999999993,101.9349,127.2
7.009999999999998,104.6258,130.13
7.011000000000003,107.3189,133.03
7.011999999999993,108.4944,135.89
7.012999999999998,111.4153,138.72
7.014000000000003,112.8187,141.51
7.0149999999999935,116.166,144.26
7.015999999999998,117.684,146.97
7.017000000000003,121.2267,149.63
7.017999999999994,122.8297,152.24
7.018999999999998,126.2418,154.8
7.020000000000003,128.6246,157.31
7.020999999999994,132.003,159.76
7.0219999999999985,134.6356,162.15
7.023000000000003,137.7284,164.48
7.023999999999994,140.1781,166.74
7.024999999999999,142.8615,168.94
7.026000000000003,145.2749,171.07
7.026999999999994,147.4778,173.13
7.027999999999999,148.6606,175.12
7.0290000000000035,150.4618,177.04
7.029999999999994,152.3037,178.88
7.030999999999999,153.9977,180.64
7.032000000000004,155.6668,182.32
7.032999999999994,157.2016,183.92
7.033999999999999,159.1067,185.44
7.035000000000004,160.9882,186.87
7.035999999999994,163.2789,188.22
7.036999999999999,165.3145,189.48
7.038000000000004,167.5963,190.65
7.038999999999994,169.6133,191.74
7.039999999999999,171.5332,192.73
7.041000000000004,173.0393,193.63
7.0419999999999945,174.8592,194.44
7.042999999999999,176.3941,195.15
7.044000000000004,177.4573,195.77
7.044999999999995,178.9778,196.3
7.045999999999999,179.9715,196.73
7.047000000000004,180.9195,197.07
7.047999999999995,181.5032,197.31
7.0489999999999995,182.4444,197.45
7.050000000000004,183.1301,197.5
7.050999999999995,183.6279,197.45
7.052,184.5655,197.31
7.053000000000004,184.9324,197.07
7.053999999999995,185.5203,196.73
7.055,185.4608,196.3
7.0560000000000045,185.809,195.77
7.056999999999995,185.7552,195.15
7.058,186.1559,194.44
7.05899999999999,186.1525,193.63
7.059999999999995,186.2031,192.73
7.061,186.0219,191.74
7.0619999999999905,185.4488,190.65
7.062999999999995,185.2358,189.48
7.064,184.7472,188.22
7.064999999999991,184.1397,186.87
7.065999999999995,183.3538,185.44
7.067,182.5714,183.92
7.067999999999991,181.9009,182.32
7.0689999999999955,181.1155,180.64
7.07,180.3408,178.88
7.070999999999991,179.6581,177.04
7.071999999999996,178.7162,175.12
7.073,177.9444,173.13
7.073999999999991,176.8782,171.07
7.074999999999996,176.1402,168.94
7.0760000000000005,175.7055,166.74
7.076999999999991,174.4759,164.48
7.077999999999996,172.7258,162.15
7.079000000000001,170.9361,159.76
7.079999999999991,168.934,157.31
7.080999999999996,166.8894,154.8
7.082000000000001,164.6282,152.24
7.082999999999991,162.2822,149.63
7.083999999999996,160.2906,146.97
7.085000000000001,158.2436,144.26
7.085999999999991,156.1647,141.51
7.086999999999996,153.6887,138.72
7.088000000000001,151.3589,135.89
7.0889999999999915,149.07,133.03
7.089999999999996,146.8232,130.13
7.091000000000001,144.3021,127.2
7.091999999999992,141.4808,124.25
7.092999999999996,140.4717,121.27
7.094000000000001,137.544,118.27
7.094999999999992,134.7995,115.25
7.0959999999999965,131.8053,112.22
7.097000000000001,128.8948,109.18
7.097999999999992,125.7124,106.12
7.098999999999997,122.7822,103.06
7.100000000000001,119.6495,100.0
7.100999999999992,117.1074,96.94
7.101999999999997,114.3681,93.88
7.1030000000000015,111.9905,90.82
7.103999999999992,109.2044,87.78
7.104999999999997,106.5866,84.75
7.106000000000002,103.7504,81.73
7.106999999999992,101.3244,78.73
7.107999999999997,98.7695,75.75
7.109000000000002,97.7313,72.8
7.109999999999992,95.3012,69.87
7.110999999999997,93.0771,66.97
7.112000000000002,90.3688,64.11
7.112999999999992,87.9618,61.28
7.113999999999997,85.1163,58.49
7.115000000000002,82.487,55.74
7.1159999999999926,79.3416,53.03
7.116999999999997,76.3214,50.37
7.118000000000002,73.2699,47.76
7.118999999999993,70.6104,45.2
7.119999999999997,67.7533,42.69
7.121000000000002,65.2608,40.24
7.121999999999993,62.5242,37.85
7.1229999999999976,60.3647,35.52
7.124000000000002,57.9209,33.26
7.124999999999993,56.9506,31.06
7.125999999999998,54.729,28.92
7.1270000000000024,52.7827,26.86
7.127999999999993,50.7029,24.87
7.128999999999998,48.8063,22.96
7.130000000000003,46.5711,21.12
7.130999999999993,44.4871,19.36
7.131999999999998,42.4213,17.68
7.133000000000003,40.6891,16.08
7.133999999999993,39.201,14.56
7.134999999999998,37.5135,13.13
7.136000000000003,35.8144,11.78
7.136999999999993,33.8711,10.52
7.137999999999998,32.2957,9.35
7.139000000000003,30.6922,8.26
7.1399999999999935,29.1486,7.27
7.140999999999998,28.5273,6.37
7.142000000000003,27.0872,5.56
7.142999999999994,25.8169,4.85
7.143999999999998,24.9519,4.23
7.145000000000003,23.2814,3.7
7.145999999999994,22.1365,3.27
7.1469999999999985,20.657,2.93
7.148000000000003,19.8507,2.69
7.148999999999994,18.8727,2.55
7.149999999999999,18.4029,2.5
7.151000000000003,17.7923,2.55
7.151999999999994,17.3404,2.69
7.152999999999999,16.7437,2.93
7.1540000000000035,16.3688,3.27
7.154999999999994,15.7789,3.7
7.155999999999999,15.4478,4.23
7.157000000000004,15.5035,4.85
7.157999999999994,15.4762,5.56
7.158999999999999,15.3161,6.37
7.160000000000004,14.8282,7.27
7.160999999999994,14.3714,8.26
7.161999999999999,14.0989,9.35
7.163000000000004,14.0499,10.52
7.163999999999994,13.8099,11.78
7.164999999999999,13.9138,13.13
7.166000000000004,14.1145,14.56
7.1669999999999945,14.6972,16.08
7.167999999999999,15.0375,17.68
7.169000000000004,15.5969,19.36
7.169999999999995,16.1062,21.12
7.170999999999999,16.696,22.96
7.172000000000004,17.6603,24.87
7.172999999999995,18.1136,26.86
7.1739999999999995,19.0689,28.92
7.175000000000004,20.1366,31.06
7.175999999999995,20.9534,33.26
7.177,22.0974,35.52
7.178000000000004,23.0962,37.85
7.178999999999995,24.5134,40.24
7.18,26.3766,42.69
7.1810000000000045,28.4872,45.2
7.181999999999995,30.6063,47.76
7.183,32.5172,50.37
7.18399999999999,34.4638,53.03
7.184999999999995,36.4997,55.74
7.186,38.5892,58.49
7.1869999999999905,40.7424,61.28
7.187999999999995,43.0856,64.11
7.189,44.4131,66.97
7.189999999999991,46.7914,69.87
7.190999999999995,49.0196,72.8
7.192,51.6552,75.75
7.192999999999991,54.0926,78.73
7.1939999999999955,56.8643,81.73
7.195,59.9189,84.75
7.195999999999991,63.3032,87.78
7.196999999999996,66.8853,90.82
7.198,70.4794,93.88
7.198999999999991,73.7492,96.94
7.199999999999996,76.8606,100.0
7.2010000000000005,79.6044,103.06
7.201999999999991,82.3876,106.12
7.202999999999996,84.9409,109.18
7.204000000000001,87.4001,112.22
7.204999999999991,89.9118,115.25
7.205999999999996,91.782,118.27
7.207000000000001,93.8555,121.27
7.207999999999991,96.9581,124.25
7.208999999999996,98.8582,127.2
7.210000000000001,101.9893,130.13
7.210999999999991,104.1824,133.03
7.211999999999996,107.3732,135.89
7.213000000000001,110.1006,138.72
7.2139999999999915,113.5225,141.51
7.214999999999996,116.4728,144.26
7.216000000000001,119.5865,146.97
7.216999999999992,122.3398,149.63
7.217999999999996,125.123,152.24
7.219000000000001,127.9021,154.8
7.219999999999992,130.5979,157.31
7.2209999999999965,133.0712,159.76
7.222000000000001,134.3121,162.15
7.222999999999992,136.1735,164.48
7.223999999999997,138.235,166.74
7.225000000000001,140.1445,168.94
7.225999999999992,142.0065,171.07
7.226999999999997,143.9698,173.13
7.2280000000000015,145.7262,175.12
7.228999999999992,148.111,177.04
7.229999999999997,150.35,178.88
7.231000000000002,153.2812,180.64
7.231999999999992,155.8901,182.32
7.232999999999997,158.9466,183.92
7.234000000000002,161.3593,185.44
7.234999999999992,163.8942,186.87
7.235999999999997,166.1071,188.22
7.237000000000002,168.0227,189.48
7.237999999999992,168.9601,190.65
7.238999999999997,170.7635,191.74
7.240000000000002,171.8975,192.73
7.2409999999999926,173.7038,193.63
7.241999999999997,174.372,194.44
7.243000000000002,175.5354,195.15
7.243999999999993,175.9949,195.77
7.244999999999997,177.5574,196.3
7.246000000000002,178.5717,196.73
7.246999999999993,180.26,197.07
7.2479999999999976,181.2485,197.31
7.249000000000002,182.5531,197.45
7.249999999999993,183.2074,197.5
7.250999999999998,184.316,197.45
7.2520000000000024,184.9012,197.31
7.252999999999993,185.807,197.07
7.253999999999998,186.0358,196.73
7.255000000000003,186.325,196.3
7.255999999999993,186.2285,195.77
7.256999999999998,186.0154,195.15
7.258000000000003,185.3952,194.44
7.258999999999993,184.9663,193.63
7.259999999999998,184.6146,192.73
7.261000000000003,184.6036,191.74
7.261999999999993,184.3649,190.65
7.262999999999998,184.337,189.48
7.264000000000003,184.1751,188.22
7.2649999999999935,183.9099,186.87
7.265999999999998,183.4995,185.44
7.267000000000003,182.8439,183.92
7.267999999999994,182.3451,182.32
7.268999999999998,181.7023,180.64
7.270000000000003,181.6734,178.88
7.270999999999994,180.9359,177.04
7.2719999999999985,179.7953,175.12
7.273000000000003,178.3427,173.13
7.273999999999994,177.0474,171.07
7.274999999999999,175.6161,168.94
7.276000000000003,174.2736,166.74
7.276999999999994,172.5879,164.48
7.277999999999999,171.0801,162.15
7.2790000000000035,169.4265,159.76
7.279999999999994,167.5922,157.31
7.280999999999999,165.9989,154.8
7.282000000000004,164.1214,152.24
7.282999999999994,162.4528,149.63
7.283999999999999,160.3784,146.97
7.285000000000004,158.4547,144.26
7.285999999999994,157.7265,141.51
7.286999999999999,155.3015,138.72
7.288000000000004,152.9587,135.89
7.288999999999994,149.9659,133.03
7.289999999999999,147.5025,130.13
7.291000000000004,144.6985,127.2
7.2919999999999945,142.128,124.25
7.292999999999999,139.1125,121.27
7.294000000000004,136.3052,118.27
7.294999999999995,133.6532,115.25
7.295999999999999,130.9023,112.22
7.297000000000004,128.2989,109.18
7.297999999999995,125.4343,106.12
7.2989999999999995,122.6582,103.06
7.300000000000004,119.7723,100.0
7.300999999999995,117.2995,96.94
7.302,114.4909,93.88
7.303000000000004,113.2688,90.82
7.303999999999995,110.5138,87.78
7.305,107.7218,84.75
7.3060000000000045,104.9093,81.73
7.306999999999995,101.7607,78.73
7.308,98.7344,75.75
7.30899999999999,95.5806,72.8
7.309999999999995,92.517,69.87
7.311,89.9847,66.97
7.3119999999999905,87.3001,64.11
7.312999999999995,84.7467,61.28
7.314,82.1002,58.49
7.314999999999991,79.5075,55.74
7.315999999999995,77.1092,53.03
7.317,74.7994,50.37
7.317999999999991,72.8387,47.76
7.3189999999999955,72.0037,45.2
7.32,69.9169,42.69
7.320999999999991,67.977,40.24
7.321999999999996,65.9579,37.85
7.323,63.4464,35.52
7.323999999999991,60.9324,33.26
7.324999999999996,58.1635,31.06
7.3260000000000005,55.8671,28.92
7.326999999999991,53.4267,26.86
7.327999999999996,50.9235,24.87
7.329000000000001,48.4468,22.96
7.329999999999991,46.0248,21.12
7.330999999999996,43.8323,19.36
7.332000000000001,41.3255,17.68
7.332999999999991,39.7026,16.08
7.333999999999996,38.073,14.56
7.335000000000001,37.771,13.13
7.335999999999991,36.2665,11.78
7.336999999999996,34.8709,10.52
7.338000000000001,33.1822,9.35
7.3389999999999915,31.6374,8.26
7.339999999999996,30.1262,7.27
7.341000000000001,28.9977,6.37
7.341999999999992,28.0694,5.56
7.342999999999996,26.8689,4.85
7.344000000000001,25.9143,4.23
7.344999999999992,24.4014,3.7
7.3459999999999965,23.0525,3.27
7.347000000000001,21.6206,2.93
7.347999999999992,20.1611,2.69
7.348999999999997,19.3328,2.55
7.350000000000001,18.3701,2.5
7.350999999999992,18.2102,2.55
7.351999999999997,17.4489,2.69
7.3530000000000015,16.7317,2.93
7.353999999999992,16.3632,3.27
7.354999999999997,16.0628,3.7
7.356000000000002,15.6398,4.23
7.356999999999992,15.185,4.85
7.357999999999997,14.8758,5.56
7.359000000000002,14.5536,6.37
7.359999999999992,14.4277,7.27
7.360999999999997,14.073,8.26
7.362000000000002,13.9386,9.35
7.362999999999992,13.7318,10.52
7.363999999999997,13.8246,11.78
7.365000000000002,13.9565,13.13
7.3659999999999926,14.3533,14.56
7.366999999999997,14.5058,16.08
7.368000000000002,14.8302,17.68
7.368999999999993,15.2591,19.36
7.369999999999997,16.0834,21.12
7.371000000000002,16.6854,22.96
7.371999999999993,17.1447,24.87
7.3729999999999976,17.5869,26.86
7.374000000000002,18.3095,28.92
7.374999999999993,19.4431,31.06
7.375999999999998,20.8677,33.26
7.3770000000000024,22.334,35.52
7.377999999999993,23.767,37.85
7.378999999999998,25.3047,40.24
7.380000000000003,26.9038,42.69
7.380999999999993,28.7568,45.2
7.381999999999998,30.6359,47.76
7.383000000000003,32.0353,50.37
7.383999999999993,34.1722,53.03
7.384999999999998,36.6562,55.74
7.386000000000003,38.646,58.49
7.386999999999993,40.8959,61.28
7.387999999999998,42.8035,64.11
7.389000000000003,45.1968,66.97
7.3899999999999935,47.7836,69.87
7.390999999999998,50.507,72.8
7.392000000000003,53.4335,75.75
7.392999999999994,56.3664,78.73
7.393999999999998,59.3877,81.73
7.395000000000003,61.9524,84.75
7.395999999999994,64.4474,87.78
7.3969999999999985,67.1224,90.82
7.398000000000003,70.2004,93.88
7.398999999999994,73.3109,96.94
7.399999999999999,74.5593,100.0
7.401000000000003,77.7908,103.06
7.401999999999994,79.9487,106.12
7.402999999999999,82.9827,109.18
7.4040000000000035,85.2598,112.22
7.404999999999994,88.2977,115.25
7.405999999999999,90.8701,118.27
7.407000000000004,94.2489,121.27
7.407999999999994,96.8456,124.25
7.408999999999999,100.1183,127.2
7.410000000000004,102.8127,130.13
7.410999999999994,105.945,133.03
7.411999999999999,108.52,135.89
7.413000000000004,111.5138,138.72
7.413999999999994,114.0837,141.51
7.414999999999999,116.7205,144.26
7.416000000000004,117.8548,146.97
7.4169999999999945,120.5504,149.63
7.417999999999999,122.7087,152.24
7.419000000000004,125.0942,154.8
7.419999999999995,127.1693,157.31
7.420999999999999,129.3546,159.76
7.422000000000004,131.6122,162.15
7.422999999999995,134.0509,164.48
7.4239999999999995,137.1959,166.74
7.425000000000004,140.3073,168.94
7.425999999999995,143.6202,171.07
7.427,146.2874,173.13
7.428000000000004,149.0259,175.12
7.428999999999995,151.562,177.04
7.43,154.1892,178.88
7.4310000000000045,156.5679,180.64
7.431999999999995,157.732,182.32
7.433,159.714,183.92
7.43399999999999,161.4013,185.44
7.434999999999995,163.143,186.87
7.436,164.3825,188.22
7.4369999999999905,166.1577,189.48
7.437999999999995,167.3906,190.65
7.439,169.5135,191.74
7.439999999999991,171.1006,192.73
7.440999999999995,173.2143,193.63
7.442,174.6591,194.44
7.442999999999991,176.3543,195.15
7.4439999999999955,177.5491,195.77
7.445,178.8266,196.3
7.445999999999991,179.8397,196.73
7.446999999999996,180.9997,197.07
7.448,181.6502,197.31
7.448999999999991,182.4199,197.45
7.449999999999996,183.0966,197.5
7.4510000000000005,183.5376,197.45
7.451999999999991,183.9002,197.31
7.452999999999996,184.1629,197.07
7.454000000000001,184.397,196.73
7.454999999999991,184.6699,196.3
7.455999999999996,184.8992,195.77
7.457000000000001,185.0783,195.15
7.457999999999991,185.3593,194.44
7.458999999999996,185.3441,193.63
7.460000000000001,185.3828,192.73
7.460999999999991,185.051,191.74
7.461999999999996,185.0198,190.65
7.463000000000001,184.7056,189.48
7.4639999999999915,184.723,188.22
7.464999999999996,184.5124,186.87
7.466000000000001,183.7653,185.44
7.466999999999992,183.1268,183.92
7.467999999999996,182.1132,182.32
7.469000000000001,181.1921,180.64
7.469999999999992,180.1491,178.88
7.4709999999999965,179.3224,177.04
7.472000000000001,178.5105,175.12
7.472999999999992,177.5686,173.13
7.473999999999997,176.5542,171.07
7.475000000000001,175.4677,168.94
7.475999999999992,174.4037,166.74
7.476999999999997,173.131,164.48
7.4780000000000015,171.6528,162.15
7.478999999999992,170.0028,159.76
7.479999999999997,169.1661,157.31
7.481000000000002,167.444,154.8
7.481999999999992,165.2748,152.24
7.482999999999997,163.4547,149.63
7.484000000000002,161.0923,146.97
7.484999999999992,158.8428,144.26
7.485999999999997,156.1291,141.51
7.487000000000002,153.7507,138.72
7.487999999999992,151.5815,135.89
7.488999999999997,149.4745,133.03
7.490000000000002,147.0566,130.13
7.4909999999999926,144.2784,127.2
7.491999999999997,141.2637,124.25
7.493000000000002,138.6573,121.27
7.493999999999993,135.9101,118.27
7.494999999999997,133.4689,115.25
7.496000000000002,132.4078,112.22
7.496999999999993,129.566,109.18
7.4979999999999976,126.5874,106.12
7.499000000000002,123.4756,103.06
7.499999999999993,120.8366,100.0
7.500999999999998,118.1917,96.94
7.5020000000000024,115.1884,93.88
7.502999999999993,112.2712,90.82
7.503999999999998,109.2146,87.78
7.505000000000003,106.4384,84.75
7.505999999999993,103.5363,81.73
7.506999999999998,100.5759,78.73
7.508000000000003,97.8777,75.75
7.508999999999993,94.6522,72.8
7.509999999999998,92.0967,69.87
7.511000000000003,89.4256,66.97
7.511999999999993,86.9817,64.11
7.512999999999998,85.7983,61.28
7.514000000000003,82.8895,58.49
7.5149999999999935,80.5731,55.74
7.515999999999998,77.6082,53.03
7.517000000000003,75.0653,50.37
7.517999999999994,72.1964,47.76
7.518999999999998,70.2452,45.2
7.520000000000003,67.9368,42.69
7.520999999999994,65.7786,40.24
7.5219999999999985,63.0846,37.85
7.523000000000003,60.8945,35.52
7.523999999999994,58.5751,33.26
7.524999999999999,56.6787,31.06
7.526000000000003,54.3699,28.92
7.526999999999994,52.7497,26.86
7.527999999999999,51.1382,24.87
7.5290000000000035,50.5009,22.96
7.529999999999994,48.9345,21.12
7.530999999999999,46.8734,19.36
7.532000000000004,44.7223,17.68
7.532999999999994,42.6204,16.08
7.533999999999999,40.5449,14.56
7.535000000000004,38.7926,13.13
7.535999999999994,36.988,11.78
7.536999999999999,35.1244,10.52
7.538000000000004,33.3723,9.35
7.538999999999994,31.2799,8.26
7.539999999999999,29.3179,7.27
7.541000000000004,27.3842,6.37
7.5419999999999945,25.8546,5.56
7.542999999999999,25.0796,4.85
7.544000000000004,24.1574,4.23
7.544999999999995,24.0819,3.7
7.545999999999999,23.1985,3.27
7.547000000000004,22.2997,2.93
7.547999999999995,21.4123,2.69
7.5489999999999995,20.6063,2.55
7.550000000000004,19.6311,2.5
7.550999999999995,18.954,2.55
7.552,18.2459,2.69
7.553000000000004,17.8466,2.93
7.553999999999995,17.3739,3.27
7.555,16.7997,3.7
7.5560000000000045,16.1417,4.23
7.556999999999995,15.2782,4.85
7.558,14.6069,5.56
7.55899999999999,14.0913,6.37
7.559999999999995,14.0902,7.27
7.561,14.3089,8.26
7.5619999999999905,14.1937,9.35
7.562999999999995,14.1778,10.52
7.564,14.1294,11.78
7.564999999999991,14.1757,13.13
7.565999999999995,14.1748,14.56
7.567,14.4043,16.08
7.567999999999991,14.759,17.68
7.5689999999999955,15.3608,19.36
7.57,15.9931,21.12
7.570999999999991,16.5413,22.96
7.571999999999996,17.1142,24.87
7.573,17.929,26.86
7.573999999999991,18.9078,28.92
7.574999999999996,19.9859,31.06
7.5760000000000005,21.1941,33.26
7.576999999999991,22.0587,35.52
7.577999999999996,23.3708,37.85
7.579000000000001,25.0783,40.24
7.579999999999991,26.7691,42.69
7.580999999999996,28.4737,45.2
7.582000000000001,30.298,47.76
7.582999999999991,32.2169,50.37
7.583999999999996,34.2629,53.03
7.585000000000001,36.4897,55.74
7.585999999999991,38.8539,58.49
7.586999999999996,41.2639,61.28
7.588000000000001,43.9341,64.11
7.5889999999999915,46.1075,66.97
7.589999999999996,48.7193,69.87
7.591000000000001,50.7561,72.8
7.591999999999992,53.6994,75.75
7.592999999999996,55.197,78.73
7.594000000000001,57.704,81.73
7.594999999999992,60.4101,84.75
7.5959999999999965,62.7006,87.78
7.597000000000001,65.4723,90.82
7.597999999999992,68.0355,93.88
7.598999999999997,71.0972,96.94
7.600000000000001,73.9119,100.0
7.600999999999992,77.1517,103.06
7.601999999999997,79.9817,106.12
7.6030000000000015,83.3096,109.18
7.603999999999992,86.3186,112.22
7.604999999999997,89.7798,115.25
7.606000000000002,92.4577,118.27
7.606999999999992,95.3309,121.27
7.607999999999997,97.656,124.25
7.609000000000002,100.7047,127.2
7.609999999999992,101.9865,130.13
7.610999999999997,104.6521,133.03
7.612000000000002,106.7769,135.89
7.612999999999992,109.1575,138.72
7.613999999999997,111.2136,141.51
7.615000000000002,113.7541,144.26
7.6159999999999926,116.1846,146.97
7.616999999999997,119.4089,149.63
7.618000000000002,122.3362,152.24
7.618999999999993,125.8021,154.8
7.619999999999997,129.0047,157.31
7.621000000000002,132.1149,159.76
7.621999999999993,134.8557,162.15
7.6229999999999976,137.6255,164.48
7.624000000000002,140.323,166.74
7.624999999999993,143.0359,168.94
7.625999999999998,144.2305,171.07
7.6270000000000024,146.5215,173.13
7.627999999999993,148.6785,175.12
7.628999999999998,150.4875,177.04
7.630000000000003,152.3553,178.88
7.630999999999993,154.0978,180.64
7.631999999999998,156.2385,182.32
7.633000000000003,158.4325,183.92
7.633999999999993,160.917,185.44
7.634999999999998,163.1512,186.87
7.636000000000003,165.3169,188.22
7.636999999999993,167.277,189.48
7.637999999999998,169.0251,190.65
7.639000000000003,170.8555,191.74
7.6399999999999935,172.4229,192.73
7.640999999999998,174.0719,193.63
7.642000000000003,174.8815,194.44
7.642999999999994,176.0608,195.15
7.643999999999998,177.2447,195.77
7.645000000000003,177.9015,196.3
7.645999999999994,178.8958,196.73
7.6469999999999985,179.631,197.07
7.648000000000003,180.5902,197.31
7.648999999999994,181.2675,197.45
7.649999999999999,182.2593,197.5
7.651000000000003,183.1226,197.45
7.651999999999994,183.9372,197.31
7.652999999999999,184.2617,197.07
7.6540000000000035,184.7054,196.73
7.654999999999994,184.8776,196.3
7.655999999999999,185.1154,195.77
7.657000000000004,185.2096,195.15
7.657999999999994,185.4523,194.44
7.658999999999999,185.2278,193.63
7.660000000000004,185.0928,192.73
7.660999999999994,184.4146,191.74
7.661999999999999,184.0589,190.65
7.663000000000004,183.471,189.48
7.663999999999994,183.2041,188.22
7.664999999999999,182.6537,186.87
7.666000000000004,182.2928,185.44
7.6669999999999945,181.6119,183.92
7.667999999999999,181.1662,182.32
7.669000000000004,180.7814,180.64
7.669999999999995,180.3153,178.88
7.670999999999999,179.6487,177.04
7.672000000000004,178.6971,175.12
7.672999999999995,177.9196,173.13
7.6739999999999995,177.5395,171.07
7.675000000000004,176.3801,168.94
7.675999999999995,175.1981,166.74
7.677,173.7934,164.48
7.678000000000004,172.1785,162.15
7.678999999999995,170.4291,159.76
7.68,168.605,157.31
7.6810000000000045,166.7536,154.8
7.681999999999995,164.9859,152.24
7.683,162.8988,149.63
7.68399999999999,160.6063,146.97
7.684999999999995,158.4423,144.26
7.686,156.3504,141.51
7.6869999999999905,154.348,138.72
7.687999999999995,152.1358,135.89
7.689,149.8805,133.03
7.689999999999991,148.9301,130.13
7.690999999999995,146.2221,127.2
7.692,143.5149,124.25
7.692999999999991,140.6381,121.27
7.6939999999999955,137.8316,118.27
7.695,134.762,115.25
7.695999999999991,131.9615,112.22
7.696999999999996,128.9138,109.18
7.698,126.2151,106.12
7.698999999999991,123.0743,103.06
7.699999999999996,120.2489,100.0
7.7010000000000005,116.8904,96.94
7.701999999999991,113.9093,93.88
7.702999999999996,110.9969,90.82
7.704000000000001,108.1313,87.78
7.704999999999991,105.4178,84.75
7.705999999999996,104.3274,81.73
7.707000000000001,101.5976,78.73
7.707999999999991,99.0108,75.75
7.708999999999996,96.0297,72.8
7.710000000000001,93.4276,69.87
7.710999999999991,90.5732,66.97
7.711999999999996,87.9104,64.11
7.713000000000001,85.2041,61.28
7.7139999999999915,82.8812,58.49
7.714999999999996,80.3406,55.74
7.716000000000001,77.7443,53.03
7.716999999999992,74.5693,50.37
7.717999999999996,71.6433,47.76
7.719000000000001,68.8469,45.2
7.719999999999992,66.5554,42.69
7.7209999999999965,64.3095,40.24
7.722000000000001,62.0526,37.85
7.722999999999992,61.0452,35.52
7.723999999999997,58.7891,33.26
7.725000000000001,56.4562,31.06
7.725999999999992,54.1255,28.92
7.726999999999997,52.2883,26.86
7.7280000000000015,50.4503,24.87
7.728999999999992,48.8445,22.96
7.729999999999997,46.9156,21.12
7.731000000000002,45.0964,19.36
7.731999999999992,43.3762,17.68
7.732999999999997,41.7628,16.08
7.734000000000002,40.0066,14.56
7.734999999999992,38.2072,13.13
7.735999999999997,36.5017,11.78
7.737000000000002,34.886,10.52
7.737999999999992,33.3172,9.35
7.738999999999997,32.7794,8.26
7.740000000000002,31.0626,7.27
7.7409999999999926,29.5532,6.37
7.741999999999997,28.1694,5.56
7.743000000000002,26.887,4.85
7.743999999999993,25.6772,4.23
7.744999999999997,24.3573,3.7
7.746000000000002,23.3611,3.27
7.746999999999993,22.3462,2.93
7.7479999999999976,21.5034,2.69
7.749000000000002,20.5052,2.55
7.749999999999993,19.357,2.5
7.750999999999998,18.1602,2.55
7.7520000000000024,17.2352,2.69
7.752999999999993,16.5934,2.93
7.753999999999998,16.4664,3.27
7.755000000000003,16.429,3.7
7.755999999999993,16.0544,4.23
7.756999999999998,15.7938,4.85
7.758000000000003,15.271,5.56
7.758999999999993,14.866,6.37
7.759999999999998,14.74,7.27
7.761000000000003,14.8586,8.26
7.761999999999993,14.71,9.35
7.762999999999998,14.6435,10.52
7.764000000000003,14.5005,11.78
7.7649999999999935,14.4682,13.13
7.765999999999998,14.2946,14.56
7.767000000000003,14.4194,16.08
7.767999999999994,14.5244,17.68
7.768999999999998,15.2307,19.36
7.770000000000003,15.7408,21.12
7.770999999999994,16.3956,22.96
7.7719999999999985,17.194,24.87
7.773000000000003,18.0234,26.86
7.773999999999994,19.0664,28.92
7.774999999999999,19.8899,31.06
7.776000000000003,21.032,33.26
7.776999999999994,22.2598,35.52
7.777999999999999,23.9545,37.85
7.7790000000000035,25.6124,40.24
7.779999999999994,27.2828,42.69
7.780999999999999,29.2316,45.2
7.782000000000004,30.8639,47.76
7.782999999999994,33.0963,50.37
7.783999999999999,34.8618,53.03
7.785000000000004,37.1156,55.74
7.785999999999994,38.9488,58.49
7.786999999999999,40.3133,61.28
7.788000000000004,42.5148,64.11
7.788999999999994,44.8652,66.97
7.789999999999999,47.0244,69.87
7.791000000000004,49.8154,72.8
7.7919999999999945,51.9567,75.75
7.792999999999999,54.8581,78.73
7.794000000000004,57.1547,81.73
7.794999999999995,60.6319,84.75
7.795999999999999,63.6462,87.78
7.797000000000004,66.9616,90.82
7.797999999999995,69.4881,93.88
7.7989999999999995,72.4361,96.94
7.800000000000004,75.1945,100.0
7.800999999999995,78.1815,103.06
7.802,80.8284,106.12
7.803000000000004,82.3172,109.18
7.803999999999995,85.0676,112.22
7.805,87.3886,115.25
7.8060000000000045,89.5666,118.27
7.806999999999995,91.5256,121.27
7.808,94.0156,124.25
7.80899999999999,96.8101,127.2
7.809999999999995,100.0719,130.13
7.811,103.6144,133.03
7.8119999999999905,107.1013,135.89
7.812999999999995,110.4829,138.72
7.814,113.7764,141.51
7.814999999999991,117.0075,144.26
7.815999999999995,119.9504,146.97
7.817,123.0981,149.63
7.817999999999991,125.8226,152.24
7.8189999999999955,127.2697,154.8
7.82,129.5363,157.31
7.820999999999991,131.8331,159.76
7.821999999999996,134.2422,162.15
7.823,136.5399,164.48
7.823999999999991,138.59,166.74
7.824999999999996,141.033,168.94
7.8260000000000005,143.4694,171.07
7.826999999999991,146.0894,173.13
7.827999999999996,148.3969,175.12
7.829000000000001,151.0801,177.04
7.829999999999991,153.4001,178.88
7.830999999999996,155.7926,180.64
7.832000000000001,157.9454,182.32
7.832999999999991,159.96,183.92
7.833999999999996,161.9439,185.44
7.835000000000001,163.6877,186.87
7.835999999999991,164.4626,188.22
7.836999999999996,166.7145,189.48
7.838000000000001,167.8064,190.65
7.8389999999999915,169.6088,191.74
7.839999999999996,170.5801,192.73
7.841000000000001,172.3308,193.63
7.841999999999992,173.8097,194.44
7.842999999999996,175.3286,195.15
7.844000000000001,176.4482,195.77
7.844999999999992,177.6054,196.3
7.8459999999999965,178.5559,196.73
7.847000000000001,179.5021,197.07
7.847999999999992,180.3061,197.31
7.848999999999997,181.027,197.45
7.850000000000001,181.8774,197.5
7.850999999999992,182.4273,197.45
7.851999999999997,182.7288,197.31
7.8530000000000015,183.3344,197.07
7.853999999999992,183.6595,196.73
7.854999999999997,184.1316,196.3
7.856000000000002,184.6426,195.77
7.856999999999992,184.7047,195.15
7.857999999999997,184.6001,194.44
7.859000000000002,184.1843,193.63
7.859999999999992,184.2527,192.73
7.860999999999997,184.0862,191.74
7.862000000000002,183.9819,190.65
7.862999999999992,183.7161,189.48
7.863999999999997,183.4623,188.22
7.865000000000002,183.14,186.87
7.8659999999999926,182.579,185.44
7.866999999999997,182.0548,183.92
7.868000000000002,181.9091,182.32
7.868999999999993,181.3136,180.64
7.869999999999997,180.5308,178.88
7.871000000000002,179.7567,177.04
7.871999999999993,178.7521,175.12
7.8729999999999976,177.4975,173.13
7.874000000000002,176.3234,171.07
7.874999999999993,175.0507,168.94
7.875999999999998,173.9682,166.74
7.8770000000000024,172.7083,164.48
7.877999999999993,171.4572,162.15
7.878999999999998,170.0534,159.76
7.880000000000003,168.3247,157.31
7.880999999999993,166.5481,154.8
7.881999999999998,164.5668,152.24
7.883000000000003,162.5921,149.63
7.883999999999993,161.741,146.97
7.884999999999998,159.6532,144.26
7.886000000000003,157.1721,141.51
7.886999999999993,154.8286,138.72
7.887999999999998,152.2339,135.89
7.889000000000003,150.0291,133.03
7.8899999999999935,147.5918,130.13
7.890999999999998,144.9644,127.2
7.892000000000003,142.5256,124.25
7.892999999999994,140.0015,121.27
7.893999999999998,137.7847,118.27
7.895000000000003,134.9593,115.25
7.895999999999994,132.6246,112.22
7.8969999999999985,129.5118,109.18
7.898000000000003,127.1118,106.12
7.898999999999994,123.7639,103.06
7.899999999999999,122.7521,100.0
7.901000000000003,119.6723,96.94
7.901999999999994,116.9289,93.88
7.902999999999999,113.8817,90.82
7.9040000000000035,110.8444,87.78
7.904999999999994,107.7471,84.75
7.905999999999999,104.7409,81.73
7.907000000000004,101.5593,78.73
7.907999999999994,98.3091,75.75
7.908999999999999,94.9632,72.8
7.910000000000004,92.351,69.87
7.910999999999994,89.539,66.97
7.911999999999999,86.5286,64.11
7.913000000000004,83.5257,61.28
7.913999999999994,80.7011,58.49
7.914999999999999,78.4383,55.74
7.916000000000004,77.4287,53.03
7.9169999999999945,74.9369,50.37
7.917999999999999,72.8211,47.76
7.919000000000004,70.5351,45.2
7.919999999999995,68.1829,42.69
7.920999999999999,65.9291,40.24
7.922000000000004,63.5375,37.85
7.922999999999995,61.5161,35.52
7.9239999999999995,59.4246,33.26
7.925000000000004,57.1888,31.06
7.925999999999995,54.6751,28.92
7.927,52.0793,26.86
7.928000000000004,49.6593,24.87
7.928999999999995,47.1206,22.96
7.93,44.9248,21.12
7.9310000000000045,42.9123,19.36
7.931999999999995,41.241,17.68
7.933,40.5205,16.08
7.93399999999999,38.7428,14.56
7.934999999999995,37.0867,13.13
7.936,35.7306,11.78
7.9369999999999905,34.2576,10.52
7.937999999999995,32.9486,9.35
7.939,31.5971,8.26
7.939999999999991,30.505,7.27
7.940999999999995,29.3754,6.37
7.942,28.4707,5.56
7.942999999999991,27.3378,4.85
7.9439999999999955,26.1609,4.23
7.945,24.745,3.7
7.945999999999991,23.583,3.27
7.946999999999996,22.5998,2.93
7.948,21.7413,2.69
7.948999999999991,21.4963,2.55
7.949999999999996,20.4326,2.5
7.9510000000000005,19.1881,2.55
7.951999999999991,18.2447,2.69
7.952999999999996,17.5195,2.93
7.954000000000001,17.3148,3.27
7.954999999999991,16.7515,3.7
7.955999999999996,16.3129,4.23
7.957000000000001,16.0356,4.85
7.957999999999991,15.9417,5.56
7.958999999999996,15.7358,6.37
7.960000000000001,15.378,7.27
7.960999999999991,14.8639,8.26
7.961999999999996,14.6691,9.35
7.963000000000001,14.4212,10.52
7.9639999999999915,14.4809,11.78
7.964999999999996,14.7227,13.13
7.966000000000001,14.8073,14.56
7.966999999999992,14.8401,16.08
7.967999999999996,14.8963,17.68
7.969000000000001,15.1569,19.36
7.969999999999992,15.7039,21.12
7.9709999999999965,16.3895,22.96
7.972000000000001,17.0737,24.87
7.972999999999992,17.8564,26.86
7.973999999999997,18.9539,28.92
7.975000000000001,20.0099,31.06
7.975999999999992,21.5042,33.26
7.976999999999997,22.5516,35.52
7.9780000000000015,24.1518,37.85
7.978999999999992,25.4259,40.24
7.979999999999997,27.2023,42.69
7.981000000000002,28.2341,45.2
7.981999999999992,29.9682,47.76
7.982999999999997,31.9467,50.37
7.984000000000002,33.6384,53.03
7.984999999999992,35.5212,55.74
7.985999999999997,37.331,58.49
7.987000000000002,39.8956,61.28
7.987999999999992,42.586,64.11
7.988999999999997,45.6609,66.97
7.990000000000002,48.1947,69.87
7.9909999999999926,51.0261,72.8
7.991999999999997,53.3472,75.75
7.993000000000002,55.8019,78.73
7.993999999999993,58.1003,81.73
7.994999999999997,60.5164,84.75
7.996000000000002,62.9024,87.78
7.996999999999993,64.2288,90.82
7.9979999999999976,66.4463,93.88
7.999000000000002,69.2152,96.94
7.999999999999993,71.8601,100.0
8.000999999999998,74.5022,103.06
8.002000000000002,77.3158,106.12
8.002999999999993,80.41,109.18
8.003999999999998,84.0085,112.22
8.005000000000003,87.9544,115.25
8.005999999999993,91.7944,118.27
8.006999999999998,95.3533,121.27
8.008000000000003,98.2949,124.25
8.008999999999993,101.46,127.2
8.009999999999998,104.5366,130.13
8.011000000000003,107.4248,133.03
8.011999999999993,109.9585,135.89
8.012999999999998,111.2362,138.72
8.014000000000003,113.5712,141.51
8.014999999999993,116.2019,144.26
8.015999999999998,118.2372,146.97
8.017000000000003,120.7711,149.63
8.017999999999994,123.035,152.24
8.018999999999998,125.96,154.8
8.020000000000003,128.5791,157.31
8.020999999999994,131.6054,159.76
8.021999999999998,134.5988,162.15
8.023000000000003,137.6095,164.48
8.023999999999994,140.4126,166.74
8.024999999999999,142.8874,168.94
8.026000000000003,145.1733,171.07
8.026999999999994,147.4015,173.13
8.027999999999999,149.2493,175.12
8.029000000000003,150.5759,177.04
8.029999999999994,152.1427,178.88
8.030999999999999,154.4737,180.64
8.032000000000004,156.0237,182.32
8.032999999999994,158.159,183.92
8.033999999999999,159.1355,185.44
8.035000000000004,161.358,186.87
8.035999999999994,162.9118,188.22
8.036999999999999,165.5389,189.48
8.038000000000004,167.3372,190.65
8.038999999999994,169.2762,191.74
8.04,170.6526,192.73
8.041000000000004,172.0839,193.63
8.041999999999994,173.743,194.44
8.043,174.9711,195.15
8.044000000000004,176.4025,195.77
8.044999999999995,177.1559,196.3
8.046,178.0598,196.73
8.047000000000004,178.9644,197.07
8.047999999999995,179.8226,197.31
8.049,180.4543,197.45
8.050000000000004,181.1069,197.5
8.050999999999995,181.6021,197.45
8.052,182.334,197.31
8.053000000000004,183.1368,197.07
8.053999999999995,183.985,196.73
8.055,184.585,196.3
8.056000000000004,184.5008,195.77
8.056999999999995,184.4773,195.15
8.058,184.3466,194.44
8.05899999999999,184.598,193.63
8.059999999999995,184.5985,192.73
8.061,184.5585,191.74
8.06199999999999,184.3375,190.65
8.062999999999995,184.1906,189.48
8.064,183.582,188.22
8.06499999999999,183.2999,186.87
8.065999999999995,182.5304,185.44
8.067,181.8063,183.92
8.06799999999999,180.9166,182.32
8.068999999999996,180.2818,180.64
8.07,179.4817,178.88
8.07099999999999,178.8365,177.04
8.071999999999996,177.8905,175.12
8.073,177.0297,173.13
8.073999999999991,175.9081,171.07
8.074999999999996,174.6368,168.94
8.076,173.513,166.74
8.076999999999991,172.3163,164.48
8.077999999999996,171.7839,162.15
8.079,170.4138,159.76
8.079999999999991,168.8307,157.31
8.080999999999996,166.9441,154.8
8.082,165.0518,152.24
8.082999999999991,162.9933,149.63
8.083999999999996,161.012,146.97
8.085,158.6762,144.26
8.085999999999991,156.3182,141.51
8.086999999999996,154.1178,138.72
8.088000000000001,151.6725,135.89
8.088999999999992,149.1694,133.03
8.089999999999996,146.3239,130.13
8.091000000000001,143.7776,127.2
8.091999999999992,140.9389,124.25
8.092999999999996,138.5901,121.27
8.094000000000001,137.4967,118.27
8.094999999999992,134.6391,115.25
8.095999999999997,132.1023,112.22
8.097000000000001,129.3899,109.18
8.097999999999992,126.8543,106.12
8.098999999999997,124.1759,103.06
8.100000000000001,121.2479,100.0
8.100999999999992,118.5762,96.94
8.101999999999997,115.756,93.88
8.103000000000002,113.0015,90.82
8.103999999999992,110.1804,87.78
8.104999999999997,107.2173,84.75
8.106000000000002,104.4129,81.73
8.106999999999992,101.4774,78.73
8.107999999999997,98.9451,75.75
8.109000000000002,96.3308,72.8
8.109999999999992,94.7921,69.87
8.110999999999997,92.6514,66.97
8.112000000000002,89.3497,64.11
8.112999999999992,87.0011,61.28
8.113999999999997,83.6466,58.49
8.115000000000002,81.4881,55.74
8.115999999999993,78.5413,53.03
8.116999999999997,76.0484,50.37
8.118000000000002,72.5346,47.76
8.118999999999993,69.9567,45.2
8.119999999999997,67.3635,42.69
8.121000000000002,64.5931,40.24
8.121999999999993,61.6559,37.85
8.122999999999998,59.2466,35.52
8.124000000000002,57.0252,33.26
8.124999999999993,55.127,31.06
8.125999999999998,54.2401,28.92
8.127000000000002,52.4798,26.86
8.127999999999993,51.0862,24.87
8.128999999999998,49.3276,22.96
8.130000000000003,47.3963,21.12
8.130999999999993,45.4293,19.36
8.131999999999998,43.451,17.68
8.133000000000003,41.7295,16.08
8.133999999999993,40.0172,14.56
8.134999999999998,38.1337,13.13
8.136000000000003,36.1637,11.78
8.136999999999993,34.0127,10.52
8.137999999999998,32.3764,9.35
8.139000000000003,30.3676,8.26
8.139999999999993,28.7869,7.27
8.140999999999998,27.086,6.37
8.142000000000003,26.1206,5.56
8.142999999999994,25.8197,4.85
8.143999999999998,24.7959,4.23
8.145000000000003,23.9289,3.7
8.145999999999994,23.0267,3.27
8.146999999999998,22.2479,2.93
8.148000000000003,21.3198,2.69
8.148999999999994,21.0262,2.55
8.149999999999999,20.4609,2.5
8.151000000000003,20.165,2.55
8.151999999999994,19.1036,2.69
8.152999999999999,18.3211,2.93
8.154000000000003,17.3798,3.27
8.154999999999994,16.7818,3.7
8.155999999999999,16.2155,4.23
8.157000000000004,15.996,4.85
8.157999999999994,15.8204,5.56
8.158999999999999,15.749,6.37
8.160000000000004,15.723,7.27
8.160999999999994,15.6347,8.26
8.161999999999999,15.2824,9.35
8.163000000000004,15.0447,10.52
8.163999999999994,14.6156,11.78
8.165,14.6084,13.13
8.166000000000004,14.6247,14.56
8.166999999999994,14.7469,16.08
8.168,15.1326,17.68
8.169000000000004,15.4739,19.36
8.169999999999995,15.9475,21.12
8.171,16.4326,22.96
8.172000000000004,17.1286,24.87
8.172999999999995,18.3477,26.86
8.174,19.4589,28.92
8.175000000000004,20.1669,31.06
8.175999999999995,21.0401,33.26
8.177,21.9973,35.52
8.178000000000004,23.143,37.85
8.178999999999995,24.3803,40.24
8.18,25.7332,42.69
8.181000000000004,27.3153,45.2
8.181999999999995,28.9954,47.76
8.183,30.8386,50.37
8.18399999999999,33.0069,53.03
8.184999999999995,35.5341,55.74
8.186,38.1756,58.49
8.18699999999999,40.4511,61.28
8.187999999999995,42.6911,64.11
8.189,44.8388,66.97
8.18999999999999,47.3364,69.87
8.190999999999995,48.7616,72.8
8.192,51.3779,75.75
8.19299999999999,53.4658,78.73
8.193999999999996,55.9514,81.73
8.195,58.4873,84.75
8.19599999999999,61.0266,87.78
8.196999999999996,64.1327,90.82
8.198,67.2899,93.88
8.198999999999991,71.3033,96.94
8.199999999999996,74.7652,100.0
8.201,78.6253,103.06
8.201999999999991,81.7846,106.12
8.202999999999996,84.8304,109.18
8.204,87.6658,112.22
8.204999999999991,90.4372,115.25
8.205999999999996,93.4352,118.27
8.207,95.1024,121.27
8.207999999999991,97.3938,124.25
8.208999999999996,100.1954,127.2
8.21,102.3463,130.13
8.210999999999991,104.9199,133.03
8.211999999999996,107.2972,135.89
8.213000000000001,109.9315,138.72
8.213999999999992,112.7354,141.51
8.214999999999996,116.0054,144.26
8.216000000000001,119.2583,146.97
8.216999999999992,122.568,149.63
8.217999999999996,125.1978,152.24
8.219000000000001,128.0306,154.8
8.219999999999992,130.2445,157.31
8.220999999999997,133.0786,159.76
8.222000000000001,135.2514,162.15
8.222999999999992,136.8725,164.48
8.223999999999997,138.8697,166.74
8.225000000000001,141.5669,168.94
8.225999999999992,143.1686,171.07
8.226999999999997,145.3884,173.13
8.228000000000002,146.8177,175.12
8.228999999999992,148.9652,177.04
8.229999999999997,150.8032,178.88
8.231000000000002,153.1975,180.64
8.231999999999992,155.0842,182.32
8.232999999999997,157.5687,183.92
8.234000000000002,159.4531,185.44
8.234999999999992,161.8662,186.87
8.235999999999997,163.456,188.22
8.237000000000002,165.7588,189.48
8.237999999999992,167.523,190.65
8.238999999999997,168.9103,191.74
8.240000000000002,170.1981,192.73
8.240999999999993,172.0546,193.63
8.241999999999997,173.2246,194.44
8.243000000000002,174.6927,195.15
8.243999999999993,175.7396,195.77
8.244999999999997,177.2214,196.3
8.246000000000002,178.3104,196.73
8.246999999999993,179.5262,197.07
8.247999999999998,180.3342,197.31
8.249000000000002,181.2806,197.45
8.249999999999993,182.0726,197.5
8.250999999999998,182.7004,197.45
8.252000000000002,183.1344,197.31
8.252999999999993,183.3832,197.07
8.253999999999998,183.7207,196.73
8.255000000000003,184.1249,196.3
8.255999999999993,184.3229,195.77
8.256999999999998,184.5569,195.15
8.258000000000003,184.5267,194.44
8.258999999999993,184.3844,193.63
8.259999999999998,184.1145,192.73
8.261000000000003,183.7714,191.74
8.261999999999993,183.4618,190.65
8.262999999999998,183.3923,189.48
8.264000000000003,182.9968,188.22
8.264999999999993,182.5962,186.87
8.265999999999998,181.9559,185.44
8.267000000000003,181.7448,183.92
8.267999999999994,181.1648,182.32
8.268999999999998,180.3915,180.64
8.270000000000003,179.4312,178.88
8.270999999999994,178.7178,177.04
8.271999999999998,178.3788,175.12
8.273000000000003,177.3667,173.13
8.273999999999994,176.4948,171.07
8.274999999999999,175.198,168.94
8.276000000000003,173.969,166.74
8.276999999999994,172.3263,164.48
8.277999999999999,171.1143,162.15
8.279000000000003,169.6296,159.76
8.279999999999994,167.9344,157.31
8.280999999999999,166.0373,154.8
8.282000000000004,163.932,152.24
8.282999999999994,161.821,149.63
8.283999999999999,159.3528,146.97
8.285000000000004,157.1982,144.26
8.285999999999994,154.9779,141.51
8.286999999999999,153.0659,138.72
8.288000000000004,151.8806,135.89
8.288999999999994,149.6763,133.03
8.29,147.3465,130.13
8.291000000000004,145.0592,127.2
8.291999999999994,142.4468,124.25
8.293,139.8034,121.27
8.294000000000004,137.1298,118.27
8.294999999999995,134.415,115.25
8.296,131.4856,112.22
8.297000000000004,128.3638,109.18
8.297999999999995,125.4854,106.12
8.299,122.3573,103.06
8.300000000000004,119.4898,100.0
8.300999999999995,116.446,96.94
8.302,113.9706,93.88
8.303000000000004,111.4824,90.82
8.303999999999995,110.2756,87.78
8.305,107.4916,84.75
8.306000000000004,104.9257,81.73
8.306999999999995,102.0344,78.73
8.308,99.4863,75.75
8.30899999999999,96.656,72.8
8.309999999999995,94.2354,69.87
8.311,91.1973,66.97
8.31199999999999,88.3904,64.11
8.312999999999995,85.6075,61.28
8.314,83.1301,58.49
8.31499999999999,80.1287,55.74
8.315999999999995,77.2423,53.03
8.317,74.6992,50.37
8.31799999999999,72.3561,47.76
8.318999999999996,70.0737,45.2
8.32,68.9446,42.69
8.32099999999999,66.8596,40.24
8.321999999999996,64.7192,37.85
8.323,62.5033,35.52
8.323999999999991,59.9571,33.26
8.324999999999996,57.8357,31.06
8.326,55.6471,28.92
8.326999999999991,53.6429,26.86
8.327999999999996,51.3049,24.87
8.329,49.0498,22.96
8.329999999999991,46.4361,21.12
8.330999999999996,44.0569,19.36
8.332,41.5053,17.68
8.332999999999991,39.6363,16.08
8.333999999999996,37.6715,14.56
8.335,36.2584,13.13
8.335999999999991,35.5853,11.78
8.336999999999996,34.5638,10.52
8.338000000000001,33.3481,9.35
8.338999999999992,32.2391,8.26
8.339999999999996,30.6,7.27
8.341000000000001,29.2707,6.37
8.341999999999992,27.8077,5.56
8.342999999999996,27.0086,4.85
8.344000000000001,25.8429,4.23
8.344999999999992,24.5525,3.7
8.345999999999997,23.1183,3.27
8.347000000000001,21.9441,2.93
8.347999999999992,20.7062,2.69
8.348999999999997,19.5907,2.55
8.350000000000001,18.3524,2.5
8.350999999999992,17.726,2.55
8.351999999999997,17.2384,2.69
8.353000000000002,17.0357,2.93
8.353999999999992,16.9165,3.27
8.354999999999997,16.4746,3.7
8.356000000000002,16.2025,4.23
8.356999999999992,15.6745,4.85
8.357999999999997,15.1819,5.56
8.359000000000002,14.9522,6.37
8.359999999999992,14.8305,7.27
8.360999999999997,14.7952,8.26
8.362000000000002,14.7936,9.35
8.362999999999992,14.8256,10.52
8.363999999999997,14.5879,11.78
8.365000000000002,14.5421,13.13
8.365999999999993,14.584,14.56
8.366999999999997,15.0129,16.08
8.368000000000002,15.3987,17.68
8.368999999999993,15.8011,19.36
8.369999999999997,16.318,21.12
8.371000000000002,16.6253,22.96
8.371999999999993,17.2399,24.87
8.372999999999998,17.6858,26.86
8.374000000000002,18.4513,28.92
8.374999999999993,19.2241,31.06
8.375999999999998,20.3245,33.26
8.377000000000002,21.5965,35.52
8.377999999999993,23.1259,37.85
8.378999999999998,24.9265,40.24
8.380000000000003,26.4639,42.69
8.380999999999993,28.4352,45.2
8.381999999999998,30.1756,47.76
8.383000000000003,32.8065,50.37
8.383999999999993,34.8503,53.03
8.384999999999998,36.1847,55.74
8.386000000000003,38.4374,58.49
8.386999999999993,40.6833,61.28
8.387999999999998,43.0195,64.11
8.389000000000003,45.2167,66.97
8.389999999999993,47.7503,69.87
8.390999999999998,50.4743,72.8
8.392000000000003,53.3736,75.75
8.392999999999994,56.233,78.73
8.393999999999998,58.7983,81.73
8.395000000000003,61.6143,84.75
8.395999999999994,64.1416,87.78
8.396999999999998,67.1949,90.82
8.398000000000003,69.6979,93.88
8.398999999999994,72.5609,96.94
8.399999999999999,75.1722,100.0
8.401000000000003,76.8765,103.06
8.401999999999994,79.7735,106.12
8.402999999999999,82.6302,109.18
8.404000000000003,85.1674,112.22
8.404999999999994,87.7689,115.25
8.405999999999999,90.5851,118.27
8.407000000000004,93.8743,121.27
8.407999999999994,96.9797,124.25
8.408999999999999,100.3298,127.2
8.410000000000004,103.5172,130.13
8.410999999999994,106.5526,133.03
8.411999999999999,109.2108,135.89
8.413000000000004,111.6786,138.72
8.413999999999994,115.11,141.51
8.415,116.958,144.26
8.416000000000004,119.8655,146.97
8.416999999999994,121.589,149.63
8.418,123.1563,152.24
8.419000000000004,125.8059,154.8
8.419999999999995,127.8679,157.31
8.421,129.9164,159.76
8.422000000000004,131.9275,162.15
8.422999999999995,134.2207,164.48
8.424,136.6661,166.74
8.425000000000004,139.1523,168.94
8.425999999999995,142.2039,171.07
8.427,144.6353,173.13
8.428000000000004,147.7216,175.12
8.428999999999995,149.6787,177.04
8.43,152.486,178.88
8.431000000000004,154.3033,180.64
8.431999999999995,156.9704,182.32
8.433,158.1643,183.92
8.43399999999999,160.3574,185.44
8.434999999999995,162.375,186.87
8.436,164.2466,188.22
8.43699999999999,165.739,189.48
8.437999999999995,167.1078,190.65
8.439,168.8041,191.74
8.43999999999999,170.307,192.73
8.440999999999995,172.1093,193.63
8.442,173.5739,194.44
8.44299999999999,175.1898,195.15
8.443999999999996,176.5658,195.77
8.445,177.7635,196.3
8.44599999999999,178.688,196.73
8.446999999999996,179.4822,197.07
8.448,180.4651,197.31
8.448999999999991,181.0146,197.45
8.449999999999996,182.0367,197.5
8.451,182.797,197.45
8.451999999999991,183.2746,197.31
8.452999999999996,183.4294,197.07
8.454,183.5462,196.73
8.454999999999991,183.475,196.3
8.455999999999996,183.4584,195.77
8.457,183.5049,195.15
8.457999999999991,183.5427,194.44
8.458999999999996,183.499,193.63
8.46,183.4631,192.73
8.460999999999991,183.1594,191.74
8.461999999999996,182.9438,190.65
8.463000000000001,182.6592,189.48
8.463999999999992,182.7788,188.22
8.464999999999996,182.7158,186.87
8.466000000000001,182.6074,185.44
8.466999999999992,181.9698,183.92
8.467999999999996,181.3069,182.32
8.469000000000001,180.2902,180.64
8.469999999999992,179.4982,178.88
8.470999999999997,178.3878,177.04
8.472000000000001,177.1966,175.12
8.472999999999992,176.1014,173.13
8.473999999999997,175.2027,171.07
8.475000000000001,174.5065,168.94
8.475999999999992,173.3389,166.74
8.476999999999997,171.9865,164.48
8.478000000000002,170.506,162.15
8.478999999999992,169.116,159.76
8.479999999999997,167.5527,157.31
8.481000000000002,165.7971,154.8
8.481999999999992,164.9788,152.24
8.482999999999997,163.1952,149.63
8.484000000000002,160.9579,146.97
8.484999999999992,158.9485,144.26
8.485999999999997,156.6297,141.51
8.487000000000002,154.3557,138.72
8.487999999999992,151.9761,135.89
8.488999999999997,149.6332,133.03
8.490000000000002,147.2942,130.13
8.490999999999993,144.6013,127.2
8.491999999999997,141.7504,124.25
8.493000000000002,139.0831,121.27
8.493999999999993,135.974,118.27
8.494999999999997,133.234,115.25
8.496000000000002,130.1643,112.22
8.496999999999993,127.7765,109.18
8.497999999999998,126.4301,106.12
8.499000000000002,123.5465,103.06
8.499999999999993,120.7997,100.0
8.500999999999998,118.074,96.94
8.502000000000002,114.8748,93.88
8.502999999999993,112.3368,90.82
8.503999999999998,109.2343,87.78
8.505000000000003,106.847,84.75
8.505999999999993,103.6485,81.73
8.506999999999998,101.0319,78.73
8.508000000000003,97.9813,75.75
8.508999999999993,95.3123,72.8
8.509999999999998,92.5496,69.87
8.511000000000003,89.7411,66.97
8.511999999999993,87.2594,64.11
8.512999999999998,84.3112,61.28
8.514000000000003,82.7205,58.49
8.514999999999993,80.7907,55.74
8.515999999999998,77.971,53.03
8.517000000000003,76.2313,50.37
8.517999999999994,72.8611,47.76
8.518999999999998,70.3511,45.2
8.520000000000003,67.6788,42.69
8.520999999999994,65.2774,40.24
8.521999999999998,62.9201,37.85
8.523000000000003,60.8154,35.52
8.523999999999994,58.582,33.26
8.524999999999999,56.5039,31.06
8.526000000000003,54.0287,28.92
8.526999999999994,52.1069,26.86
8.527999999999999,50.0006,24.87
8.529000000000003,48.3177,22.96
8.529999999999994,47.5393,21.12
8.530999999999999,45.8115,19.36
8.532000000000004,44.1295,17.68
8.532999999999994,42.6488,16.08
8.533999999999999,40.7732,14.56
8.535000000000004,38.8358,13.13
8.535999999999994,36.8731,11.78
8.536999999999999,35.026,10.52
8.538000000000004,33.1915,9.35
8.538999999999994,31.3266,8.26
8.54,29.6468,7.27
8.541000000000004,28.0199,6.37
8.541999999999994,26.3508,5.56
8.543,25.0523,4.85
8.544000000000004,23.9987,4.23
8.544999999999995,23.22,3.7
8.546,23.1087,3.27
8.547000000000004,22.3263,2.93
8.547999999999995,21.6977,2.69
8.549,21.0746,2.55
8.550000000000004,20.4545,2.5
8.550999999999995,19.5987,2.55
8.552,18.727,2.69
8.553000000000004,17.9457,2.93
8.553999999999995,17.3555,3.27
8.555,16.7932,3.7
8.556000000000004,16.3069,4.23
8.556999999999995,15.6916,4.85
8.558,15.1378,5.56
8.55899999999999,14.6842,6.37
8.559999999999995,14.5274,7.27
8.561,14.531,8.26
8.56199999999999,14.4593,9.35
8.562999999999995,14.7415,10.52
8.564,14.9183,11.78
8.56499999999999,15.1833,13.13
8.565999999999995,15.331,14.56
8.567,15.2837,16.08
8.56799999999999,15.3072,17.68
8.568999999999996,15.5142,19.36
8.57,16.0496,21.12
8.57099999999999,16.6194,22.96
8.571999999999996,17.3549,24.87
8.573,17.779,26.86
8.573999999999991,18.7136,28.92
8.574999999999996,19.5487,31.06
8.576,20.801,33.26
8.576999999999991,21.9563,35.52
8.577999999999996,23.6168,37.85
8.579,24.664,40.24
8.579999999999991,26.3364,42.69
8.580999999999996,28.281,45.2
8.582,29.9293,47.76
8.582999999999991,31.8628,50.37
8.583999999999996,33.6301,53.03
8.585,36.1117,55.74
8.585999999999991,38.4031,58.49
8.586999999999996,40.8039,61.28
8.588000000000001,43.2551,64.11
8.588999999999992,45.9011,66.97
8.589999999999996,48.6719,69.87
8.591000000000001,51.2884,72.8
8.591999999999992,53.7697,75.75
8.592999999999996,56.3377,78.73
8.594000000000001,58.8856,81.73
8.594999999999992,60.4829,84.75
8.595999999999997,62.8812,87.78
8.597000000000001,65.5014,90.82
8.597999999999992,67.9339,93.88
8.598999999999997,71.0874,96.94
8.600000000000001,73.5909,100.0
8.600999999999992,76.9643,103.06
8.601999999999997,79.6586,106.12
8.603000000000002,83.3536,109.18
8.603999999999992,86.157,112.22
8.604999999999997,89.6924,115.25
8.606000000000002,92.4228,118.27
8.606999999999992,95.7855,121.27
8.607999999999997,97.999,124.25
8.609000000000002,100.8237,127.2
8.609999999999992,103.007,130.13
8.610999999999997,104.7036,133.03
8.612000000000002,106.8296,135.89
8.612999999999992,109.4071,138.72
8.613999999999997,111.2807,141.51
8.615000000000002,113.8469,144.26
8.615999999999993,115.7584,146.97
8.616999999999997,118.7441,149.63
8.618000000000002,121.4692,152.24
8.618999999999993,125.2425,154.8
8.619999999999997,128.0077,157.31
8.621000000000002,131.4507,159.76
8.621999999999993,134.0096,162.15
8.622999999999998,137.0167,164.48
8.624000000000002,139.5398,166.74
8.624999999999993,142.1601,168.94
8.625999999999998,144.5921,171.07
8.627000000000002,146.0375,173.13
8.627999999999993,148.1849,175.12
8.628999999999998,150.4471,177.04
8.630000000000003,152.3098,178.88
8.630999999999993,154.2311,180.64
8.631999999999998,155.9833,182.32
8.633000000000003,158.1483,183.92
8.633999999999993,159.8373,185.44
8.634999999999998,162.1617,186.87
8.636000000000003,163.877,188.22
8.636999999999993,166.2656,189.48
8.637999999999998,167.756,190.65
8.639000000000003,169.745,191.74
8.639999999999993,170.8537,192.73
8.640999999999998,172.4622,193.63
8.642000000000003,173.6899,194.44
8.642999999999994,174.5874,195.15
8.643999999999998,176.1062,195.77
8.645000000000003,176.8402,196.3
8.645999999999994,177.8111,196.73
8.646999999999998,178.5954,197.07
8.648000000000003,179.4599,197.31
8.648999999999994,180.1926,197.45
8.649999999999999,181.0314,197.5
8.651000000000003,181.7562,197.45
8.651999999999994,182.4482,197.31
8.652999999999999,182.8529,197.07
8.654000000000003,183.2514,196.73
8.654999999999994,183.2107,196.3
8.655999999999999,183.2535,195.77
8.657000000000004,183.1824,195.15
8.657999999999994,183.3756,194.44
8.658999999999999,183.0188,193.63
8.660000000000004,183.2889,192.73
8.660999999999994,182.9761,191.74
8.661999999999999,183.0691,190.65
8.663000000000004,182.7024,189.48
8.663999999999994,182.3634,188.22
8.665,181.6993,186.87
8.666000000000004,181.331,185.44
8.666999999999994,180.7281,183.92
8.668,180.1765,182.32
8.669000000000004,179.1911,180.64
8.669999999999995,178.4865,178.88
8.671,177.5314,177.04
8.672000000000004,176.8297,175.12
8.672999999999995,175.7848,173.13
8.674,175.0369,171.07
8.675000000000004,174.1323,168.94
8.675999999999995,173.6884,166.74
8.677,172.624,164.48
8.678000000000004,171.5027,162.15
8.678999999999995,170.2184,159.76
8.68,168.7103,157.31
8.681000000000004,166.9948,154.8
8.681999999999995,165.2589,152.24
8.683,163.0893,149.63
8.68399999999999,160.7694,146.97
8.684999999999995,158.4382,144.26
8.686,156.2559,141.51
8.68699999999999,153.7644,138.72
8.687999999999995,151.28,135.89
8.689,148.7002,133.03
8.68999999999999,146.5337,130.13
8.690999999999995,144.2949,127.2
8.692,143.0741,124.25
8.69299999999999,141.387,121.27
8.693999999999996,138.3954,118.27
8.695,136.061,115.25
8.69599999999999,132.9043,112.22
8.696999999999996,130.0887,109.18
8.698,126.7044,106.12
8.698999999999991,123.7733,103.06
8.699999999999996,120.5736,100.0
8.701,117.7913,96.94
8.701999999999991,114.197,93.88
8.702999999999996,111.3088,90.82
8.704,107.558,87.78
8.704999999999991,105.3162,84.75
8.705999999999996,101.8824,81.73
8.707,99.7503,78.73
8.707999999999991,98.1081,75.75
8.708999999999996,96.053,72.8
8.71,93.2892,69.87
8.710999999999991,91.0672,66.97
8.711999999999996,87.8671,64.11
8.713000000000001,85.5375,61.28
8.713999999999992,82.4293,58.49
8.714999999999996,80.2075,55.74
8.716000000000001,77.0655,53.03
8.716999999999992,74.441,50.37
8.717999999999996,71.5137,47.76
8.719000000000001,68.8891,45.2
8.719999999999992,66.4043,42.69
8.720999999999997,64.0129,40.24
8.722000000000001,61.8661,37.85
8.722999999999992,59.8858,35.52
8.723999999999997,58.9703,33.26
8.725000000000001,57.0073,31.06
8.725999999999992,55.0479,28.92
8.726999999999997,53.0406,26.86
8.728000000000002,51.1189,24.87
8.728999999999992,48.8497,22.96
8.729999999999997,46.763,21.12
8.731000000000002,44.6652,19.36
8.731999999999992,42.7854,17.68
8.732999999999997,41.0969,16.08
8.734000000000002,39.0661,14.56
8.734999999999992,37.0966,13.13
8.735999999999997,35.1569,11.78
8.737000000000002,33.6264,10.52
8.737999999999992,32.5636,9.35
8.738999999999997,31.4537,8.26
8.740000000000002,31.264,7.27
8.740999999999993,30.3479,6.37
8.741999999999997,29.3441,5.56
8.743000000000002,28.2552,4.85
8.743999999999993,26.9172,4.23
8.744999999999997,25.6858,3.7
8.746000000000002,24.248,3.27
8.746999999999993,22.8174,2.93
8.747999999999998,21.5123,2.69
8.749000000000002,20.5399,2.55
8.749999999999993,19.5774,2.5
8.750999999999998,18.5758,2.55
8.752000000000002,17.3302,2.69
8.752999999999993,16.5419,2.93
8.753999999999998,16.0131,3.27
8.755000000000003,15.8924,3.7
8.755999999999993,16.1313,4.23
8.756999999999998,16.0872,4.85
8.758000000000003,16.1274,5.56
8.758999999999993,15.9814,6.37
8.759999999999998,15.6876,7.27
8.761000000000003,15.2408,8.26
8.761999999999993,14.7565,9.35
8.762999999999998,14.5369,10.52
8.764000000000003,14.5025,11.78
8.764999999999993,14.4729,13.13
8.765999999999998,14.5767,14.56
8.767000000000003,14.5397,16.08
8.767999999999994,14.7414,17.68
8.768999999999998,14.9398,19.36
8.770000000000003,15.6145,21.12
8.770999999999994,16.5558,22.96
8.771999999999998,17.8571,24.87
8.773000000000003,18.4174,26.86
8.773999999999994,19.361,28.92
8.774999999999999,20.2782,31.06
8.776000000000003,21.2595,33.26
8.776999999999994,22.1101,35.52
8.777999999999999,23.2381,37.85
8.779000000000003,24.7176,40.24
8.779999999999994,26.5588,42.69
8.780999999999999,28.3011,45.2
8.782000000000004,30.4727,47.76
8.782999999999994,32.7014,50.37
8.783999999999999,34.9739,53.03
8.785000000000004,37.1525,55.74
8.785999999999994,39.4337,58.49
8.786999999999999,41.892,61.28
8.788000000000004,43.9624,64.11
8.788999999999994,45.3546,66.97
8.79,47.624,69.87
8.791000000000004,49.686,72.8
8.791999999999994,52.0851,75.75
8.793,54.3425,78.73
8.794000000000004,57.0417,81.73
8.794999999999995,59.9869,84.75
8.796,62.8406,87.78
8.797000000000004,66.4633,90.82
8.797999999999995,68.9718,93.88
8.799,72.3914,96.94
8.800000000000004,74.4441,100.0
8.800999999999995,77.793,103.06
8.802,80.0071,106.12
8.803000000000004,83.0054,109.18
8.803999999999995,85.2335,112.22
8.805,86.9518,115.25
8.806000000000004,89.244,118.27
8.806999999999995,91.8271,121.27
8.808,94.3587,124.25
8.80899999999999,97.4129,127.2
8.809999999999995,100.39,130.13
8.811,103.3853,133.03
8.81199999999999,106.6985,135.89
8.812999999999995,109.9853,138.72
8.814,113.4731,141.51
8.81499999999999,116.7356,144.26
8.815999999999995,119.6902,146.97
8.817,122.6447,149.63
8.81799999999999,125.315,152.24
8.818999999999996,128.0417,154.8
8.82,130.3513,157.31
8.82099999999999,131.656,159.76
8.821999999999996,134.0313,162.15
8.823,136.1353,164.48
8.823999999999991,138.2328,166.74
8.824999999999996,140.2979,168.94
8.826,142.3547,171.07
8.826999999999991,144.8143,173.13
8.827999999999996,147.2895,175.12
8.829,150.1378,177.04
8.829999999999991,152.4095,178.88
8.830999999999996,155.234,180.64
8.832,157.1883,182.32
8.832999999999991,159.5565,183.92
8.833999999999996,161.2897,185.44
8.835,163.2259,186.87
8.835999999999991,164.7657,188.22
8.836999999999996,165.651,189.48
8.838000000000001,167.066,190.65
8.838999999999992,168.8259,191.74
8.839999999999996,169.9256,192.73
8.841000000000001,170.8432,193.63
8.841999999999992,171.9348,194.44
8.842999999999996,173.0119,195.15
8.844000000000001,174.6647,195.77
8.844999999999992,175.7185,196.3
8.845999999999997,177.1404,196.73
8.847000000000001,178.4017,197.07
8.847999999999992,179.4829,197.31
8.848999999999997,180.3541,197.45
8.850000000000001,180.7508,197.5
8.850999999999992,181.0934,197.45
8.851999999999997,181.7617,197.31
8.853000000000002,182.1485,197.07
8.853999999999992,182.7693,196.73
8.854999999999997,183.0576,196.3
8.856000000000002,183.2516,195.77
8.856999999999992,183.2531,195.15
8.857999999999997,183.0348,194.44
8.859000000000002,182.7883,193.63
8.859999999999992,182.6193,192.73
8.860999999999997,182.7001,191.74
8.862000000000002,182.6581,190.65
8.862999999999992,182.5604,189.48
8.863999999999997,182.3926,188.22
8.865000000000002,182.0667,186.87
8.865999999999993,181.8962,185.44
8.866999999999997,181.2962,183.92
8.868000000000002,180.5822,182.32
8.868999999999993,179.569,180.64
8.869999999999997,179.2615,178.88
8.871000000000002,178.3358,177.04
8.871999999999993,177.3361,175.12
8.872999999999998,176.1378,173.13
8.874000000000002,175.1967,171.07
8.874999999999993,173.9639,168.94
8.875999999999998,172.8515,166.74
8.877000000000002,171.4383,164.48
8.877999999999993,170.3457,162.15
8.878999999999998,169.184,159.76
8.880000000000003,167.857,157.31
8.880999999999993,165.9478,154.8
8.881999999999998,163.9923,152.24
8.883000000000003,161.7441,149.63
8.883999999999993,159.7156,146.97
8.884999999999998,157.3932,144.26
8.886000000000003,156.5204,141.51
8.886999999999993,154.1436,138.72
8.887999999999998,151.9616,135.89
8.889000000000003,149.5756,133.03
8.889999999999993,147.2939,130.13
8.890999999999998,144.8319,127.2
8.892000000000003,142.3929,124.25
8.892999999999994,139.5773,121.27
8.893999999999998,136.8262,118.27
8.895000000000003,133.9306,115.25
8.895999999999994,131.4451,112.22
8.896999999999998,128.5132,109.18
8.898000000000003,125.5396,106.12
8.898999999999994,122.5275,103.06
8.899999999999999,119.6593,100.0
8.901000000000003,117.5325,96.94
8.901999999999994,116.2747,93.88
8.902999999999999,113.5338,90.82
8.904000000000003,111.2067,87.78
8.904999999999994,108.0205,84.75
8.905999999999999,105.6446,81.73
8.907000000000004,102.5778,78.73
8.907999999999994,99.947,75.75
8.908999999999999,96.9556,72.8
8.910000000000004,93.8007,69.87
8.910999999999994,90.917,66.97
8.911999999999999,87.6197,64.11
8.913000000000004,84.6327,61.28
8.913999999999994,81.4621,58.49
8.915,78.6726,55.74
8.916000000000004,75.8331,53.03
8.916999999999994,73.2259,50.37
8.918,72.1231,47.76
8.919000000000004,69.3786,45.2
8.919999999999995,67.6112,42.69
8.921,65.1629,40.24
8.922000000000004,63.2239,37.85
8.922999999999995,60.5269,35.52
8.924,58.75,33.26
8.925000000000004,56.4101,31.06
8.925999999999995,54.699,28.92
8.927,52.2919,26.86
8.928000000000004,50.0356,24.87
8.928999999999995,47.6175,22.96
8.93,45.5188,21.12
8.931000000000004,43.3484,19.36
8.931999999999995,41.6271,17.68
8.933,40.0645,16.08
8.93399999999999,39.3583,14.56
8.934999999999995,37.8879,13.13
8.936,36.0455,11.78
8.93699999999999,34.3756,10.52
8.937999999999995,32.7728,9.35
8.939,31.5061,8.26
8.93999999999999,30.1019,7.27
8.940999999999995,28.8112,6.37
8.942,27.6766,5.56
8.94299999999999,26.6416,4.85
8.943999999999996,25.7028,4.23
8.945,24.2345,3.7
8.94599999999999,23.1057,3.27
8.946999999999996,21.7949,2.93
8.948,20.8783,2.69
8.948999999999991,20.1261,2.55
8.949999999999996,20.1996,2.5
8.951,19.6349,2.55
8.951999999999991,19.2185,2.69
8.952999999999996,18.4674,2.93
8.954,17.7702,3.27
8.954999999999991,16.9349,3.7
8.955999999999996,16.5144,4.23
8.957,16.1955,4.85
8.957999999999991,15.9076,5.56
8.958999999999996,15.7661,6.37
8.96,15.4077,7.27
8.960999999999991,14.9808,8.26
8.961999999999996,14.5602,9.35
8.963000000000001,14.3215,10.52
8.963999999999992,14.5329,11.78
8.964999999999996,14.775,13.13
8.966000000000001,15.0769,14.56
8.966999999999992,15.2767,16.08
8.967999999999996,15.7749,17.68
8.969000000000001,15.9548,19.36
8.969999999999992,16.4272,21.12
8.970999999999997,16.7189,22.96
8.972000000000001,17.3319,24.87
8.972999999999992,18.0684,26.86
8.973999999999997,18.7717,28.92
8.975000000000001,19.8737,31.06
8.975999999999992,21.0286,33.26
8.976999999999997,22.434,35.52
8.978000000000002,23.6338,37.85
8.978999999999992,24.9957,40.24
8.979999999999997,26.7441,42.69
8.981000000000002,28.5855,45.2
8.981999999999992,30.8096,47.76
8.982999999999997,32.0367,50.37
8.984000000000002,33.7958,53.03
8.984999999999992,36.0895,55.74
8.985999999999997,37.8949,58.49
8.987000000000002,40.159,61.28
8.987999999999992,41.9595,64.11
8.988999999999997,44.6438,66.97
8.990000000000002,47.0398,69.87
8.990999999999993,49.7838,72.8
8.991999999999997,52.213,75.75
8.993000000000002,54.9149,78.73
8.993999999999993,57.7937,81.73
8.994999999999997,60.1532,84.75
8.996000000000002,63.0135,87.78
8.996999999999993,65.6576,90.82
8.997999999999998,68.7802,93.88
8.999000000000002,70.2815,96.94
8.999999999999993,72.8492,100.0
9.000999999999998,75.6849,103.06
9.002000000000002,78.395,106.12
9.002999999999993,81.1402,109.18
9.003999999999998,84.1913,112.22
9.005000000000003,87.3687,115.25
9.005999999999993,90.7446,118.27
9.006999999999998,94.2535,121.27
9.008000000000003,97.8506,124.25
9.008999999999993,101.3231,127.2
9.009999999999998,104.3693,130.13
9.011000000000003,107.0173,133.03
9.011999999999993,109.8492,135.89
9.012999999999998,112.4808,138.72
9.014000000000003,115.6055,141.51
9.014999999999993,116.8253,144.26
9.015999999999998,118.5087,146.97
9.017000000000003,121.7853,149.63
9.017999999999994,123.0498,152.24
9.018999999999998,125.9567,154.8
9.020000000000003,127.6994,157.31
9.020999999999994,130.4473,159.76
9.021999999999998,132.7269,162.15
9.023000000000003,135.9115,164.48
9.023999999999994,138.7183,166.74
9.024999999999999,141.8662,168.94
9.026000000000003,144.5338,171.07
9.026999999999994,147.1647,173.13
9.027999999999999,149.3336,175.12
9.029000000000003,151.1391,177.04
9.029999999999994,153.0594,178.88
9.030999999999999,153.8969,180.64
9.032000000000004,155.7924,182.32
9.032999999999994,157.3986,183.92
9.033999999999999,158.7042,185.44
9.035000000000004,159.9758,186.87
9.035999999999994,161.109,188.22
9.036999999999999,163.1723,189.48
9.038000000000004,164.9902,190.65
9.038999999999994,167.5101,191.74
9.04,169.647,192.73
9.041000000000004,172.1753,193.63
9.041999999999994,173.9374,194.44
9.043,175.573,195.15
9.044000000000004,176.5556,195.77
9.044999999999995,177.7327,196.3
9.046,178.3787,196.73
9.047000000000004,178.9696,197.07
9.047999999999995,179.2489,197.31
9.049,179.6844,197.45
9.050000000000004,179.7902,197.5
9.050999999999995,180.2416,197.45
9.052,180.4618,197.31
9.053000000000004,180.7079,197.07
9.053999999999995,180.9757,196.73
9.055,181.5255,196.3
9.056000000000004,182.3879,195.77
9.056999999999995,182.9871,195.15
9.058,183.3542,194.44
9.05899999999999,183.4215,193.63
9.059999999999995,183.371,192.73
9.061,183.3071,191.74
9.06199999999999,183.2302,190.65
9.062999999999995,183.2472,189.48
9.064,182.8154,188.22
9.06499999999999,182.1347,186.87
9.065999999999995,181.1469,185.44
9.067,180.3316,183.92
9.06799999999999,179.1465,182.32
9.068999999999996,178.4616,180.64
9.07,177.524,178.88
9.07099999999999,177.066,177.04
9.071999999999996,176.3865,175.12
9.073,175.8455,173.13
9.073999999999991,174.8608,171.07
9.074999999999996,174.0818,168.94
9.076,173.0565,166.74
9.076999999999991,171.9155,164.48
9.077999999999996,170.5551,162.15
9.079,169.0008,159.76
9.079999999999991,168.2596,157.31
9.080999999999996,166.3538,154.8
9.082,164.4663,152.24
9.082999999999991,162.5472,149.63
9.083999999999996,160.5826,146.97
9.085,158.3196,144.26
9.085999999999991,156.1504,141.51
9.086999999999996,154.1188,138.72
9.088000000000001,151.9004,135.89
9.088999999999992,149.6816,133.03
9.089999999999996,147.2782,130.13
9.091000000000001,144.7007,127.2
9.091999999999992,141.9475,124.25
9.092999999999996,139.329,121.27
9.094000000000001,136.6601,118.27
9.094999999999992,134.0535,115.25
9.095999999999997,132.8767,112.22
9.097000000000001,129.8602,109.18
9.097999999999992,127.2876,106.12
9.098999999999997,124.1896,103.06
9.100000000000001,121.5732,100.0
9.100999999999992,118.461,96.94
9.101999999999997,115.6029,93.88
9.103000000000002,112.471,90.82
9.103999999999992,109.3871,87.78
9.104999999999997,106.0985,84.75
9.106000000000002,102.9999,81.73
9.106999999999992,99.6719,78.73
9.107999999999997,96.5434,75.75
9.109000000000002,93.7542,72.8
9.109999999999992,91.3248,69.87
9.110999999999997,88.9325,66.97
9.112000000000002,87.931,64.11
9.112999999999992,85.2459,61.28
9.113999999999997,82.7533,58.49
9.115000000000002,80.8507,55.74
9.115999999999993,78.5468,53.03
9.116999999999997,76.6087,50.37
9.118000000000002,73.673,47.76
9.118999999999993,71.379,45.2
9.119999999999997,68.7373,42.69
9.121000000000002,65.9722,40.24
9.121999999999993,63.2688,37.85
9.122999999999998,60.8589,35.52
9.124000000000002,58.2817,33.26
9.124999999999993,56.0204,31.06
9.125999999999998,53.4025,28.92
9.127000000000002,51.6504,26.86
9.127999999999993,50.8063,24.87
9.128999999999998,48.7254,22.96
9.130000000000003,47.0402,21.12
9.130999999999993,44.7853,19.36
9.131999999999998,42.929,17.68
9.133000000000003,40.8437,16.08
9.133999999999993,39.2037,14.56
9.134999999999998,37.6735,13.13
9.136000000000003,36.072,11.78
9.136999999999993,34.3224,10.52
9.137999999999998,32.5019,9.35
9.139000000000003,30.8105,8.26
9.139999999999993,29.5597,7.27
9.140999999999998,28.1799,6.37
9.142000000000003,26.8915,5.56
9.142999999999994,25.7243,4.85
9.143999999999998,25.4068,4.23
9.145000000000003,24.2925,3.7
9.145999999999994,23.3194,3.27
9.146999999999998,22.4815,2.93
9.148000000000003,21.5647,2.69
9.148999999999994,20.7223,2.55
9.149999999999999,19.6788,2.5
9.151000000000003,19.0402,2.55
9.151999999999994,18.4202,2.69
9.152999999999999,17.7237,2.93
9.154000000000003,17.0195,3.27
9.154999999999994,16.2499,3.7
9.155999999999999,15.6983,4.23
9.157000000000004,15.071,4.85
9.157999999999994,14.8033,5.56
9.158999999999999,14.7137,6.37
9.160000000000004,15.0211,7.27
9.160999999999994,14.8883,8.26
9.161999999999999,15.1033,9.35
9.163000000000004,14.9599,10.52
9.163999999999994,15.2279,11.78
9.165,15.0654,13.13
9.166000000000004,15.1923,14.56
9.166999999999994,15.1066,16.08
9.168,15.5107,17.68
9.169000000000004,16.0927,19.36
9.169999999999995,16.6069,21.12
9.171,17.0716,22.96
9.172000000000004,17.4189,24.87
9.172999999999995,18.0062,26.86
9.174,18.8393,28.92
9.175000000000004,19.8533,31.06
9.175999999999995,21.1652,33.26
9.177,21.8873,35.52
9.178000000000004,23.025,37.85
9.178999999999995,24.3068,40.24
9.18,25.8085,42.69
9.181000000000004,27.5337,45.2
9.181999999999995,29.5073,47.76
9.183,31.5113,50.37
9.18399999999999,33.4482,53.03
9.184999999999995,35.9027,55.74
9.186,38.2354,58.49
9.18699999999999,40.857,61.28
9.187999999999995,43.152,64.11
9.189,45.5849,66.97
9.18999999999999,48.2406,69.87
9.190999999999995,50.6103,72.8
9.192,53.1473,75.75
9.19299999999999,54.4978,78.73
9.193999999999996,56.8783,81.73
9.195,59.7717,84.75
9.19599999999999,62.4103,87.78
9.196999999999996,65.4744,90.82
9.198,68.1281,93.88
9.198999999999991,71.4904,96.94
9.199999999999996,74.6219,100.0
9.201,78.1221,103.06
9.201999999999991,81.4072,106.12
9.202999999999996,84.6722,109.18
9.204,87.6333,112.22
9.204999999999991,90.4024,115.25
9.205999999999996,93.0754,118.27
9.207,95.7114,121.27
9.207999999999991,98.5253,124.25
9.208999999999996,100.1012,127.2
9.21,102.244,130.13
9.210999999999991,105.1147,133.03
9.211999999999996,106.8792,135.89
9.213000000000001,109.6168,138.72
9.213999999999992,112.0475,141.51
9.214999999999996,115.5481,144.26
9.216000000000001,118.4219,146.97
9.216999999999992,121.8542,149.63
9.217999999999996,124.7554,152.24
9.219000000000001,127.8269,154.8
9.219999999999992,130.3502,157.31
9.220999999999997,132.3774,159.76
9.222000000000001,134.7632,162.15
9.222999999999992,136.5373,164.48
9.223999999999997,138.782,166.74
9.225000000000001,139.5715,168.94
9.225999999999992,141.3637,171.07
9.226999999999997,143.1066,173.13
9.228000000000002,145.3749,175.12
9.228999999999992,147.3957,177.04
9.229999999999997,150.0131,178.88
9.231000000000002,152.313,180.64
9.231999999999992,155.4023,182.32
9.232999999999997,157.8094,183.92
9.234000000000002,160.6715,185.44
9.234999999999992,162.7166,186.87
9.235999999999997,164.9681,188.22
9.237000000000002,166.4326,189.48
9.237999999999992,167.7923,190.65
9.238999999999997,168.6012,191.74
9.240000000000002,169.8028,192.73
9.240999999999993,170.5552,193.63
9.241999999999997,171.5753,194.44
9.243000000000002,172.81,195.15
9.243999999999993,173.7725,195.77
9.244999999999997,174.8511,196.3
9.246000000000002,175.9468,196.73
9.246999999999993,177.2945,197.07
9.247999999999998,178.7877,197.31
9.249000000000002,180.3367,197.45
9.249999999999993,181.6102,197.5
9.250999999999998,182.7943,197.45
9.252000000000002,183.1806,197.31
9.252999999999993,183.4057,197.07
9.253999999999998,182.9469,196.73
9.255000000000003,182.7097,196.3
9.255999999999993,182.2788,195.77
9.256999999999998,182.3751,195.15
9.258000000000003,181.8624,194.44
9.258999999999993,181.7191,193.63
9.259999999999998,181.6656,192.73
9.261000000000003,181.9226,191.74
9.261999999999993,181.8952,190.65
9.262999999999998,181.6977,189.48
9.264000000000003,181.7857,188.22
9.264999999999993,181.8034,186.87
9.265999999999998,182.1185,185.44
9.267000000000003,181.8277,183.92
9.267999999999994,181.2464,182.32
9.268999999999998,180.096,180.64
9.270000000000003,178.8851,178.88
9.270999999999994,177.3626,177.04
9.271999999999998,176.2827,175.12
9.273000000000003,175.8614,173.13
9.273999999999994,174.7717,171.07
9.274999999999999,173.5878,168.94
9.276000000000003,172.4262,166.74
9.276999999999994,171.0161,164.48
9.277999999999999,169.7746,162.15
9.279000000000003,168.5021,159.76
9.279999999999994,167.4106,157.31
9.280999999999999,166.1753,154.8
9.282000000000004,164.8044,152.24
9.282999999999994,163.06,149.63
9.283999999999999,160.8139,146.97
9.285000000000004,158.4241,144.26
9.285999999999994,155.8122,141.51
9.286999999999999,153.3144,138.72
9.288000000000004,150.5974,135.89
9.288999999999994,148.2786,133.03
9.29,147.2142,130.13
9.291000000000004,144.6511,127.2
9.291999999999994,142.1297,124.25
9.293,139.4052,121.27
9.294000000000004,136.6033,118.27
9.294999999999995,133.9581,115.25
9.296,131.22,112.22
9.297000000000004,128.4825,109.18
9.297999999999995,125.4461,106.12
9.299,122.5216,103.06
9.300000000000004,119.6568,100.0
9.300999999999995,116.8856,96.94
9.302,113.9477,93.88
9.303000000000004,110.9196,90.82
9.303999999999995,108.0693,87.78
9.305,105.7,84.75
9.306000000000004,104.6392,81.73
9.306999999999995,102.5218,78.73
9.308,99.7783,75.75
9.30899999999999,96.9965,72.8
9.309999999999995,94.4312,69.87
9.311,91.6578,66.97
9.31199999999999,89.1439,64.11
9.312999999999995,85.9679,61.28
9.314,83.0844,58.49
9.31499999999999,79.8374,55.74
9.315999999999995,76.5677,53.03
9.317,73.2472,50.37
9.31799999999999,70.456,47.76
9.318999999999996,67.7021,45.2
9.32,65.404,42.69
9.32099999999999,63.2193,40.24
9.321999999999996,62.5494,37.85
9.323,60.8609,35.52
9.323999999999991,59.1515,33.26
9.324999999999996,57.0862,31.06
9.326,55.3374,28.92
9.326999999999991,53.5916,26.86
9.327999999999996,52.1069,24.87
9.329,50.2421,22.96
9.329999999999991,48.2227,21.12
9.330999999999996,45.8756,19.36
9.332,43.4026,17.68
9.332999999999991,40.9744,16.08
9.333999999999996,38.5489,14.56
9.335,36.5715,13.13
9.335999999999991,34.6824,11.78
9.336999999999996,33.4114,10.52
9.338000000000001,32.9487,9.35
9.338999999999992,31.8404,8.26
9.339999999999996,30.5793,7.27
9.341000000000001,29.2151,6.37
9.341999999999992,27.6709,5.56
9.342999999999996,26.4817,4.85
9.344000000000001,25.3524,4.23
9.344999999999992,24.3266,3.7
9.345999999999997,23.2797,3.27
9.347000000000001,22.3243,2.93
9.347999999999992,21.4968,2.69
9.348999999999997,20.3847,2.55
9.350000000000001,19.2961,2.5
9.350999999999992,18.2534,2.55
9.351999999999997,17.5557,2.69
9.353000000000002,17.1262,2.93
9.353999999999992,17.1276,3.27
9.354999999999997,16.5702,3.7
9.356000000000002,16.2672,4.23
9.356999999999992,15.8334,4.85
9.357999999999997,15.7048,5.56
9.359000000000002,15.5756,6.37
9.359999999999992,15.5583,7.27
9.360999999999997,15.4602,8.26
9.362000000000002,15.1686,9.35
9.362999999999992,15.26,10.52
9.363999999999997,15.3173,11.78
9.365000000000002,15.4111,13.13
9.365999999999993,15.3405,14.56
9.366999999999997,15.5034,16.08
9.368000000000002,15.7473,17.68
9.368999999999993,16.0279,19.36
9.369999999999997,16.351,21.12
9.371000000000002,16.6994,22.96
9.371999999999993,17.2519,24.87
9.372999999999998,17.9439,26.86
9.374000000000002,18.2054,28.92
9.374999999999993,18.6194,31.06
9.375999999999998,19.1892,33.26
9.377000000000002,20.461,35.52
9.377999999999993,22.0023,37.85
9.378999999999998,23.7342,40.24
9.380000000000003,25.6039,42.69
9.380999999999993,27.5944,45.2
9.381999999999998,29.8157,47.76
9.383000000000003,32.1182,50.37
9.383999999999993,34.3952,53.03
9.384999999999998,36.9783,55.74
9.386000000000003,39.4938,58.49
9.386999999999993,41.0672,61.28
9.387999999999998,43.3666,64.11
9.389000000000003,45.7621,66.97
9.389999999999993,48.0254,69.87
9.390999999999998,50.2312,72.8
9.392000000000003,52.4997,75.75
9.392999999999994,54.9031,78.73
9.393999999999998,57.5053,81.73
9.395000000000003,60.5252,84.75
9.395999999999994,63.2047,87.78
9.396999999999998,66.4814,90.82
9.398000000000003,69.0838,93.88
9.398999999999994,72.5156,96.94
9.399999999999999,75.0183,100.0
9.401000000000003,78.456,103.06
9.401999999999994,81.223,106.12
9.402999999999999,83.0922,109.18
9.404000000000003,85.9492,112.22
9.404999999999994,88.8802,115.25
9.405999999999999,91.3988,118.27
9.407000000000004,94.0964,121.27
9.407999999999994,96.426,124.25
9.408999999999999,99.2328,127.2
9.410000000000004,101.8877,130.13
9.410999999999994,104.6376,133.03
9.411999999999999,107.3831,135.89
9.413000000000004,110.1698,138.72
9.413999999999994,113.0824,141.51
9.415,115.7197,144.26
9.416000000000004,118.4098,146.97
9.416999999999994,121.0621,149.63
9.418,123.6862,152.24
9.419000000000004,124.9928,154.8
9.419999999999995,127.9758,157.31
9.421,130.2837,159.76
9.422000000000004,132.9158,162.15
9.422999999999995,135.1589,164.48
9.424,137.9487,166.74
9.425000000000004,140.5045,168.94
9.425999999999995,142.8465,171.07
9.427,145.3393,173.13
9.428000000000004,147.5167,175.12
9.428999999999995,149.9926,177.04
9.43,151.886,178.88
9.431000000000004,154.3141,180.64
9.431999999999995,156.1934,182.32
9.433,158.6265,183.92
9.43399999999999,160.3217,185.44
9.434999999999995,161.4946,186.87
9.436,163.1523,188.22
9.43699999999999,165.0181,189.48
9.437999999999995,166.4747,190.65
9.439,167.9185,191.74
9.43999999999999,168.8188,192.73
9.440999999999995,170.3286,193.63
9.442,171.7763,194.44
9.44299999999999,173.5813,195.15
9.443999999999996,175.1231,195.77
9.445,176.4866,196.3
9.44599999999999,178.0553,196.73
9.446999999999996,179.0026,197.07
9.448,179.9936,197.31
9.448999999999991,180.3623,197.45
9.449999999999996,180.8275,197.5
9.451,181.2381,197.45
9.451999999999991,181.2909,197.31
9.452999999999996,181.6266,197.07
9.454,181.3186,196.73
9.454999999999991,181.2653,196.3
9.455999999999996,181.0529,195.77
9.457,181.2567,195.15
9.457999999999991,181.1369,194.44
9.458999999999996,181.4717,193.63
9.46,181.7018,192.73
9.460999999999991,182.0532,191.74
9.461999999999996,182.2488,190.65
9.463000000000001,181.9595,189.48
9.463999999999992,181.8567,188.22
9.464999999999996,181.5348,186.87
9.466000000000001,181.197,185.44
9.466999999999992,180.9746,183.92
9.467999999999996,180.2135,182.32
9.469000000000001,179.1874,180.64
9.469999999999992,178.2476,178.88
9.470999999999997,177.2328,177.04
9.472000000000001,176.1684,175.12
9.472999999999992,175.14,173.13
9.473999999999997,174.0852,171.07
9.475000000000001,173.3137,168.94
9.475999999999992,172.3163,166.74
9.476999999999997,171.3555,164.48
9.478000000000002,170.2747,162.15
9.478999999999992,168.7153,159.76
9.479999999999997,167.2457,157.31
9.481000000000002,165.4515,154.8
9.481999999999992,163.9254,152.24
9.482999999999997,163.1691,149.63
9.484000000000002,161.2104,146.97
9.484999999999992,159.068,144.26
9.485999999999997,156.9377,141.51
9.487000000000002,154.4329,138.72
9.487999999999992,152.055,135.89
9.488999999999997,149.4904,133.03
9.490000000000002,147.0326,130.13
9.490999999999993,144.4583,127.2
9.491999999999997,142.0598,124.25
9.493000000000002,139.4571,121.27
9.493999999999993,136.8208,118.27
9.494999999999997,133.8625,115.25
9.496000000000002,131.0065,112.22
9.496999999999993,128.1726,109.18
9.497999999999998,125.2919,106.12
9.499000000000002,122.9073,103.06
9.499999999999993,121.6365,100.0
9.500999999999998,119.0378,96.94
9.502000000000002,115.9089,93.88
9.502999999999993,113.1102,90.82
9.503999999999998,109.746,87.78
9.505000000000003,107.0969,84.75
9.505999999999993,103.6825,81.73
9.506999999999998,100.9723,78.73
9.508000000000003,97.4983,75.75
9.508999999999993,94.6001,72.8
9.509999999999998,91.3513,69.87
9.511000000000003,88.4239,66.97
9.511999999999993,85.4378,64.11
9.512999999999998,82.6937,61.28
9.514000000000003,80.5122,58.49
9.514999999999993,78.166,55.74
9.515999999999998,77.3946,53.03
9.517000000000003,74.9423,50.37
9.517999999999994,73.0341,47.76
9.518999999999998,70.772,45.2
9.520000000000003,68.8332,42.69
9.520999999999994,66.5931,40.24
9.521999999999998,64.5399,37.85
9.523000000000003,62.1988,35.52
9.523999999999994,59.6899,33.26
9.524999999999999,57.0838,31.06
9.526000000000003,54.3434,28.92
9.526999999999994,51.5587,26.86
9.527999999999999,48.9815,24.87
9.529000000000003,46.7356,22.96
9.529999999999994,44.8736,21.12
9.530999999999999,42.9469,19.36
9.532000000000004,42.0714,17.68
9.532999999999994,40.321,16.08
9.533999999999999,38.8346,14.56
9.535000000000004,37.5847,13.13
9.535999999999994,36.2989,11.78
9.536999999999999,34.7351,10.52
9.538000000000004,33.4231,9.35
9.538999999999994,32.2626,8.26
9.54,31.3117,7.27
9.541000000000004,30.084,6.37
9.541999999999994,28.4853,5.56
9.543,26.9214,4.85
9.544000000000004,25.4338,4.23
9.544999999999995,24.0681,3.7
9.546,22.9263,3.27
9.547000000000004,21.985,2.93
9.547999999999995,21.689,2.69
9.549,20.419,2.55
9.550000000000004,19.3892,2.5
9.550999999999995,18.5863,2.55
9.552,18.1766,2.69
9.553000000000004,17.7047,2.93
9.553999999999995,17.129,3.27
9.555,16.7648,3.7
9.556000000000004,16.1896,4.23
9.556999999999995,15.9902,4.85
9.558,15.4835,5.56
9.55899999999999,15.3527,6.37
9.559999999999995,15.0272,7.27
9.561,14.8194,8.26
9.56199999999999,14.4513,9.35
9.562999999999995,14.2904,10.52
9.564,14.5219,11.78
9.56499999999999,15.0584,13.13
9.565999999999995,15.2879,14.56
9.567,15.7971,16.08
9.56799999999999,15.8485,17.68
9.568999999999996,16.0674,19.36
9.57,16.3446,21.12
9.57099999999999,16.8571,22.96
9.571999999999996,17.2758,24.87
9.573,17.6615,26.86
9.573999999999991,18.3725,28.92
9.574999999999996,19.412,31.06
9.576,20.5933,33.26
9.576999999999991,21.6711,35.52
9.577999999999996,22.9599,37.85
9.579,24.7181,40.24
9.579999999999991,26.0272,42.69
9.580999999999996,28.042,45.2
9.582,30.1613,47.76
9.582999999999991,32.0085,50.37
9.583999999999996,33.6925,53.03
9.585,35.7528,55.74
9.585999999999991,37.7691,58.49
9.586999999999996,40.1772,61.28
9.588000000000001,42.5701,64.11
9.588999999999992,45.3328,66.97
9.589999999999996,48.205,69.87
9.591000000000001,50.9994,72.8
9.591999999999992,53.8763,75.75
9.592999999999996,56.5276,78.73
9.594000000000001,59.2384,81.73
9.594999999999992,61.7938,84.75
9.595999999999997,64.5074,87.78
9.597000000000001,66.0925,90.82
9.597999999999992,68.4455,93.88
9.598999999999997,71.0576,96.94
9.600000000000001,73.384,100.0
9.600999999999992,75.7444,103.06
9.601999999999997,78.4646,106.12
9.603000000000002,80.9614,109.18
9.603999999999992,84.0254,112.22
9.604999999999997,86.6353,115.25
9.606000000000002,90.4675,118.27
9.606999999999992,93.6745,121.27
9.607999999999997,97.2968,124.25
9.609000000000002,99.8475,127.2
9.609999999999992,102.9772,130.13
9.610999999999997,105.85,133.03
9.612000000000002,109.0795,135.89
9.612999999999992,110.6921,138.72
9.613999999999997,113.285,141.51
9.615000000000002,115.6779,144.26
9.615999999999993,118.1456,146.97
9.616999999999997,120.2565,149.63
9.618000000000002,122.8889,152.24
9.618999999999993,124.79,154.8
9.619999999999997,127.9799,157.31
9.621000000000002,130.1365,159.76
9.621999999999993,133.5099,162.15
9.622999999999998,136.057,164.48
9.624000000000002,139.4135,166.74
9.624999999999993,141.8354,168.94
9.625999999999998,144.3103,171.07
9.627000000000002,146.4488,173.13
9.627999999999993,148.5063,175.12
9.628999999999998,149.8396,177.04
9.630000000000003,151.8055,178.88
9.630999999999993,154.1129,180.64
9.631999999999998,155.6497,182.32
9.633000000000003,157.6889,183.92
9.633999999999993,158.9569,185.44
9.634999999999998,161.1552,186.87
9.636000000000003,162.5592,188.22
9.636999999999993,165.0546,189.48
9.637999999999998,166.4951,190.65
9.639000000000003,168.7109,191.74
9.639999999999993,169.4831,192.73
9.640999999999998,171.3846,193.63
9.642000000000003,172.3835,194.44
9.642999999999994,174.3032,195.15
9.643999999999998,175.1466,195.77
9.645000000000003,175.8811,196.3
9.645999999999994,176.8021,196.73
9.646999999999998,177.4911,197.07
9.648000000000003,178.6019,197.31
9.648999999999994,179.3495,197.45
9.649999999999999,179.9099,197.5
9.651000000000003,180.3247,197.45
9.651999999999994,180.8208,197.31
9.652999999999999,181.4486,197.07
9.654000000000003,181.5744,196.73
9.654999999999994,181.9632,196.3
9.655999999999999,181.9978,195.77
9.657000000000004,182.2866,195.15
9.657999999999994,182.173,194.44
9.658999999999999,182.3053,193.63
9.660000000000004,182.4704,192.73
9.660999999999994,182.5023,191.74
9.661999999999999,182.4189,190.65
9.663000000000004,181.901,189.48
9.663999999999994,181.5114,188.22
9.665,180.8998,186.87
9.666000000000004,180.4214,185.44
9.666999999999994,179.8263,183.92
9.668,178.8397,182.32
9.669000000000004,178.1542,180.64
9.669999999999995,177.2753,178.88
9.671,176.7493,177.04
9.672000000000004,175.895,175.12
9.672999999999995,175.0847,173.13
9.674,174.1178,171.07
9.675000000000004,173.25,168.94
9.675999999999995,172.4141,166.74
9.677,172.0637,164.48
9.678000000000004,170.9034,162.15
9.678999999999995,169.5598,159.76
9.68,168.0057,157.31
9.681000000000004,166.2556,154.8
9.681999999999995,164.546,152.24
9.683,162.5287,149.63
9.68399999999999,160.573,146.97
9.684999999999995,158.1716,144.26
9.686,155.9467,141.51
9.68699999999999,153.5028,138.72
9.687999999999995,151.3869,135.89
9.689,148.9032,133.03
9.68999999999999,146.5205,130.13
9.690999999999995,143.7926,127.2
9.692,141.116,124.25
9.69299999999999,138.5298,121.27
9.693999999999996,137.0735,118.27
9.695,134.2886,115.25
9.69599999999999,131.4887,112.22
9.696999999999996,128.6909,109.18
9.698,125.881,106.12
9.698999999999991,122.7533,103.06
9.699999999999996,119.8247,100.0
9.701,116.98,96.94
9.701999999999991,114.1404,93.88
9.702999999999996,111.5267,90.82
9.704,108.7217,87.78
9.704999999999991,105.9006,84.75
9.705999999999996,103.2234,81.73
9.707,100.3818,78.73
9.707999999999991,98.0437,75.75
9.708999999999996,95.0872,72.8
9.71,93.9691,69.87
9.710999999999991,91.4566,66.97
9.711999999999996,88.8858,64.11
9.713000000000001,86.2841,61.28
9.713999999999992,83.3521,58.49
9.714999999999996,80.4896,55.74
9.716000000000001,77.754,53.03
9.716999999999992,74.9423,50.37
9.717999999999996,72.3129,47.76
9.719000000000001,69.225,45.2
9.719999999999992,66.6098,42.69
9.720999999999997,63.67,40.24
9.722000000000001,61.2678,37.85
9.722999999999992,58.6309,35.52
9.723999999999997,56.6173,33.26
9.725000000000001,54.5186,31.06
9.725999999999992,53.8252,28.92
9.726999999999997,51.6197,26.86
9.728000000000002,49.9092,24.87
9.728999999999992,47.84,22.96
9.729999999999997,46.372,21.12
9.731000000000002,44.6623,19.36
9.731999999999992,43.203,17.68
9.732999999999997,41.2656,16.08
9.734000000000002,39.7117,14.56
9.734999999999992,38.1006,13.13
9.735999999999997,36.3847,11.78
9.737000000000002,34.4483,10.52
9.737999999999992,32.5973,9.35
9.738999999999997,30.9682,8.26
9.740000000000002,29.4637,7.27
9.740999999999993,28.1027,6.37
9.741999999999997,27.6862,5.56
9.743000000000002,26.1487,4.85
9.743999999999993,24.7473,4.23
9.744999999999997,23.6405,3.7
9.746000000000002,22.5641,3.27
9.746999999999993,21.6564,2.93
9.747999999999998,20.6472,2.69
9.749000000000002,19.9676,2.55
9.749999999999993,19.4735,2.5
9.750999999999998,19.0018,2.55
9.752000000000002,18.3478,2.69
9.752999999999993,17.7743,2.93
9.753999999999998,17.0813,3.27
9.755000000000003,16.7057,3.7
9.755999999999993,16.1497,4.23
9.756999999999998,15.9801,4.85
9.758000000000003,16.1075,5.56
9.758999999999993,15.9877,6.37
9.759999999999998,15.8756,7.27
9.761000000000003,15.6316,8.26
9.761999999999993,15.3541,9.35
9.762999999999998,14.9807,10.52
9.764000000000003,14.9355,11.78
9.764999999999993,15.1227,13.13
9.765999999999998,15.4407,14.56
9.767000000000003,15.6169,16.08
9.767999999999994,15.9544,17.68
9.768999999999998,15.9708,19.36
9.770000000000003,15.9847,21.12
9.770999999999994,16.1413,22.96
9.771999999999998,16.7156,24.87
9.773000000000003,17.5434,26.86
9.773999999999994,18.2144,28.92
9.774999999999999,19.3889,31.06
9.776000000000003,20.4233,33.26
9.776999999999994,21.7203,35.52
9.777999999999999,22.8007,37.85
9.779000000000003,24.2836,40.24
9.779999999999994,25.7856,42.69
9.780999999999999,27.9002,45.2
9.782000000000004,29.6752,47.76
9.782999999999994,32.0914,50.37
9.783999999999999,34.0125,53.03
9.785000000000004,36.1405,55.74
9.785999999999994,37.9557,58.49
9.786999999999999,40.1673,61.28
9.788000000000004,42.5214,64.11
9.788999999999994,45.248,66.97
9.79,46.8656,69.87
9.791000000000004,48.9986,72.8
9.791999999999994,51.7722,75.75
9.793,53.9402,78.73
9.794000000000004,56.825,81.73
9.794999999999995,59.3908,84.75
9.796,62.4827,87.78
9.797000000000004,65.3264,90.82
9.797999999999995,68.5458,93.88
9.799,71.8433,96.94
9.800000000000004,74.9967,100.0
9.800999999999995,78.1068,103.06
9.802,80.9137,106.12
9.803000000000004,83.8686,109.18
9.803999999999995,86.6572,112.22
9.805,89.5396,115.25
9.806000000000004,92.0658,118.27
9.806999999999995,93.732,121.27
9.808,96.4576,124.25
9.80899999999999,99.0133,127.2
9.809999999999995,101.6691,130.13
9.811,104.3962,133.03
9.81199999999999,107.2367,135.89
9.812999999999995,110.0733,138.72
9.814,113.1304,141.51
9.81499999999999,116.0046,144.26
9.815999999999995,119.0378,146.97
9.817,122.1228,149.63
9.81799999999999,124.988,152.24
9.818999999999996,127.9872,154.8
9.82,130.309,157.31
9.82099999999999,132.9928,159.76
9.821999999999996,135.3227,162.15
9.823,136.8476,164.48
9.823999999999991,138.6378,166.74
9.824999999999996,141.097,168.94
9.826,142.6347,171.07
9.826999999999991,144.953,173.13
9.827999999999996,146.3441,175.12
9.829,148.565,177.04
9.829999999999991,150.2494,178.88
9.830999999999996,152.8823,180.64
9.832,155.073,182.32
9.832999999999991,157.5226,183.92
9.833999999999996,159.4199,185.44
9.835,161.9137,186.87
9.835999999999991,163.9032,188.22
9.836999999999996,165.9458,189.48
9.838000000000001,167.4857,190.65
9.838999999999992,168.7096,191.74
9.839999999999996,170.0216,192.73
9.841000000000001,171.5262,193.63
9.841999999999992,172.3968,194.44
9.842999999999996,173.6669,195.15
9.844000000000001,174.3813,195.77
9.844999999999992,175.5103,196.3
9.845999999999997,176.1371,196.73
9.847000000000001,177.1328,197.07
9.847999999999992,177.6668,197.31
9.848999999999997,178.6542,197.45
9.850000000000001,179.2831,197.5
9.850999999999992,179.9586,197.45
9.851999999999997,180.1451,197.31
9.853000000000002,180.5807,197.07
9.853999999999992,181.0094,196.73
9.854999999999997,181.346,196.3
9.856000000000002,181.8167,195.77
9.856999999999992,181.61,195.15
9.857999999999997,181.798,194.44
9.859000000000002,181.3426,193.63
9.859999999999992,181.6295,192.73
9.860999999999997,181.3944,191.74
9.862000000000002,181.4841,190.65
9.862999999999992,180.9689,189.48
9.863999999999997,180.5624,188.22
9.865000000000002,180.2033,186.87
9.865999999999993,179.7913,185.44
9.866999999999997,179.3469,183.92
9.868000000000002,178.6055,182.32
9.868999999999993,177.9725,180.64
9.869999999999997,177.3947,178.88
9.871000000000002,177.1487,177.04
9.871999999999993,176.4734,175.12
9.872999999999998,175.5128,173.13
9.874000000000002,174.6733,171.07
9.874999999999993,173.5976,168.94
9.875999999999998,172.4774,166.74
9.877000000000002,171.2078,164.48
9.877999999999993,169.9246,162.15
9.878999999999998,168.3631,159.76
9.880000000000003,166.8019,157.31
9.880999999999993,165.2625,154.8
9.881999999999998,163.616,152.24
9.883000000000003,161.7534,149.63
9.883999999999993,159.5395,146.97
9.884999999999998,157.6213,144.26
9.886000000000003,155.6017,141.51
9.886999999999993,154.7243,138.72
9.887999999999998,152.4236,135.89
9.889000000000003,149.9636,133.03
9.889999999999993,147.5849,130.13
9.890999999999998,145.0025,127.2
9.892000000000003,142.2212,124.25
9.892999999999994,139.9271,121.27
9.893999999999998,137.1875,118.27
9.895000000000003,134.6807,115.25
9.895999999999994,131.4635,112.22
9.896999999999998,128.6448,109.18
9.898000000000003,125.7122,106.12
9.898999999999994,123.0639,103.06
9.899999999999999,120.1879,100.0
9.901000000000003,117.2476,96.94
9.901999999999994,114.5218,93.88
9.902999999999999,112.0045,90.82
9.904000000000003,110.6618,87.78
9.904999999999994,107.8282,84.75
9.905999999999999,104.9513,81.73
9.907000000000004,102.1098,78.73
9.907999999999994,99.4873,75.75
9.908999999999999,96.2261,72.8
9.910000000000004,93.0895,69.87
9.910999999999994,89.3647,66.97
9.911999999999999,86.544,64.11
9.913000000000004,83.3786,61.28
9.913999999999994,80.6307,58.49
9.915,77.5436,55.74
9.916000000000004,74.9253,53.03
9.916999999999994,72.2825,50.37
9.918,70.1306,47.76
9.919000000000004,68.0945,45.2
9.919999999999995,67.1737,42.69
9.921,65.4757,40.24
9.922000000000004,63.474,37.85
9.922999999999995,61.6819,35.52
9.924,59.6573,33.26
9.925000000000004,57.5866,31.06
9.925999999999995,55.2561,28.92
9.927,53.0997,26.86
9.928000000000004,50.7388,24.87
9.928999999999995,48.5211,22.96
9.93,45.9723,21.12
9.931000000000004,43.46,19.36
9.931999999999995,41.075,17.68
9.933,39.1121,16.08
9.93399999999999,37.2762,14.56
9.934999999999995,35.5798,13.13
9.936,34.9072,11.78
9.93699999999999,33.1459,10.52
9.937999999999995,31.8673,9.35
9.939,30.5211,8.26
9.93999999999999,29.5165,7.27
9.940999999999995,28.2984,6.37
9.942,27.32,5.56
9.94299999999999,26.171,4.85
9.943999999999996,25.1447,4.23
9.945,24.144,3.7
9.94599999999999,23.1957,3.27
9.946999999999996,22.2898,2.93
9.948,21.3478,2.69
9.948999999999991,20.3966,2.55
9.949999999999996,19.5764,2.5
9.951,18.7594,2.55
9.951999999999991,18.5383,2.69
9.952999999999996,18.0061,2.93
9.954,17.6047,3.27
9.954999999999991,17.1515,3.7
9.955999999999996,16.527,4.23
9.957,15.8686,4.85
9.957999999999991,15.5688,5.56
9.958999999999996,15.2967,6.37
9.96,15.1815,7.27
9.960999999999991,15.1262,8.26
9.961999999999996,15.1959,9.35
9.963000000000001,14.9321,10.52
9.963999999999992,14.6218,11.78
9.964999999999996,14.4401,13.13
9.966000000000001,14.5051,14.56
9.966999999999992,15.0144,16.08
9.967999999999996,15.3812,17.68
9.969000000000001,15.8784,19.36
9.969999999999992,16.2717,21.12
9.970999999999997,16.8142,22.96
9.972000000000001,17.1733,24.87
9.972999999999992,17.6763,26.86
9.973999999999997,17.8469,28.92
9.975000000000001,18.4193,31.06
9.975999999999992,19.3023,33.26
9.976999999999997,20.6912,35.52
9.978000000000002,21.9793,37.85
9.978999999999992,23.4519,40.24
9.979999999999997,25.1687,42.69
9.981000000000002,27.2408,45.2
9.981999999999992,29.4736,47.76
9.982999999999997,31.8705,50.37
9.984000000000002,33.1128,53.03
9.984999999999992,35.8549,55.74
9.985999999999997,37.9007,58.49
9.987000000000002,40.4075,61.28
9.987999999999992,42.4205,64.11
9.988999999999997,44.7851,66.97
9.990000000000002,46.8264,69.87
9.990999999999993,49.3469,72.8
9.991999999999997,51.964,75.75
9.993000000000002,54.8943,78.73
9.993999999999993,57.9774,81.73
9.994999999999997,60.9787,84.75
9.996000000000002,63.9291,87.78
9.996999999999993,66.6023,90.82
9.997999999999998,69.4671,93.88
9.999000000000002,72.3802,96.94
9.999999999999993,75.5601,100.0
10.000999999999998,76.8811,103.06
10.002000000000002,79.94,106.12
10.002999999999993,82.3687,109.18
10.003999999999998,85.2053,112.22
10.005000000000003,87.794,115.25
10.005999999999993,90.7352,118.27
10.006999999999998,93.6829,121.27
10.008000000000003,96.9972,124.25
10.008999999999993,100.129,127.2
10.009999999999998,103.532,130.13
10.011000000000003,106.2883,133.03
10.011999999999993,109.2997,135.89
10.012999999999998,111.5723,138.72
10.014000000000003,114.3383,141.51
10.014999999999993,116.6664,144.26
10.015999999999998,119.3915,146.97
10.017000000000003,120.6024,149.63
10.017999999999994,122.6576,152.24
10.018999999999998,124.91,154.8
10.020000000000003,127.3456,157.31
10.020999999999994,129.6595,159.76
10.021999999999998,132.3873,162.15
10.023000000000003,134.7896,164.48
10.023999999999994,138.1343,166.74
10.024999999999999,140.8434,168.94
10.026000000000003,143.8859,171.07
10.026999999999994,146.0898,173.13
10.027999999999999,148.633,175.12
10.029000000000003,150.6698,177.04
10.029999999999994,152.9043,178.88
10.030999999999999,154.6071,180.64
10.032000000000004,156.5372,182.32
10.032999999999994,157.305,183.92
10.033999999999999,159.0571,185.44
10.035000000000004,160.3511,186.87
10.035999999999994,162.0428,188.22
10.036999999999999,163.3644,189.48
10.038000000000004,165.0745,190.65
10.038999999999994,166.6394,191.74
10.04,168.3245,192.73
10.041000000000004,170.3791,193.63
10.041999999999994,172.184,194.44
10.043,173.9972,195.15
10.044000000000004,174.8573,195.77
10.044999999999995,176.0561,196.3
10.046,176.836,196.73
10.047000000000004,178.1956,197.07
10.047999999999995,178.6104,197.31
10.049,179.1256,197.45
10.050000000000004,179.1256,197.5
10.050999999999995,179.4389,197.45
10.052,179.6176,197.31
10.053000000000004,179.7497,197.07
10.053999999999995,179.6166,196.73
10.055,179.8197,196.3
10.056000000000004,179.8585,195.77
10.056999999999995,180.1228,195.15
10.058,180.1378,194.44
10.05899999999999,180.53,193.63
10.059999999999995,180.5768,192.73
10.061,180.5798,191.74
10.06199999999999,180.3237,190.65
10.062999999999995,180.1953,189.48
10.064,180.0829,188.22
10.06499999999999,180.0457,186.87
10.065999999999995,179.3676,185.44
10.067,178.7277,183.92
10.06799999999999,178.0082,182.32
10.068999999999996,177.2385,180.64
10.07,176.1516,178.88
10.07099999999999,175.1682,177.04
10.071999999999996,174.5182,175.12
10.073,173.7402,173.13
10.073999999999991,173.048,171.07
10.074999999999996,171.9771,168.94
10.076,171.2231,166.74
10.076999999999991,170.0976,164.48
10.077999999999996,168.8924,162.15
10.079,167.4232,159.76
10.079999999999991,165.8566,157.31
10.080999999999996,165.2983,154.8
10.082,163.6834,152.24
10.082999999999991,161.9018,149.63
10.083999999999996,159.9324,146.97
10.085,158.1657,144.26
10.085999999999991,155.8808,141.51
10.086999999999996,153.6159,138.72
10.088000000000001,151.1267,135.89
10.088999999999992,148.8798,133.03
10.089999999999996,146.4905,130.13
10.091000000000001,144.1469,127.2
10.091999999999992,141.4746,124.25
10.092999999999996,138.7044,121.27
10.094000000000001,135.9051,118.27
10.094999999999992,133.1505,115.25
10.095999999999997,130.5616,112.22
10.097000000000001,129.2484,109.18
10.097999999999992,126.5024,106.12
10.098999999999997,123.6888,103.06
10.100000000000001,120.7392,100.0
10.100999999999992,117.7941,96.94
10.101999999999997,115.0493,93.88
10.103000000000002,112.1213,90.82
10.103999999999992,109.3933,87.78
10.104999999999997,106.3722,84.75
10.106000000000002,103.447,81.73
10.106999999999992,100.3295,78.73
10.107999999999997,97.4315,75.75
10.109000000000002,94.1458,72.8
10.109999999999992,91.2417,69.87
10.110999999999997,88.5446,66.97
10.112000000000002,86.2803,64.11
10.112999999999992,83.8685,61.28
10.113999999999997,82.4035,58.49
10.115000000000002,80.116,55.74
10.115999999999993,77.6623,53.03
10.116999999999997,75.8327,50.37
10.118000000000002,73.0167,47.76
10.118999999999993,70.7797,45.2
10.119999999999997,68.2377,42.69
10.121000000000002,65.8413,40.24
10.121999999999993,63.4141,37.85
10.122999999999998,60.7912,35.52
10.124000000000002,58.1666,33.26
10.124999999999993,55.4246,31.06
10.125999999999998,53.0603,28.92
10.127000000000002,50.5858,26.86
10.127999999999993,48.174,24.87
10.128999999999998,46.0102,22.96
10.130000000000003,45.1163,21.12
10.130999999999993,43.396,19.36
10.131999999999998,41.6956,17.68
10.133000000000003,40.0934,16.08
10.133999999999993,38.7308,14.56
10.134999999999998,37.1781,13.13
10.136000000000003,35.8079,11.78
10.136999999999993,34.4524,10.52
10.137999999999998,33.1023,9.35
10.139000000000003,31.6842,8.26
10.139999999999993,30.1905,7.27
10.140999999999998,28.8534,6.37
10.142000000000003,27.4611,5.56
10.142999999999994,25.8086,4.85
10.143999999999998,24.4287,4.23
10.145000000000003,23.3617,3.7
10.145999999999994,23.0174,3.27
10.146999999999998,21.9193,2.93
10.148000000000003,20.7584,2.69
10.148999999999994,19.9007,2.55
10.149999999999999,18.9562,2.5
10.151000000000003,18.1853,2.55
10.151999999999994,17.5544,2.69
10.152999999999999,17.0956,2.93
10.154000000000003,16.9892,3.27
10.154999999999994,16.4704,3.7
10.155999999999999,16.1153,4.23
10.157000000000004,15.6331,4.85
10.157999999999994,15.5232,5.56
10.158999999999999,15.4428,6.37
10.160000000000004,15.3353,7.27
10.160999999999994,15.053,8.26
10.161999999999999,15.1504,9.35
10.163000000000004,15.3199,10.52
10.163999999999994,15.4047,11.78
10.165,15.3026,13.13
10.166000000000004,15.0472,14.56
10.166999999999994,15.0658,16.08
10.168,15.0685,17.68
10.169000000000004,15.5344,19.36
10.169999999999995,15.8529,21.12
10.171,16.4087,22.96
10.172000000000004,16.8472,24.87
10.172999999999995,17.4075,26.86
10.174,17.9116,28.92
10.175000000000004,18.7178,31.06
10.175999999999995,19.5558,33.26
10.177,20.7584,35.52
10.178000000000004,21.4636,37.85
10.178999999999995,23.1037,40.24
10.18,24.9228,42.69
10.181000000000004,27.2179,45.2
10.181999999999995,28.8392,47.76
10.183,30.793,50.37
10.18399999999999,32.9061,53.03
10.184999999999995,35.5601,55.74
10.186,38.1026,58.49
10.18699999999999,40.7443,61.28
10.187999999999995,43.2973,64.11
10.189,45.8901,66.97
10.18999999999999,48.4666,69.87
10.190999999999995,50.9053,72.8
10.192,53.7291,75.75
10.19299999999999,56.1682,78.73
10.193999999999996,57.818,81.73
10.195,60.8333,84.75
10.19599999999999,63.4939,87.78
10.196999999999996,66.3278,90.82
10.198,68.2492,93.88
10.198999999999991,71.0803,96.94
10.199999999999996,73.5952,100.0
10.201,77.0245,103.06
10.201999999999991,79.7238,106.12
10.202999999999996,83.1311,109.18
10.204,85.8291,112.22
10.204999999999991,88.8336,115.25
10.205999999999996,91.2596,118.27
10.207,94.2628,121.27
10.207999999999991,96.7885,124.25
10.208999999999996,99.7221,127.2
10.21,102.3525,130.13
10.210999999999991,104.0019,133.03
10.211999999999996,106.7107,135.89
10.213000000000001,109.6484,138.72
10.213999999999992,112.2664,141.51
10.214999999999996,115.2142,144.26
10.216000000000001,117.4506,146.97
10.216999999999992,120.3661,149.63
10.217999999999996,123.1863,152.24
10.219000000000001,126.3748,154.8
10.219999999999992,129.1472,157.31
10.220999999999997,131.7437,159.76
10.222000000000001,133.9228,162.15
10.222999999999992,136.1657,164.48
10.223999999999997,138.3044,166.74
10.225000000000001,140.8382,168.94
10.225999999999992,142.8915,171.07
10.226999999999997,144.1317,173.13
10.228000000000002,146.4631,175.12
10.228999999999992,148.6383,177.04
10.229999999999997,150.9974,178.88
10.231000000000002,153.0004,180.64
10.231999999999992,155.1921,182.32
10.232999999999997,157.4469,183.92
10.234000000000002,159.7986,185.44
10.234999999999992,162.1592,186.87
10.235999999999997,163.9449,188.22
10.237000000000002,165.8293,189.48
10.237999999999992,167.1023,190.65
10.238999999999997,168.1591,191.74
10.240000000000002,169.1829,192.73
10.240999999999993,170.3196,193.63
10.241999999999997,171.4821,194.44
10.243000000000002,171.7985,195.15
10.243999999999993,172.4146,195.77
10.244999999999997,172.9877,196.3
10.246000000000002,173.9419,196.73
10.246999999999993,174.9026,197.07
10.247999999999998,175.5573,197.31
10.249000000000002,176.4678,197.45
10.249999999999993,177.2238,197.5
10.250999999999998,178.343,197.45
10.252000000000002,179.2399,197.31
10.252999999999993,179.6352,197.07
10.253999999999998,179.8351,196.73
10.255000000000003,179.4542,196.3
10.255999999999993,179.5658,195.77
10.256999999999998,179.1936,195.15
10.258000000000003,179.2607,194.44
10.258999999999993,179.2559,193.63
10.259999999999998,178.9422,192.73
10.261000000000003,178.6319,191.74
10.261999999999993,178.3895,190.65
10.262999999999998,177.9058,189.48
10.264000000000003,177.6413,188.22
10.264999999999993,177.3145,186.87
10.265999999999998,177.1044,185.44
10.267000000000003,176.827,183.92
10.267999999999994,176.5128,182.32
10.268999999999998,176.1562,180.64
10.270000000000003,175.4783,178.88
10.270999999999994,174.826,177.04
10.271999999999998,173.9588,175.12
10.273000000000003,172.934,173.13
10.273999999999994,171.6459,171.07
10.274999999999999,171.1431,168.94
10.276000000000003,169.8268,166.74
10.276999999999994,168.8212,164.48
10.277999999999999,167.5567,162.15
10.279000000000003,166.3367,159.76
10.279999999999994,164.6729,157.31
10.280999999999999,163.359,154.8
10.282000000000004,161.9361,152.24
10.282999999999994,160.5321,149.63
10.283999999999999,158.9534,146.97
10.285000000000004,157.2703,144.26
10.285999999999994,155.3128,141.51
10.286999999999999,153.0164,138.72
10.288000000000004,150.5929,135.89
10.288999999999994,148.2862,133.03
10.29,145.9323,130.13
10.291000000000004,144.9766,127.2
10.291999999999994,142.4671,124.25
10.293,139.8755,121.27
10.294000000000004,137.2078,118.27
10.294999999999995,134.6207,115.25
10.296,131.7355,112.22
10.297000000000004,128.8355,109.18
10.297999999999995,125.4015,106.12
10.299,122.1738,103.06
10.300000000000004,118.9811,100.0
10.300999999999995,115.7152,96.94
10.302,112.595,93.88
10.303000000000004,109.25,90.82
10.303999999999995,106.5181,87.78
10.305,103.7345,84.75
10.306000000000004,101.114,81.73
10.306999999999995,98.871,78.73
10.308,97.8034,75.75
10.30899999999999,95.8481,72.8
10.309999999999995,93.6086,69.87
10.311,91.6345,66.97
10.31199999999999,89.0372,64.11
10.312999999999995,86.2734,61.28
10.314,83.5423,58.49
10.31499999999999,80.6848,55.74
10.315999999999995,77.5723,53.03
10.317,74.262,50.37
10.31799999999999,70.9725,47.76
10.318999999999996,67.9709,45.2
10.32,65.1216,42.69
10.32099999999999,62.5936,40.24
10.321999999999996,60.3246,37.85
10.323,58.3248,35.52
10.323999999999991,57.6135,33.26
10.324999999999996,55.9703,31.06
10.326,54.1785,28.92
10.326999999999991,52.7007,26.86
10.327999999999996,50.7885,24.87
10.329,49.1333,22.96
10.329999999999991,47.0317,21.12
10.330999999999996,45.1129,19.36
10.332,42.9695,17.68
10.332999999999991,40.7009,16.08
10.333999999999996,38.5566,14.56
10.335,36.1475,13.13
10.335999999999991,34.2362,11.78
10.336999999999996,32.4712,10.52
10.338000000000001,31.4214,9.35
10.338999999999992,30.4527,8.26
10.339999999999996,30.0135,7.27
10.341000000000001,28.8843,6.37
10.341999999999992,27.8371,5.56
10.342999999999996,26.8268,4.85
10.344000000000001,25.6268,4.23
10.344999999999992,24.3082,3.7
10.345999999999997,23.0412,3.27
10.347000000000001,21.8544,2.93
10.347999999999992,20.6949,2.69
10.348999999999997,19.6751,2.55
10.350000000000001,18.5309,2.5
10.350999999999992,17.7016,2.55
10.351999999999997,16.7385,2.69
10.353000000000002,16.0668,2.93
10.353999999999992,15.5966,3.27
10.354999999999997,15.5763,3.7
10.356000000000002,15.8503,4.23
10.356999999999992,15.9688,4.85
10.357999999999997,16.3613,5.56
10.359000000000002,16.4077,6.37
10.359999999999992,16.4121,7.27
10.360999999999997,16.0943,8.26
10.362000000000002,15.9288,9.35
10.362999999999992,15.7102,10.52
10.363999999999997,15.4855,11.78
10.365000000000002,15.4455,13.13
10.365999999999993,15.4399,14.56
10.366999999999997,15.4291,16.08
10.368000000000002,15.4094,17.68
10.368999999999993,15.4352,19.36
10.369999999999997,15.4944,21.12
10.371000000000002,15.8991,22.96
10.371999999999993,16.4213,24.87
10.372999999999998,17.0899,26.86
10.374000000000002,17.7801,28.92
10.374999999999993,18.3556,31.06
10.375999999999998,19.2305,33.26
10.377000000000002,20.0263,35.52
10.377999999999993,21.19,37.85
10.378999999999998,22.5327,40.24
10.380000000000003,24.1733,42.69
10.380999999999993,26.2194,45.2
10.381999999999998,28.3389,47.76
10.383000000000003,30.8218,50.37
10.383999999999993,33.2484,53.03
10.384999999999998,35.6058,55.74
10.386000000000003,38.0611,58.49
10.386999999999993,40.6388,61.28
10.387999999999998,42.1006,64.11
10.389000000000003,44.8706,66.97
10.389999999999993,47.3365,69.87
10.390999999999998,49.8304,72.8
10.392000000000003,52.0001,75.75
10.392999999999994,54.313,78.73
10.393999999999998,56.8635,81.73
10.395000000000003,59.8668,84.75
10.395999999999994,63.1232,87.78
10.396999999999998,66.0444,90.82
10.398000000000003,69.1629,93.88
10.398999999999994,71.7133,96.94
10.399999999999999,74.9255,100.0
10.401000000000003,77.3324,103.06
10.401999999999994,80.2996,106.12
10.402999999999999,82.7206,109.18
10.404000000000003,84.6579,112.22
10.404999999999994,87.4849,115.25
10.405999999999999,90.3717,118.27
10.407000000000004,92.7153,121.27
10.407999999999994,95.4585,124.25
10.408999999999999,97.9677,127.2
10.410000000000004,101.1918,130.13
10.410999999999994,103.7412,133.03
10.411999999999999,107.2726,135.89
10.413000000000004,110.3354,138.72
10.413999999999994,113.9292,141.51
10.415,116.7904,144.26
10.416000000000004,119.889,146.97
10.416999999999994,122.6427,149.63
10.418,125.3812,152.24
10.419000000000004,127.7224,154.8
10.419999999999995,130.0646,157.31
10.421,131.2731,159.76
10.422000000000004,133.4329,162.15
10.422999999999995,135.5842,164.48
10.424,137.3665,166.74
10.425000000000004,139.0885,168.94
10.425999999999995,141.1593,171.07
10.427,143.2624,173.13
10.428000000000004,145.8907,175.12
10.428999999999995,148.2746,177.04
10.43,151.2995,178.88
10.431000000000004,153.6021,180.64
10.431999999999995,156.2369,182.32
10.433,158.0536,183.92
10.43399999999999,160.034,185.44
10.434999999999995,161.411,186.87
10.436,163.1182,188.22
10.43699999999999,163.8975,189.48
10.437999999999995,165.4119,190.65
10.439,166.4405,191.74
10.43999999999999,167.4855,192.73
10.440999999999995,168.0707,193.63
10.442,169.0186,194.44
10.44299999999999,169.8035,195.15
10.443999999999996,171.3442,195.77
10.445,172.3109,196.3
10.44599999999999,173.4389,196.73
10.446999999999996,174.1107,197.07
10.448,174.9701,197.31
10.448999999999991,175.3622,197.45
10.449999999999996,175.3619,197.5
10.451,175.5802,197.45
10.451999999999991,175.5869,197.31
10.452999999999996,176.0332,197.07
10.454,175.9281,196.73
10.454999999999991,175.6782,196.3
10.455999999999996,175.4273,195.77
10.457,175.0711,195.15
10.457999999999991,174.7349,194.44
10.458999999999996,174.4703,193.63
10.46,174.3106,192.73
10.460999999999991,174.1806,191.74
10.461999999999996,173.665,190.65
10.463000000000001,173.2462,189.48
10.463999999999992,172.6299,188.22
10.464999999999996,172.2435,186.87
10.466000000000001,171.2437,185.44
10.466999999999992,170.428,183.92
10.467999999999996,169.4139,182.32
10.469000000000001,169.0827,180.64
10.469999999999992,167.9956,178.88
10.470999999999997,166.9306,177.04
10.472000000000001,166.0166,175.12
10.472999999999992,164.7137,173.13
10.473999999999997,163.7478,171.07
10.475000000000001,162.6901,168.94
10.475999999999992,161.9031,166.74
10.476999999999997,160.999,164.48
10.478000000000002,160.055,162.15
10.478999999999992,159.2335,159.76
10.479999999999997,157.9863,157.31
10.481000000000002,156.8636,154.8
10.481999999999992,155.6185,152.24
10.482999999999997,154.1541,149.63
10.484000000000002,152.4755,146.97
10.484999999999992,151.8136,144.26
10.485999999999997,150.2085,141.51
10.487000000000002,148.9114,138.72
10.487999999999992,146.9541,135.89
10.488999999999997,145.2599,133.03
10.490000000000002,143.2334,130.13
10.490999999999993,141.4919,127.2
10.491999999999997,139.2724,124.25
10.493000000000002,137.0587,121.27
10.493999999999993,134.9223,118.27
10.494999999999997,132.6028,115.25
10.496000000000002,130.3212,112.22
10.496999999999993,127.7025,109.18
10.497999999999998,124.9244,106.12
10.499000000000002,122.058,103.06
10.499999999999993,119.2522,100.0
10.500999999999998,118.2955,96.94
10.502000000000002,115.4939,93.88
10.502999999999993,112.5761,90.82
10.503999999999998,109.5125,87.78
10.505000000000003,106.5716,84.75
10.505999999999993,103.866,81.73
10.506999999999998,100.893,78.73
10.508000000000003,98.0196,75.75
10.508999999999993,94.5646,72.8
10.509999999999998,91.3153,69.87
10.511000000000003,87.8354,66.97
10.511999999999993,84.9352,64.11
10.512999999999998,81.8015,61.28
10.514000000000003,79.1284,58.49
10.514999999999993,76.1501,55.74
10.515999999999998,74.0115,53.03
10.517000000000003,71.8442,50.37
10.517999999999994,70.8989,47.76
10.518999999999998,69.0143,45.2
10.520000000000003,66.6831,42.69
10.520999999999994,64.667,40.24
10.521999999999998,62.195,37.85
10.523000000000003,60.1242,35.52
10.523999999999994,57.7964,33.26
10.524999999999999,55.8644,31.06
10.526000000000003,53.3301,28.92
10.526999999999994,51.2024,26.86
10.527999999999999,48.5969,24.87
10.529000000000003,46.2652,22.96
10.529999999999994,43.6545,21.12
10.530999999999999,41.5543,19.36
10.532000000000004,39.6859,17.68
10.532999999999994,37.9872,16.08
10.533999999999999,37.3198,14.56
10.535000000000004,35.7096,13.13
10.535999999999994,34.381,11.78
10.536999999999999,32.9438,10.52
10.538000000000004,31.5569,9.35
10.538999999999994,30.2296,8.26
10.54,28.9847,7.27
10.541000000000004,27.9775,6.37
10.541999999999994,26.8803,5.56
10.543,25.7071,4.85
10.544000000000004,24.2803,4.23
10.544999999999995,22.8998,3.7
10.546,21.6692,3.27
10.547000000000004,20.3077,2.93
10.547999999999995,19.6519,2.69
10.549,19.0902,2.55
10.550000000000004,18.9757,2.5
10.550999999999995,18.4474,2.55
10.552,17.7783,2.69
10.553000000000004,17.3765,2.93
10.553999999999995,17.345,3.27
10.555,17.3743,3.7
10.556000000000004,17.2461,4.23
10.556999999999995,16.807,4.85
10.558,16.6267,5.56
10.55899999999999,16.5415,6.37
10.559999999999995,16.4997,7.27
10.561,16.2251,8.26
10.56199999999999,16.0848,9.35
10.562999999999995,15.9381,10.52
10.564,15.8516,11.78
10.56499999999999,15.4878,13.13
10.565999999999995,15.553,14.56
10.567,15.8022,16.08
10.56799999999999,16.0063,17.68
10.568999999999996,16.2795,19.36
10.57,16.0482,21.12
10.57099999999999,16.1239,22.96
10.571999999999996,16.5164,24.87
10.573,16.8722,26.86
10.573999999999991,17.202,28.92
10.574999999999996,17.3403,31.06
10.576,17.7201,33.26
10.576999999999991,17.927,35.52
10.577999999999996,18.0326,37.85
10.579,18.6644,40.24
10.579999999999991,19.6247,42.69
10.580999999999996,21.5631,45.2
10.582,22.7331,47.76
10.582999999999991,25.0809,50.37
10.583999999999996,27.8707,53.03
10.585,30.5114,55.74
10.585999999999991,33.9751,58.49
10.586999999999996,37.0662,61.28
10.588000000000001,40.7539,64.11
10.588999999999992,43.8829,66.97
10.589999999999996,47.5365,69.87
10.591000000000001,50.8299,72.8
10.591999999999992,53.8173,75.75
10.592999999999996,56.6412,78.73
10.594000000000001,58.8302,81.73
10.594999999999992,61.0332,84.75
10.595999999999997,62.9855,87.78
10.597000000000001,65.3664,90.82
10.597999999999992,66.6435,93.88
10.598999999999997,69.0255,96.94
10.600000000000001,71.6723,100.0
10.600999999999992,74.4776,103.06
10.601999999999997,77.5127,106.12
10.603000000000002,80.4348,109.18
10.603999999999992,83.8911,112.22
10.604999999999997,86.9746,115.25
10.606000000000002,90.8382,118.27
10.606999999999992,94.064,121.27
10.607999999999997,97.7391,124.25
10.609000000000002,100.471,127.2
10.609999999999992,103.2347,130.13
10.610999999999997,105.6222,133.03
10.612000000000002,107.9852,135.89
10.612999999999992,110.4492,138.72
10.613999999999997,111.6749,141.51
10.615000000000002,114.3789,144.26
10.615999999999993,116.5571,146.97
10.616999999999997,119.2772,149.63
10.618000000000002,121.3317,152.24
10.618999999999993,124.0291,154.8
10.619999999999997,126.39,157.31
10.621000000000002,129.3602,159.76
10.621999999999993,131.8072,162.15
10.622999999999998,134.4854,164.48
10.624000000000002,136.8487,166.74
10.624999999999993,139.3273,168.94
10.625999999999998,141.4597,171.07
10.627000000000002,143.063,173.13
10.627999999999993,144.907,175.12
10.628999999999998,146.5281,177.04
10.630000000000003,148.3991,178.88
10.630999999999993,149.3093,180.64
10.631999999999998,150.586,182.32
10.633000000000003,152.0942,183.92
10.633999999999993,153.1804,185.44
10.634999999999998,154.3614,186.87
10.636000000000003,155.5885,188.22
10.636999999999993,156.6537,189.48
10.637999999999998,157.7858,190.65
10.639000000000003,158.7147,191.74
10.639999999999993,159.8622,192.73
10.640999999999998,160.9683,193.63
10.642000000000003,161.7523,194.44
10.642999999999994,162.2092,195.15
10.643999999999998,162.2337,195.77
10.645000000000003,162.3799,196.3
10.645999999999994,162.6234,196.73
10.646999999999998,162.7234,197.07
10.648000000000003,162.7206,197.31
10.648999999999994,162.5596,197.45
10.649999999999999,162.3621,197.5
10.651000000000003,162.4533,197.45
10.651999999999994,162.0265,197.31
10.652999999999999,161.958,197.07
10.654000000000003,161.6544,196.73
10.654999999999994,161.5717,196.3
10.655999999999999,161.0,195.77
10.657000000000004,159.9685,195.15
10.657999999999994,158.7646,194.44
10.658999999999999,157.3423,193.63
10.660000000000004,156.1263,192.73
10.660999999999994,154.8347,191.74
10.661999999999999,153.8427,190.65
10.663000000000004,153.3851,189.48
10.663999999999994,152.258,188.22
10.665,151.4252,186.87
10.666000000000004,150.5983,185.44
10.666999999999994,149.7756,183.92
10.668,149.0784,182.32
10.669000000000004,148.0506,180.64
10.669999999999995,147.4176,178.88
10.671,146.3276,177.04
10.672000000000004,145.6783,175.12
10.672999999999995,144.6958,173.13
10.674,143.5795,171.07
10.675000000000004,142.5633,168.94
10.675999999999995,141.2723,166.74
10.677,140.0532,164.48
10.678000000000004,138.533,162.15
10.678999999999995,138.0092,159.76
10.68,135.9416,157.31
10.681000000000004,134.8265,154.8
10.681999999999995,132.8798,152.24
10.683,131.5362,149.63
10.68399999999999,129.5367,146.97
10.684999999999995,128.2015,144.26
10.686,126.368,141.51
10.68699999999999,124.9964,138.72
10.687999999999995,123.5325,135.89
10.689,122.3735,133.03
10.68999999999999,120.9647,130.13
10.690999999999995,119.9534,127.2
10.692,118.6343,124.25
10.69299999999999,117.5222,121.27
10.693999999999996,116.3361,118.27
10.695,115.9826,115.25
10.69599999999999,114.7859,112.22
10.696999999999996,113.1699,109.18
10.698,111.5777,106.12
10.698999999999991,109.5844,103.06
10.699999999999996,107.5457,100.0
10.701,105.6618,96.94
10.701999999999991,104.1078,93.88
10.702999999999996,102.4281,90.82
10.704,100.5337,87.78
10.704999999999991,98.5224,84.75
10.705999999999996,96.4853,81.73
10.707,94.416,78.73
10.707999999999991,92.1433,75.75
10.708999999999996,89.9029,72.8
10.71,87.6081,69.87
10.710999999999991,86.7145,66.97
10.711999999999996,83.9271,64.11
10.713000000000001,81.1872,61.28
10.713999999999992,78.3819,58.49
10.714999999999996,75.3697,55.74
10.716000000000001,72.6002,53.03
10.716999999999992,70.0293,50.37
10.717999999999996,67.4084,47.76
10.719000000000001,64.944,45.2
10.719999999999992,62.3827,42.69
10.720999999999997,60.278,40.24
10.722000000000001,57.9255,37.85
10.722999999999992,55.6722,35.52
10.723999999999997,53.7101,33.26
10.725000000000001,51.744,31.06
10.725999999999992,49.7352,28.92
10.726999999999997,47.6949,26.86
10.728000000000002,46.9233,24.87
10.728999999999992,45.0395,22.96
10.729999999999997,43.4717,21.12
10.731000000000002,41.6425,19.36
10.731999999999992,39.7942,17.68
10.732999999999997,37.9965,16.08
10.734000000000002,36.3882,14.56
10.734999999999992,35.1593,13.13
10.735999999999997,33.6642,11.78
10.737000000000002,32.3166,10.52
10.737999999999992,30.4725,9.35
10.738999999999997,28.8438,8.26
10.740000000000002,27.1534,7.27
10.740999999999993,25.7784,6.37
10.741999999999997,24.4329,5.56
10.743000000000002,23.2848,4.85
10.743999999999993,22.9278,4.23
10.744999999999997,21.9224,3.7
10.746000000000002,21.0681,3.27
10.746999999999993,20.2014,2.93
10.747999999999998,19.4784,2.69
10.749000000000002,18.5933,2.55
10.749999999999993,18.1571,2.5
10.750999999999998,17.8706,2.55
10.752000000000002,17.7385,2.69
10.752999999999993,17.3215,2.93
10.753999999999998,16.7408,3.27
10.755000000000003,16.0951,3.7
10.755999999999993,15.3588,4.23
10.756999999999998,14.818,4.85
10.758000000000003,14.2376,5.56
10.758999999999993,14.0803,6.37
10.759999999999998,14.0554,7.27
10.761000000000003,13.936,8.26
10.761999999999993,13.8629,9.35
10.762999999999998,13.6214,10.52
10.764000000000003,13.1004,11.78
10.764999999999993,12.9184,13.13
10.765999999999998,13.3081,14.56
10.767000000000003,13.8991,16.08
10.767999999999994,13.8857,17.68
10.768999999999998,14.2168,19.36
10.770000000000003,14.1829,21.12
10.770999999999994,14.4284,22.96
10.771999999999998,14.2951,24.87
10.773000000000003,14.6949,26.86
10.773999999999994,14.8382,28.92
10.774999999999999,15.3504,31.06
10.776000000000003,15.7483,33.26
10.776999999999994,15.7513,35.52
10.777999999999999,16.0029,37.85
10.779000000000003,15.9435,40.24
10.779999999999994,16.7033,42.69
10.780999999999999,17.9513,45.2
10.782000000000004,19.949,47.76
10.782999999999994,22.4521,50.37
10.783999999999999,25.2924,53.03
10.785000000000004,28.1342,55.74
10.785999999999994,31.1436,58.49
10.786999999999999,34.2535,61.28
10.788000000000004,37.869,64.11
10.788999999999994,41.1593,66.97
10.79,44.6648,69.87
10.791000000000004,47.9002,72.8
10.791999999999994,49.631,75.75
10.793,52.5562,78.73
10.794000000000004,55.4511,81.73
10.794999999999995,58.1347,84.75
10.796,60.7644,87.78
10.797000000000004,62.9437,90.82
10.797999999999995,65.165,93.88
10.799,67.4455,96.94
10.800000000000004,70.1419,100.0
10.800999999999995,72.6372,103.06
10.802,75.1379,106.12
10.803000000000004,77.58,109.18
10.803999999999995,80.2778,112.22
10.805,83.1058,115.25
10.806000000000004,85.829,118.27
10.806999999999995,88.5048,121.27
10.808,89.9612,124.25
10.80899999999999,93.1668,127.2
10.809999999999995,95.8033,130.13
10.811,98.4677,133.03
10.81199999999999,100.804,135.89
10.812999999999995,103.0634,138.72
10.814,105.1722,141.51
10.81499999999999,107.5237,144.26
10.815999999999995,109.9437,146.97
10.817,112.3089,149.63
10.81799999999999,114.1969,152.24
10.818999999999996,115.8077,154.8
10.82,116.9733,157.31
10.82099999999999,117.9762,159.76
10.821999999999996,118.637,162.15
10.823,119.4,164.48
10.823999999999991,120.218,166.74
10.824999999999996,120.567,168.94
10.826,121.5732,171.07
10.826999999999991,122.2522,173.13
10.827999999999996,123.1207,175.12
10.829,123.7101,177.04
10.829999999999991,124.374,178.88
10.830999999999996,124.7637,180.64
10.832,125.395,182.32
10.832999999999991,125.9086,183.92
10.833999999999996,126.3122,185.44
10.835,126.0604,186.87
10.835999999999991,125.6069,188.22
10.836999999999996,124.7136,189.48
10.838000000000001,124.5708,190.65
10.838999999999992,124.0914,191.74
10.839999999999996,124.8941,192.73
10.841000000000001,124.9183,193.63
10.841999999999992,125.0722,194.44
10.842999999999996,124.243,195.15
10.844000000000001,122.8544,195.77
10.844999999999992,119.8232,196.3
10.845999999999997,115.6371,196.73
10.847000000000001,110.2228,197.07
10.847999999999992,104.629,197.31
10.848999999999997,99.7442,197.45
10.850000000000001,96.043,197.5
10.850999999999992,93.6902,197.45
10.851999999999997,93.2865,197.31
10.853000000000002,93.8596,197.07
10.853999999999992,95.7691,196.73
10.854999999999997,97.3731,196.3
10.856000000000002,99.3428,195.77
10.856999999999992,100.352,195.15
10.857999999999997,101.6299,194.44
10.859000000000002,103.593,193.63
10.859999999999992,105.3868,192.73
10.860999999999997,107.361,191.74
10.862000000000002,108.9139,190.65
10.862999999999992,110.219,189.48
10.863999999999997,111.6838,188.22
10.865000000000002,113.1276,186.87
10.865999999999993,114.9172,185.44
10.866999999999997,116.3736,183.92
10.868000000000002,117.9072,182.32
10.868999999999993,118.776,180.64
10.869999999999997,119.9751,178.88
10.871000000000002,120.774,177.04
10.871999999999993,121.8733,175.12
10.872999999999998,122.4628,173.13
10.874000000000002,123.1548,171.07
10.874999999999993,124.008,168.94
10.875999999999998,124.3841,166.74
10.877000000000002,124.9452,164.48
10.877999999999993,124.7978,162.15
10.878999999999998,125.2977,159.76
10.880000000000003,125.0413,157.31
10.880999999999993,124.9269,154.8
10.881999999999998,124.2875,152.24
10.883000000000003,124.1789,149.63
10.883999999999993,124.2061,146.97
10.884999999999998,123.7559,144.26
10.886000000000003,123.3817,141.51
10.886999999999993,122.8932,138.72
10.887999999999998,122.5959,135.89
10.889000000000003,122.8928,133.03
10.889999999999993,121.692,130.13
10.890999999999998,121.0965,127.2
10.892000000000003,120.082,124.25
10.892999999999994,119.4795,121.27
10.893999999999998,118.8215,118.27
10.895000000000003,118.019,115.25
10.895999999999994,117.3561,112.22
10.896999999999998,116.5822,109.18
10.898000000000003,115.6141,106.12
10.898999999999994,114.4081,103.06
10.899999999999999,113.3008,100.0
10.901000000000003,112.1354,96.94
10.901999999999994,110.9709,93.88
10.902999999999999,109.6055,90.82
10.904000000000003,108.2415,87.78
10.904999999999994,107.476,84.75
10.905999999999999,106.1404,81.73
10.907000000000004,104.398,78.73
10.907999999999994,102.6089,75.75
10.908999999999999,100.1638,72.8
10.910000000000004,97.9033,69.87
10.910999999999994,95.8734,66.97
10.911999999999999,93.7666,64.11
10.913000000000004,91.7028,61.28
10.913999999999994,89.1115,58.49
10.915,86.4844,55.74
10.916000000000004,83.0343,53.03
10.916999999999994,79.9061,50.37
10.918,76.2645,47.76
10.919000000000004,72.798,45.2
10.919999999999995,68.7951,42.69
10.921,67.0592,40.24
10.922000000000004,63.5781,37.85
10.922999999999995,59.8576,35.52
10.924,55.9254,33.26
10.925000000000004,51.7566,31.06
10.925999999999995,48.1974,28.92
10.927,44.5527,26.86
10.928000000000004,41.5287,24.87
10.928999999999995,38.6323,22.96
10.93,36.8412,21.12
10.931000000000004,34.8945,19.36
10.931999999999995,33.2302,17.68
10.933,31.3221,16.08
10.93399999999999,29.9982,14.56
10.934999999999995,28.763,13.13
10.936,27.8686,11.78
10.93699999999999,26.6559,10.52
10.937999999999995,26.3123,9.35
10.939,25.0782,8.26
10.93999999999999,23.7032,7.27
10.940999999999995,22.1609,6.37
10.942,20.6085,5.56
10.94299999999999,19.1542,4.85
10.943999999999996,18.4521,4.23
10.945,17.8399,3.7
10.94599999999999,17.383,3.27
10.946999999999996,16.8976,2.93
10.948,15.9822,2.69
10.948999999999991,15.2458,2.55
10.949999999999996,14.1063,2.5
10.951,13.5852,2.55
10.951999999999991,12.9326,2.69
10.952999999999996,12.2881,2.93
10.954,12.1622,3.27
10.954999999999991,11.6042,3.7
10.955999999999996,11.0534,4.23
10.957,10.7465,4.85
10.957999999999991,10.3798,5.56
10.958999999999996,10.2283,6.37
10.96,9.9899,7.27
10.960999999999991,9.9768,8.26
10.961999999999996,10.1387,9.35
10.963000000000001,10.235,10.52
10.963999999999992,10.1703,11.78
10.964999999999996,9.9412,13.13
10.966000000000001,9.9016,14.56
10.966999999999992,10.0004,16.08
10.967999999999996,10.2811,17.68
10.969000000000001,10.5612,19.36
10.969999999999992,10.823,21.12
10.970999999999997,11.2142,22.96
10.972000000000001,11.7702,24.87
10.972999999999992,11.9254,26.86
10.973999999999997,11.8545,28.92
10.975000000000001,11.6203,31.06
10.975999999999992,11.6103,33.26
10.976999999999997,12.308,35.52
10.978000000000002,13.3124,37.85
10.978999999999992,14.1424,40.24
10.979999999999997,14.9038,42.69
10.981000000000002,16.0537,45.2
10.981999999999992,18.0643,47.76
10.982999999999997,20.7772,50.37
10.984000000000002,23.5371,53.03
10.984999999999992,26.6539,55.74
10.985999999999997,28.4498,58.49
10.987000000000002,32.0056,61.28
10.987999999999992,35.2309,64.11
10.988999999999997,38.6622,66.97
10.990000000000002,41.8941,69.87
10.990999999999993,45.1289,72.8
10.991999999999997,48.1751,75.75
10.993000000000002,51.2639,78.73
10.993999999999993,54.1366,81.73
10.994999999999997,56.9333,84.75
10.996000000000002,59.302,87.78
10.996999999999993,61.3829,90.82
10.997999999999998,63.4772,93.88
10.999000000000002,65.7111,96.94
10.999999999999993,68.351,100.0
11.000999999999998,70.9712,103.06
11.002000000000002,72.4919,106.12
11.002999999999993,75.3465,109.18
11.003999999999998,78.7268,112.22
11.005000000000003,81.8923,115.25
11.005999999999993,85.0011,118.27
11.006999999999998,88.0485,121.27
11.008000000000003,91.1806,124.25
11.008999999999993,94.2153,127.2
11.009999999999998,96.8819,130.13
11.011000000000003,99.3025,133.03
11.011999999999993,101.2755,135.89
11.012999999999998,103.1258,138.72
11.014000000000003,104.8883,141.51
11.014999999999993,106.3983,144.26
11.015999999999998,107.8764,146.97
11.017000000000003,109.0569,149.63
11.017999999999994,110.2031,152.24
11.018999999999998,111.5414,154.8
11.020000000000003,113.2324,157.31
11.020999999999994,114.5742,159.76
11.021999999999998,115.9478,162.15
11.023000000000003,116.9827,164.48
11.023999999999994,118.1344,166.74
11.024999999999999,119.4155,168.94
11.026000000000003,120.6284,171.07
11.026999999999994,121.8318,173.13
11.027999999999999,122.8061,175.12
11.029000000000003,123.8046,177.04
11.029999999999994,124.3439,178.88
11.030999999999999,124.5701,180.64
11.032000000000004,124.8259,182.32
11.032999999999994,124.9709,183.92
11.033999999999999,125.5465,185.44
11.035000000000004,125.6759,186.87
11.035999999999994,126.1603,188.22
11.036999999999999,126.1859,189.48
11.038000000000004,126.6894,190.65
11.038999999999994,126.5017,191.74
11.04,127.059,192.73
11.041000000000004,126.4499,193.63
11.041999999999994,126.7585,194.44
11.043,126.0552,195.15
11.044000000000004,126.5153,195.77
11.044999999999995,126.2076,196.3
11.046,126.6765,196.73
11.047000000000004,126.3984,197.07
11.047999999999995,126.7527,197.31
11.049,126.3716,197.45
11.050000000000004,126.7385,197.5
11.050999999999995,126.5843,197.45
11.052,126.3336,197.31
11.053000000000004,126.1722,197.07
11.053999999999995,126.39,196.73
11.055,126.3346,196.3
11.056000000000004,126.1913,195.77
11.056999999999995,125.7767,195.15
11.058,125.9391,194.44
11.05899999999999,126.2874,193.63
11.059999999999995,126.8011,192.73
11.061,126.9408,191.74
11.06199999999999,126.7648,190.65
11.062999999999995,126.6051,189.48
11.064,126.8154,188.22
11.06499999999999,127.4811,186.87
11.065999999999995,127.7628,185.44
11.067,128.0966,183.92
11.06799999999999,128.2324,182.32
11.068999999999996,127.8817,180.64
11.07,127.7328,178.88
11.07099999999999,127.2339,177.04
11.071999999999996,126.7317,175.12
11.073,126.3428,173.13
11.073999999999991,125.4276,171.07
11.074999999999996,125.1322,168.94
11.076,124.3271,166.74
11.076999999999991,124.1851,164.48
11.077999999999996,123.3745,162.15
11.079,123.1241,159.76
11.079999999999991,122.2019,157.31
11.080999999999996,121.83,154.8
11.082,121.0682,152.24
11.082999999999991,121.0438,149.63
11.083999999999996,120.4349,146.97
11.085,120.0083,144.26
11.085999999999991,119.4352,141.51
11.086999999999996,118.7941,138.72
11.088000000000001,117.7826,135.89
11.088999999999992,117.1428,133.03
11.089999999999996,116.3376,130.13
11.091000000000001,115.7091,127.2
11.091999999999992,114.7238,124.25
11.092999999999996,113.7433,121.27
11.094000000000001,112.7584,118.27
11.094999999999992,111.712,115.25
11.095999999999997,110.2954,112.22
11.097000000000001,108.5571,109.18
11.097999999999992,106.9695,106.12
11.098999999999997,106.6657,103.06
11.100000000000001,105.3776,100.0
11.100999999999992,104.1634,96.94
11.101999999999997,102.3694,93.88
11.103000000000002,100.7624,90.82
11.103999999999992,98.5267,87.78
11.104999999999997,96.6652,84.75
11.106000000000002,94.3812,81.73
11.106999999999992,92.2248,78.73
11.107999999999997,90.1587,75.75
11.109000000000002,88.0359,72.8
11.109999999999992,85.6661,69.87
11.110999999999997,83.0603,66.97
11.112000000000002,80.1688,64.11
11.112999999999992,77.6303,61.28
11.113999999999997,74.772,58.49
11.115000000000002,73.6709,55.74
11.115999999999993,71.1872,53.03
11.116999999999997,68.7798,50.37
11.118000000000002,66.3066,47.76
11.118999999999993,64.0209,45.2
11.119999999999997,61.2404,42.69
11.121000000000002,59.1027,40.24
11.121999999999993,56.5915,37.85
11.122999999999998,54.4467,35.52
11.124000000000002,52.0055,33.26
11.124999999999993,49.8089,31.06
11.125999999999998,47.4955,28.92
11.127000000000002,45.2799,26.86
11.127999999999993,43.1872,24.87
11.128999999999998,41.3896,22.96
11.130000000000003,39.5656,21.12
11.130999999999993,37.8841,19.36
11.131999999999998,37.2358,17.68
11.133000000000003,35.3387,16.08
11.133999999999993,33.9083,14.56
11.134999999999998,32.4632,13.13
11.136000000000003,31.1638,11.78
11.136999999999993,29.5643,10.52
11.137999999999998,27.9122,9.35
11.139000000000003,26.4534,8.26
11.139999999999993,25.1975,7.27
11.140999999999998,23.9665,6.37
11.142000000000003,22.5198,5.56
11.142999999999994,21.094,4.85
11.143999999999998,19.8826,4.23
11.145000000000003,19.2184,3.7
11.145999999999994,18.5032,3.27
11.146999999999998,17.7769,2.93
11.148000000000003,17.7206,2.69
11.148999999999994,16.8405,2.55
11.149999999999999,16.5752,2.5
11.151000000000003,15.8203,2.55
11.151999999999994,15.3601,2.69
11.152999999999999,15.0166,2.93
11.154000000000003,14.6979,3.27
11.154999999999994,14.3794,3.7
11.155999999999999,13.8489,4.23
11.157000000000004,13.6981,4.85
11.157999999999994,13.1022,5.56
11.158999999999999,12.4655,6.37
11.160000000000004,11.5939,7.27
11.160999999999994,11.2925,8.26
11.161999999999999,11.1853,9.35
11.163000000000004,10.9672,10.52
11.163999999999994,11.0967,11.78
11.165,11.1076,13.13
11.166000000000004,11.3372,14.56
11.166999999999994,11.4457,16.08
11.168,11.4384,17.68
11.169000000000004,11.4957,19.36
11.169999999999995,11.922,21.12
11.171,12.19,22.96
11.172000000000004,12.4769,24.87
11.172999999999995,12.5874,26.86
11.174,12.7926,28.92
11.175000000000004,12.8568,31.06
11.175999999999995,13.0088,33.26
11.177,13.4001,35.52
11.178000000000004,14.4323,37.85
11.178999999999995,15.7095,40.24
11.18,16.6389,42.69
11.181000000000004,17.976,45.2
11.181999999999995,19.9464,47.76
11.183,22.1223,50.37
11.18399999999999,25.0409,53.03
11.184999999999995,27.8138,55.74
11.186,31.0802,58.49
11.18699999999999,34.1639,61.28
11.187999999999995,37.6907,64.11
11.189,40.9376,66.97
11.18999999999999,44.4645,69.87
11.190999999999995,47.6543,72.8
11.192,50.7248,75.75
11.19299999999999,53.1426,78.73
11.193999999999996,55.7744,81.73
11.195,58.3075,84.75
11.19599999999999,59.6906,87.78
11.196999999999996,62.1937,90.82
11.198,64.7949,93.88
11.198999999999991,66.7627,96.94
11.199999999999996,68.681,100.0
11.201,70.6606,103.06
11.201999999999991,73.5207,106.12
11.202999999999996,76.0272,109.18
11.204,78.9607,112.22
11.204999999999991,81.9219,115.25
11.205999999999996,85.4377,118.27
11.207,88.3054,121.27
11.207999999999991,91.0003,124.25
11.208999999999996,93.3934,127.2
11.21,95.8775,130.13
11.210999999999991,98.055,133.03
11.211999999999996,99.1636,135.89
11.213000000000001,101.0836,138.72
11.213999999999992,103.0696,141.51
11.214999999999996,104.6545,144.26
11.216000000000001,106.1128,146.97
11.216999999999992,107.2433,149.63
11.217999999999996,108.8327,152.24
11.219000000000001,110.1996,154.8
11.219999999999992,111.3558,157.31
11.220999999999997,112.3476,159.76
11.222000000000001,113.2035,162.15
11.222999999999992,114.4855,164.48
11.223999999999997,114.7344,166.74
11.225000000000001,115.2244,168.94
11.225999999999992,115.5644,171.07
11.226999999999997,116.2082,173.13
11.228000000000002,116.7861,175.12
11.228999999999992,116.5691,177.04
11.229999999999997,116.982,178.88
11.231000000000002,116.7389,180.64
11.231999999999992,116.9387,182.32
11.232999999999997,116.3668,183.92
11.234000000000002,116.2454,185.44
11.234999999999992,115.2092,186.87
11.235999999999997,115.0931,188.22
11.237000000000002,114.4941,189.48
11.237999999999992,114.1886,190.65
11.238999999999997,113.8814,191.74
11.240000000000002,113.3278,192.73
11.240999999999993,113.4468,193.63
11.241999999999997,112.3039,194.44
11.243000000000002,112.1332,195.15
11.243999999999993,110.9228,195.77
11.244999999999997,110.928,196.3
11.246000000000002,111.1251,196.73
11.246999999999993,110.331,197.07
11.247999999999998,109.9092,197.31
11.249000000000002,108.692,197.45
11.249999999999993,108.0367,197.5
11.250999999999998,106.8198,197.45
11.252000000000002,104.5715,197.31
11.252999999999993,102.031,197.07
11.253999999999998,99.8297,196.73
11.255000000000003,99.0494,196.3
11.255999999999993,98.7829,195.77
11.256999999999998,99.0713,195.15
11.258000000000003,99.0448,194.44
11.258999999999993,99.5413,193.63
11.259999999999998,99.8138,192.73
11.261000000000003,100.5308,191.74
11.261999999999993,101.4196,190.65
11.262999999999998,102.3272,189.48
11.264000000000003,103.6486,188.22
11.264999999999993,104.8513,186.87
11.265999999999998,106.2747,185.44
11.267000000000003,107.4212,183.92
11.267999999999994,108.4766,182.32
11.268999999999998,109.3203,180.64
11.270000000000003,109.6497,178.88
11.270999999999994,110.5535,177.04
11.271999999999998,111.4383,175.12
11.273000000000003,112.438,173.13
11.273999999999994,113.3565,171.07
11.274999999999999,114.2698,168.94
11.276000000000003,115.2087,166.74
11.276999999999994,115.6103,164.48
11.277999999999999,116.1684,162.15
11.279000000000003,116.5642,159.76
11.279999999999994,116.6327,157.31
11.280999999999999,116.9938,154.8
11.282000000000004,117.1482,152.24
11.282999999999994,117.2937,149.63
11.283999999999999,117.6596,146.97
11.285000000000004,117.4824,144.26
11.285999999999994,117.8672,141.51
11.286999999999999,117.6927,138.72
11.288000000000004,117.6132,135.89
11.288999999999994,117.3808,133.03
11.29,117.4769,130.13
11.291000000000004,117.3672,127.2
11.291999999999994,117.4221,124.25
11.293,117.3277,121.27
11.294000000000004,116.7559,118.27
11.294999999999995,116.5862,115.25
11.296,116.1506,112.22
11.297000000000004,115.883,109.18
11.297999999999995,115.095,106.12
11.299,114.7139,103.06
11.300000000000004,113.9277,100.0
11.300999999999995,113.5011,96.94
11.302,112.5603,93.88
11.303000000000004,111.891,90.82
11.303999999999995,110.7434,87.78
11.305,109.7928,84.75
11.306000000000004,108.4972,81.73
11.306999999999995,107.4419,78.73
11.308,105.9772,75.75
11.30899999999999,105.4529,72.8
11.309999999999995,103.989,69.87
11.311,102.31,66.97
11.31199999999999,100.6196,64.11
11.312999999999995,98.5458,61.28
11.314,96.669,58.49
11.31499999999999,94.8199,55.74
11.315999999999995,92.7318,53.03
11.317,90.4254,50.37
11.31799999999999,87.8581,47.76
11.318999999999996,84.9688,45.2
11.32,81.8149,42.69
11.32099999999999,78.3264,40.24
11.321999999999996,74.8673,37.85
11.323,71.5183,35.52
11.323999999999991,67.731,33.26
11.324999999999996,65.9971,31.06
11.326,62.3811,28.92
11.326999999999991,58.0747,26.86
11.327999999999996,53.8919,24.87
11.329,49.2923,22.96
11.329999999999991,45.1647,21.12
11.330999999999996,40.9257,19.36
11.332,37.1567,17.68
11.332999999999991,33.2881,16.08
11.333999999999996,29.6594,14.56
11.335,26.3957,13.13
11.335999999999991,23.7294,11.78
11.336999999999996,21.1801,10.52
11.338000000000001,19.2008,9.35
11.338999999999992,17.6491,8.26
11.339999999999996,16.9521,7.27
11.341000000000001,16.427,6.37
11.341999999999992,16.2799,5.56
11.342999999999996,15.7547,4.85
11.344000000000001,15.0316,4.23
11.344999999999992,14.1849,3.7
11.345999999999997,13.5543,3.27
11.347000000000001,13.0338,2.93
11.347999999999992,12.4476,2.69
11.348999999999997,12.02,2.55
11.350000000000001,11.5876,2.5
11.350999999999992,11.3841,2.55
11.351999999999997,10.4091,2.69
11.353000000000002,9.5545,2.93
11.353999999999992,8.6763,3.27
11.354999999999997,8.1233,3.7
11.356000000000002,7.5374,4.23
11.356999999999992,7.0316,4.85
11.357999999999997,6.847,5.56
11.359000000000002,6.384,6.37
11.359999999999992,6.0864,7.27
11.360999999999997,5.9767,8.26
11.362000000000002,5.9701,9.35
11.362999999999992,6.1921,10.52
11.363999999999997,6.2908,11.78
11.365000000000002,6.4726,13.13
11.365999999999993,6.6761,14.56
11.366999999999997,6.6875,16.08
11.368000000000002,6.9466,17.68
11.368999999999993,7.1776,19.36
11.369999999999997,7.7533,21.12
11.371000000000002,8.2822,22.96
11.371999999999993,8.7536,24.87
11.372999999999998,9.271,26.86
11.374000000000002,9.3426,28.92
11.374999999999993,9.2316,31.06
11.375999999999998,8.9097,33.26
11.377000000000002,8.8299,35.52
11.377999999999993,9.2633,37.85
11.378999999999998,10.0668,40.24
11.380000000000003,10.9648,42.69
11.380999999999993,12.1874,45.2
11.381999999999998,13.4949,47.76
11.383000000000003,15.7893,50.37
11.383999999999993,18.3137,53.03
11.384999999999998,21.173,55.74
11.386000000000003,24.2709,58.49
11.386999999999993,27.3114,61.28
11.387999999999998,31.0058,64.11
11.389000000000003,34.7309,66.97
11.389999999999993,36.9771,69.87
11.390999999999998,40.6172,72.8
11.392000000000003,44.5796,75.75
11.392999999999994,47.8483,78.73
11.393999999999998,51.2733,81.73
11.395000000000003,54.3108,84.75
11.395999999999994,57.314,87.78
11.396999999999998,60.1494,90.82
11.398000000000003,62.9418,93.88
11.398999999999994,65.7997,96.94
11.399999999999999,68.4065,100.0
11.401000000000003,71.0038,103.06
11.401999999999994,73.591,106.12
11.402999999999999,76.4792,109.18
11.404000000000003,79.0396,112.22
11.404999999999994,82.4225,115.25
11.405999999999999,83.9034,118.27
11.407000000000004,87.1604,121.27
11.407999999999994,89.9646,124.25
11.408999999999999,93.0357,127.2
11.410000000000004,95.8713,130.13
11.410999999999994,98.6609,133.03
11.411999999999999,100.5266,135.89
11.413000000000004,102.6288,138.72
11.413999999999994,104.3835,141.51
11.415,106.5348,144.26
11.416000000000004,108.2033,146.97
11.416999999999994,109.6757,149.63
11.418,110.871,152.24
11.419000000000004,112.1803,154.8
11.419999999999995,113.5957,157.31
11.421,114.9496,159.76
11.422000000000004,115.8942,162.15
11.422999999999995,117.2004,164.48
11.424,118.6948,166.74
11.425000000000004,120.0352,168.94
11.425999999999995,121.355,171.07
11.427,122.499,173.13
11.428000000000004,123.4956,175.12
11.428999999999995,124.7388,177.04
11.43,125.7886,178.88
11.431000000000004,127.2898,180.64
11.431999999999995,128.106,182.32
11.433,129.1708,183.92
11.43399999999999,129.5698,185.44
11.434999999999995,130.5804,186.87
11.436,130.9851,188.22
11.43699999999999,132.3623,189.48
11.437999999999995,132.8766,190.65
11.439,134.3539,191.74
11.43999999999999,135.5967,192.73
11.440999999999995,136.4025,193.63
11.442,137.2068,194.44
11.44299999999999,136.9902,195.15
11.443999999999996,137.5709,195.77
11.445,137.4534,196.3
11.44599999999999,137.8282,196.73
11.446999999999996,138.0825,197.07
11.448,137.826,197.31
11.448999999999991,138.2716,197.45
11.449999999999996,137.4448,197.5
11.451,138.2325,197.45
11.451999999999991,137.9362,197.31
11.452999999999996,138.8747,197.07
11.454,138.2015,196.73
11.454999999999991,138.5263,196.3
11.455999999999996,138.8372,195.77
11.457,138.8371,195.15
11.457999999999991,139.1968,194.44
11.458999999999996,139.448,193.63
11.46,139.7682,192.73
11.460999999999991,139.8816,191.74
11.461999999999996,140.1943,190.65
11.463000000000001,140.0916,189.48
11.463999999999992,140.1802,188.22
11.464999999999996,139.3416,186.87
11.466000000000001,139.4556,185.44
11.466999999999992,138.1743,183.92
11.467999999999996,138.2686,182.32
11.469000000000001,137.1848,180.64
11.469999999999992,137.6932,178.88
11.470999999999997,138.0464,177.04
11.472000000000001,136.7794,175.12
11.472999999999992,137.165,173.13
11.473999999999997,135.9211,171.07
11.475000000000001,135.7362,168.94
11.475999999999992,135.0129,166.74
11.476999999999997,133.9444,164.48
11.478000000000002,133.2312,162.15
11.478999999999992,132.4133,159.76
11.479999999999997,131.9366,157.31
11.481000000000002,131.3929,154.8
11.481999999999992,130.2905,152.24
11.482999999999997,129.819,149.63
11.484000000000002,128.5858,146.97
11.484999999999992,128.3921,144.26
11.485999999999997,127.471,141.51
11.487000000000002,127.5023,138.72
11.487999999999992,126.4077,135.89
11.488999999999997,125.4771,133.03
11.490000000000002,124.0477,130.13
11.490999999999993,122.8124,127.2
11.491999999999997,121.1609,124.25
11.493000000000002,120.0589,121.27
11.493999999999993,118.4963,118.27
11.494999999999997,117.2654,115.25
11.496000000000002,115.4476,112.22
11.496999999999993,114.1577,109.18
11.497999999999998,112.4115,106.12
11.499000000000002,110.8866,103.06
11.499999999999993,108.7425,100.0
11.500999999999998,106.9384,96.94
11.502000000000002,105.0587,93.88
11.502999999999993,104.2568,90.82
11.503999999999998,101.9258,87.78
11.505000000000003,99.7251,84.75
11.505999999999993,97.2796,81.73
11.506999999999998,94.75,78.73
11.508000000000003,91.8899,75.75
11.508999999999993,89.2067,72.8
11.509999999999998,86.2281,69.87
11.511000000000003,83.0829,66.97
11.511999999999993,79.9092,64.11
11.512999999999998,77.1537,61.28
11.514000000000003,74.5256,58.49
11.514999999999993,71.4281,55.74
11.515999999999998,68.2183,53.03
11.517000000000003,65.6001,50.37
11.517999999999994,63.4233,47.76
11.518999999999998,62.4916,45.2
11.520000000000003,60.2689,42.69
11.520999999999994,58.2978,40.24
11.521999999999998,56.4505,37.85
11.523000000000003,54.48,35.52
11.523999999999994,52.5225,33.26
11.524999999999999,50.3593,31.06
11.526000000000003,48.6396,28.92
11.526999999999994,46.3725,26.86
11.527999999999999,44.4077,24.87
11.529000000000003,41.9893,22.96
11.529999999999994,39.6014,21.12
11.530999999999999,36.9795,19.36
11.532000000000004,34.5668,17.68
11.532999999999994,32.5906,16.08
11.533999999999999,30.555,14.56
11.535000000000004,29.5884,13.13
11.535999999999994,28.0174,11.78
11.536999999999999,26.3563,10.52
11.538000000000004,25.2883,9.35
11.538999999999994,24.1789,8.26
11.54,23.1853,7.27
11.541000000000004,22.0433,6.37
11.541999999999994,21.0846,5.56
11.543,20.3741,4.85
11.544000000000004,19.9705,4.23
11.544999999999995,19.5597,3.7
11.546,18.8682,3.27
11.547000000000004,17.8998,2.93
11.547999999999995,17.3615,2.69
11.549,17.1543,2.55
11.550000000000004,17.0239,2.5
11.550999999999995,16.4375,2.55
11.552,16.3126,2.69
11.553000000000004,15.562,2.93
11.553999999999995,14.9402,3.27
11.555,14.0665,3.7
11.556000000000004,13.068,4.23
11.556999999999995,12.3335,4.85
11.558,11.6493,5.56
11.55899999999999,11.3583,6.37
11.559999999999995,10.9328,7.27
11.561,10.6368,8.26
11.56199999999999,10.5291,9.35
11.562999999999995,10.4098,10.52
11.564,10.4987,11.78
11.56499999999999,10.4704,13.13
11.565999999999995,10.7648,14.56
11.567,10.9993,16.08
11.56799999999999,11.5164,17.68
11.568999999999996,11.8471,19.36
11.57,11.9621,21.12
11.57099999999999,12.0678,22.96
11.571999999999996,11.9867,24.87
11.573,11.9583,26.86
11.573999999999991,12.0112,28.92
11.574999999999996,12.4173,31.06
11.576,13.0482,33.26
11.576999999999991,13.5175,35.52
11.577999999999996,13.7423,37.85
11.579,14.1672,40.24
11.579999999999991,14.7384,42.69
11.580999999999996,16.584,45.2
11.582,18.6104,47.76
11.582999999999991,21.939,50.37
11.583999999999996,23.3505,53.03
11.585,27.0156,55.74
11.585999999999991,30.1109,58.49
11.586999999999996,33.5743,61.28
11.588000000000001,36.7714,64.11
11.588999999999992,39.8056,66.97
11.589999999999996,43.2129,69.87
11.591000000000001,46.5383,72.8
11.591999999999992,50.1637,75.75
11.592999999999996,53.5681,78.73
11.594000000000001,56.7076,81.73
11.594999999999992,59.438,84.75
11.595999999999997,62.145,87.78
11.597000000000001,64.8323,90.82
11.597999999999992,67.8584,93.88
11.598999999999997,70.621,96.94
11.600000000000001,72.0733,100.0
11.600999999999992,74.8165,103.06
11.601999999999997,77.2491,106.12
11.603000000000002,79.9411,109.18
11.603999999999992,82.0591,112.22
11.604999999999997,84.8488,115.25
11.606000000000002,87.3446,118.27
11.606999999999992,90.6628,121.27
11.607999999999997,93.4646,124.25
11.609000000000002,96.9278,127.2
11.609999999999992,99.8648,130.13
11.610999999999997,102.7104,133.03
11.612000000000002,105.3199,135.89
11.612999999999992,107.7776,138.72
11.613999999999997,109.9861,141.51
11.615000000000002,112.0124,144.26
11.615999999999993,113.1351,146.97
11.616999999999997,114.9531,149.63
11.618000000000002,116.3211,152.24
11.618999999999993,117.6474,154.8
11.619999999999997,118.6345,157.31
11.621000000000002,119.976,159.76
11.621999999999993,121.4368,162.15
11.622999999999998,122.8213,164.48
11.624000000000002,124.5322,166.74
11.624999999999993,125.7804,168.94
11.625999999999998,127.0219,171.07
11.627000000000002,127.8982,173.13
11.627999999999993,128.9053,175.12
11.628999999999998,130.0511,177.04
11.630000000000003,130.6846,178.88
11.630999999999993,131.6522,180.64
11.631999999999998,132.338,182.32
11.633000000000003,133.521,183.92
11.633999999999993,134.6959,185.44
11.634999999999998,135.2625,186.87
11.636000000000003,135.9932,188.22
11.636999999999993,136.6073,189.48
11.637999999999998,137.0372,190.65
11.639000000000003,137.643,191.74
11.639999999999993,137.7916,192.73
11.640999999999998,138.7818,193.63
11.642000000000003,138.5582,194.44
11.642999999999994,139.6108,195.15
11.643999999999998,139.5894,195.77
11.645000000000003,140.9345,196.3
11.645999999999994,140.9339,196.73
11.646999999999998,141.7534,197.07
11.648000000000003,141.323,197.31
11.648999999999994,142.2198,197.45
11.649999999999999,141.5268,197.5
11.651000000000003,142.3533,197.45
11.651999999999994,141.1851,197.31
11.652999999999999,141.7964,197.07
11.654000000000003,140.7278,196.73
11.654999999999994,141.7506,196.3
11.655999999999999,141.1033,195.77
11.657000000000004,141.9005,195.15
11.657999999999994,141.5575,194.44
11.658999999999999,141.7084,193.63
11.660000000000004,141.3686,192.73
11.660999999999994,140.9824,191.74
11.661999999999999,140.924,190.65
11.663000000000004,140.4463,189.48
11.663999999999994,140.4445,188.22
11.665,140.5431,186.87
11.666000000000004,139.5549,185.44
11.666999999999994,140.2091,183.92
11.668,139.5613,182.32
11.669000000000004,140.073,180.64
11.669999999999995,138.8955,178.88
11.671,139.0026,177.04
11.672000000000004,137.5695,175.12
11.672999999999995,137.6128,173.13
11.674,136.3661,171.07
11.675000000000004,136.1998,168.94
11.675999999999995,134.9948,166.74
11.677,134.3698,164.48
11.678000000000004,133.6625,162.15
11.678999999999995,133.5092,159.76
11.68,132.9863,157.31
11.681000000000004,133.0087,154.8
11.681999999999995,132.3524,152.24
11.683,131.7216,149.63
11.68399999999999,130.9694,146.97
11.684999999999995,130.1239,144.26
11.686,128.9026,141.51
11.68699999999999,127.7403,138.72
11.687999999999995,126.4386,135.89
11.689,125.6678,133.03
11.68999999999999,124.2857,130.13
11.690999999999995,123.4306,127.2
11.692,121.7053,124.25
11.69299999999999,120.5437,121.27
11.693999999999996,118.7655,118.27
11.695,117.5664,115.25
11.69599999999999,115.9958,112.22
11.696999999999996,115.3479,109.18
11.698,113.6529,106.12
11.698999999999991,112.0927,103.06
11.699999999999996,110.2409,100.0
11.701,108.5061,96.94
11.701999999999991,106.2321,93.88
11.702999999999996,104.3359,90.82
11.704,102.0977,87.78
11.704999999999991,99.8773,84.75
11.705999999999996,97.3792,81.73
11.707,94.7135,78.73
11.707999999999991,91.9436,75.75
11.708999999999996,89.0544,72.8
11.71,86.2665,69.87
11.710999999999991,83.4955,66.97
11.711999999999996,80.6244,64.11
11.713000000000001,79.7226,61.28
11.713999999999992,77.4035,58.49
11.714999999999996,74.889,55.74
11.716000000000001,72.4017,53.03
11.716999999999992,69.8574,50.37
11.717999999999996,67.7431,47.76
11.719000000000001,64.8996,45.2
11.719999999999992,61.8626,42.69
11.720999999999997,58.8098,40.24
11.722000000000001,56.2809,37.85
11.722999999999992,53.6401,35.52
11.723999999999997,51.3045,33.26
11.725000000000001,48.4019,31.06
11.725999999999992,45.8264,28.92
11.726999999999997,43.3192,26.86
11.728000000000002,41.5604,24.87
11.728999999999992,40.7629,22.96
11.729999999999997,38.9634,21.12
11.731000000000002,37.3861,19.36
11.731999999999992,35.764,17.68
11.732999999999997,34.139,16.08
11.734000000000002,32.6259,14.56
11.734999999999992,31.1879,13.13
11.735999999999997,29.9881,11.78
11.737000000000002,28.5069,10.52
11.737999999999992,27.1446,9.35
11.738999999999997,25.7145,8.26
11.740000000000002,24.2328,7.27
11.740999999999993,23.1081,6.37
11.741999999999997,22.0613,5.56
11.743000000000002,21.2405,4.85
11.743999999999993,20.3621,4.23
11.744999999999997,20.4281,3.7
11.746000000000002,19.7186,3.27
11.746999999999993,19.4235,2.93
11.747999999999998,18.7161,2.69
11.749000000000002,17.9506,2.55
11.749999999999993,17.1,2.5
11.750999999999998,16.2368,2.55
11.752000000000002,15.7326,2.69
11.752999999999993,14.8601,2.93
11.753999999999998,14.1171,3.27
11.755000000000003,13.2873,3.7
11.755999999999993,12.4824,4.23
11.756999999999998,11.7869,4.85
11.758000000000003,10.9285,5.56
11.758999999999993,10.4459,6.37
11.759999999999998,10.0814,7.27
11.761000000000003,10.3511,8.26
11.761999999999993,10.3856,9.35
11.762999999999998,10.4558,10.52
11.764000000000003,10.2798,11.78
11.764999999999993,10.3197,13.13
11.765999999999998,10.43,14.56
11.767000000000003,10.7633,16.08
11.767999999999994,11.2152,17.68
11.768999999999998,11.5537,19.36
11.770000000000003,11.9955,21.12
11.770999999999994,12.2137,22.96
11.771999999999998,12.4077,24.87
11.773000000000003,12.3938,26.86
11.773999999999994,12.7002,28.92
11.774999999999999,12.8114,31.06
11.776000000000003,12.8603,33.26
11.776999999999994,12.9376,35.52
11.777999999999999,13.2277,37.85
11.779000000000003,13.8781,40.24
11.779999999999994,14.8421,42.69
11.780999999999999,15.9905,45.2
11.782000000000004,17.8463,47.76
11.782999999999994,20.5914,50.37
11.783999999999999,23.4936,53.03
11.785000000000004,26.6074,55.74
11.785999999999994,29.6359,58.49
11.786999999999999,33.3533,61.28
11.788000000000004,36.5629,64.11
11.788999999999994,40.2747,66.97
11.79,43.4952,69.87
11.791000000000004,47.2872,72.8
11.791999999999994,50.7382,75.75
11.793,53.9918,78.73
11.794000000000004,55.7127,81.73
11.794999999999995,58.3966,84.75
11.796,61.1507,87.78
11.797000000000004,63.8308,90.82
11.797999999999995,66.4456,93.88
11.799,68.8569,96.94
11.800000000000004,71.6489,100.0
11.800999999999995,74.0688,103.06
11.802,77.0164,106.12
11.803000000000004,79.7858,109.18
11.803999999999995,83.3794,112.22
11.805,86.5721,115.25
11.806000000000004,89.6628,118.27
11.806999999999995,92.5014,121.27
11.808,95.2898,124.25
11.80899999999999,98.3468,127.2
11.809999999999995,99.935,130.13
11.811,102.4878,133.03
11.81199999999999,104.8375,135.89
11.812999999999995,107.128,138.72
11.814,109.5809,141.51
11.81499999999999,111.3526,144.26
11.815999999999995,113.3311,146.97
11.817,115.014,149.63
11.81799999999999,117.2684,152.24
11.818999999999996,119.0188,154.8
11.82,120.6452,157.31
11.82099999999999,122.0052,159.76
11.821999999999996,123.4319,162.15
11.823,124.8299,164.48
11.823999999999991,126.3183,166.74
11.824999999999996,127.8165,168.94
11.826,128.519,171.07
11.826999999999991,129.8087,173.13
11.827999999999996,131.0197,175.12
11.829,132.2759,177.04
11.829999999999991,133.4318,178.88
11.830999999999996,134.4251,180.64
11.832,135.5842,182.32
11.832999999999991,136.5862,183.92
11.833999999999996,137.4043,185.44
11.835,137.8475,186.87
11.835999999999991,137.948,188.22
11.836999999999996,138.3125,189.48
11.838000000000001,138.2594,190.65
11.838999999999992,138.7108,191.74
11.839999999999996,138.9443,192.73
11.841000000000001,139.3316,193.63
11.841999999999992,139.9327,194.44
11.842999999999996,139.6136,195.15
11.844000000000001,140.3903,195.77
11.844999999999992,140.2888,196.3
11.845999999999997,141.2487,196.73
11.847000000000001,140.5284,197.07
11.847999999999992,140.8131,197.31
11.848999999999997,139.6147,197.45
11.850000000000001,139.8285,197.5
11.850999999999992,138.5331,197.45
11.851999999999997,139.1602,197.31
11.853000000000002,137.8719,197.07
11.853999999999992,138.2382,196.73
11.854999999999997,136.0078,196.3
11.856000000000002,134.7052,195.77
11.856999999999992,130.1551,195.15
11.857999999999997,128.6135,194.44
11.859000000000002,124.0377,193.63
11.859999999999992,121.2018,192.73
11.860999999999997,119.1811,191.74
11.862000000000002,118.8016,190.65
11.862999999999992,118.6865,189.48
11.863999999999997,119.0828,188.22
11.865000000000002,119.7108,186.87
11.865999999999993,120.1125,185.44
11.866999999999997,120.8619,183.92
11.868000000000002,121.2623,182.32
11.868999999999993,122.0515,180.64
11.869999999999997,122.4357,178.88
11.871000000000002,123.2107,177.04
11.871999999999993,123.3171,175.12
11.872999999999998,124.053,173.13
11.874000000000002,124.2454,171.07
11.874999999999993,124.7032,168.94
11.875999999999998,124.7661,166.74
11.877000000000002,125.229,164.48
11.877999999999993,125.5481,162.15
11.878999999999998,125.7714,159.76
11.880000000000003,125.583,157.31
11.880999999999993,125.5511,154.8
11.881999999999998,125.4936,152.24
11.883000000000003,125.4862,149.63
11.883999999999993,125.2121,146.97
11.884999999999998,124.7958,144.26
11.886000000000003,124.532,141.51
11.886999999999993,124.2434,138.72
11.887999999999998,124.0446,135.89
11.889000000000003,123.4881,133.03
11.889999999999993,122.9538,130.13
11.890999999999998,122.8571,127.2
11.892000000000003,121.689,124.25
11.892999999999994,121.1231,121.27
11.893999999999998,120.227,118.27
11.895000000000003,119.6272,115.25
11.895999999999994,118.4199,112.22
11.896999999999998,117.4318,109.18
11.898000000000003,116.205,106.12
11.898999999999994,115.3322,103.06
11.899999999999999,113.8253,100.0
11.901000000000003,112.3778,96.94
11.901999999999994,110.2671,93.88
11.902999999999999,108.6444,90.82
11.904000000000003,106.605,87.78
11.904999999999994,104.8791,84.75
11.905999999999999,102.6884,81.73
11.907000000000004,101.7426,78.73
11.907999999999994,99.4836,75.75
11.908999999999999,96.8889,72.8
11.910000000000004,93.7073,69.87
11.910999999999994,90.7516,66.97
11.911999999999999,87.4835,64.11
11.913000000000004,84.1514,61.28
11.913999999999994,80.6101,58.49
11.915,77.2656,55.74
11.916000000000004,73.7106,53.03
11.916999999999994,69.7633,50.37
11.918,65.2927,47.76
11.919000000000004,60.6509,45.2
11.919999999999995,56.2281,42.69
11.921,52.3227,40.24
11.922000000000004,49.3759,37.85
11.922999999999995,48.0732,35.52
11.924,45.3799,33.26
11.925000000000004,42.8471,31.06
11.925999999999995,40.8265,28.92
11.927,38.8819,26.86
11.928000000000004,37.3872,24.87
11.928999999999995,35.9272,22.96
11.93,34.6694,21.12
11.931000000000004,33.1967,19.36
11.931999999999995,31.6991,17.68
11.933,30.0309,16.08
11.93399999999999,28.3628,14.56
11.934999999999995,26.4931,13.13
11.936,24.7308,11.78
11.93699999999999,23.0821,10.52
11.937999999999995,21.913,9.35
11.939,21.5284,8.26
11.93999999999999,20.5291,7.27
11.940999999999995,19.834,6.37
11.942,19.0389,5.56
11.94299999999999,18.4571,4.85
11.943999999999996,17.6877,4.23
11.945,17.1534,3.7
11.94599999999999,16.4794,3.27
11.946999999999996,16.0374,2.93
11.948,15.214,2.69
11.948999999999991,14.2283,2.55
11.949999999999996,13.3517,2.5
11.951,12.5853,2.55
11.951999999999991,12.1401,2.69
11.952999999999996,11.5723,2.93
11.954,10.7751,3.27
11.954999999999991,10.8951,3.7
11.955999999999996,9.8369,4.23
11.957,9.3647,4.85
11.957999999999991,8.4269,5.56
11.958999999999996,7.7214,6.37
11.96,6.927,7.27
11.960999999999991,6.7759,8.26
11.961999999999996,6.6953,9.35
11.963000000000001,6.872,10.52
11.963999999999992,6.8918,11.78
11.964999999999996,7.3743,13.13
11.966000000000001,7.6585,14.56
11.966999999999992,7.8088,16.08
11.967999999999996,8.1085,17.68
11.969000000000001,8.5594,19.36
11.969999999999992,9.2207,21.12
11.970999999999997,9.6518,22.96
11.972000000000001,10.042,24.87
11.972999999999992,10.0616,26.86
11.973999999999997,10.0496,28.92
11.975000000000001,9.8551,31.06
11.975999999999992,9.978,33.26
11.976999999999997,10.2356,35.52
11.978000000000002,10.7511,37.85
11.978999999999992,11.3103,40.24
11.979999999999997,12.1595,42.69
11.981000000000002,13.9267,45.2
11.981999999999992,16.4506,47.76
11.982999999999997,18.8995,50.37
11.984000000000002,21.55,53.03
11.984999999999992,24.339,55.74
11.985999999999997,27.9646,58.49
11.987000000000002,31.2628,61.28
11.987999999999992,33.3579,64.11
11.988999999999997,36.753,66.97
11.990000000000002,40.6736,69.87
11.990999999999993,44.0035,72.8
11.991999999999997,47.4503,75.75
11.993000000000002,50.3839,78.73
11.993999999999993,53.3717,81.73
11.994999999999997,56.3816,84.75
11.996000000000002,59.4967,87.78
11.996999999999993,62.5915,90.82
11.997999999999998,65.4283,93.88
11.999000000000002,68.1175,96.94
11.999999999999993,71.2961,100.0
12.000999999999998,74.2533,103.06
12.002000000000002,77.7572,106.12
12.002999999999993,80.7186,109.18
12.003999999999998,82.5502,112.22
12.005000000000003,85.9179,115.25
12.005999999999993,89.0822,118.27
12.006999999999998,92.0888,121.27
12.008000000000003,94.6483,124.25
12.008999999999993,97.0785,127.2
12.009999999999998,99.6926,130.13
12.011000000000003,102.3204,133.03
12.011999999999993,104.7216,135.89
12.012999999999998,106.8926,138.72
12.014000000000003,108.7861,141.51
12.014999999999993,110.477,144.26
12.015999999999998,112.0406,146.97
12.017000000000003,113.6244,149.63
12.017999999999994,115.3962,152.24
12.018999999999998,116.9816,154.8
12.020000000000003,117.7755,157.31
12.020999999999994,119.6542,159.76
12.021999999999998,121.1643,162.15
12.023000000000003,122.8605,164.48
12.023999999999994,124.3055,166.74
12.024999999999999,125.8562,168.94
12.026000000000003,127.5157,171.07
12.026999999999994,129.1238,173.13
12.027999999999999,130.8457,175.12
12.029000000000003,132.3062,177.04
12.029999999999994,133.5039,178.88
12.030999999999999,134.2989,180.64
12.032000000000004,135.1125,182.32
12.032999999999994,136.0384,183.92
12.033999999999999,137.147,185.44
12.035000000000004,138.3574,186.87
12.035999999999994,139.2921,188.22
12.036999999999999,140.7229,189.48
12.038000000000004,141.8152,190.65
12.038999999999994,143.0672,191.74
12.04,143.4046,192.73
12.041000000000004,144.3738,193.63
12.041999999999994,144.6226,194.44
12.043,145.6031,195.15
12.044000000000004,145.6006,195.77
12.044999999999995,146.0601,196.3
12.046,145.7067,196.73
12.047000000000004,145.5651,197.07
12.047999999999995,145.6352,197.31
12.049,146.1814,197.45
12.050000000000004,147.1968,197.5
12.050999999999995,147.7276,197.45
12.052,148.3253,197.31
12.053000000000004,149.0461,197.07
12.053999999999995,149.5204,196.73
12.055,149.9409,196.3
12.056000000000004,149.6701,195.77
12.056999999999995,149.5547,195.15
12.058,149.1181,194.44
12.05899999999999,149.3725,193.63
12.059999999999995,148.9566,192.73
12.061,149.3606,191.74
12.06199999999999,148.864,190.65
12.062999999999995,149.2139,189.48
12.064,148.5541,188.22
12.06499999999999,148.632,186.87
12.065999999999995,148.7096,185.44
12.067,148.6932,183.92
12.06799999999999,148.9234,182.32
12.068999999999996,148.7011,180.64
12.07,148.4759,178.88
12.07099999999999,148.0379,177.04
12.071999999999996,147.6391,175.12
12.073,146.8758,173.13
12.073999999999991,146.4642,171.07
12.074999999999996,145.8123,168.94
12.076,145.6099,166.74
12.076999999999991,145.2325,164.48
12.077999999999996,144.8055,162.15
12.079,144.2334,159.76
12.079999999999991,143.4414,157.31
12.080999999999996,142.5982,154.8
12.082,141.5286,152.24
12.082999999999991,140.438,149.63
12.083999999999996,139.2366,146.97
12.085,138.5466,144.26
12.085999999999991,137.3506,141.51
12.086999999999996,135.6886,138.72
12.088000000000001,134.6508,135.89
12.088999999999992,133.0684,133.03
12.089999999999996,132.0923,130.13
12.091000000000001,130.5159,127.2
12.091999999999992,129.6239,124.25
12.092999999999996,127.8603,121.27
12.094000000000001,126.2061,118.27
12.094999999999992,124.15,115.25
12.095999999999997,122.245,112.22
12.097000000000001,119.9627,109.18
12.097999999999992,117.5091,106.12
12.098999999999997,114.8846,103.06
12.100000000000001,112.3073,100.0
12.100999999999992,111.2029,96.94
12.101999999999997,108.5622,93.88
12.103000000000002,106.3706,90.82
12.103999999999992,103.58,87.78
12.104999999999997,101.2645,84.75
12.106000000000002,98.2076,81.73
12.106999999999992,96.1535,78.73
12.107999999999997,93.2279,75.75
12.109000000000002,90.563,72.8
12.109999999999992,87.1385,69.87
12.110999999999997,84.1216,66.97
12.112000000000002,80.7926,64.11
12.112999999999992,77.3968,61.28
12.113999999999997,74.2821,58.49
12.115000000000002,70.9091,55.74
12.115999999999993,68.4085,53.03
12.116999999999997,67.3115,50.37
12.118000000000002,64.7156,47.76
12.118999999999993,62.4039,45.2
12.119999999999997,60.1945,42.69
12.121000000000002,58.2027,40.24
12.121999999999993,56.3867,37.85
12.122999999999998,54.4063,35.52
12.124000000000002,52.7327,33.26
12.124999999999993,50.8912,31.06
12.125999999999998,49.1201,28.92
12.127000000000002,46.4256,26.86
12.127999999999993,43.8198,24.87
12.128999999999998,40.8791,22.96
12.130000000000003,38.2903,21.12
12.130999999999993,35.6944,19.36
12.131999999999998,33.3598,17.68
12.133000000000003,32.5529,16.08
12.133999999999993,30.7044,14.56
12.134999999999998,29.207,13.13
12.136000000000003,27.6269,11.78
12.136999999999993,26.1317,10.52
12.137999999999998,24.7229,9.35
12.139000000000003,23.3647,8.26
12.139999999999993,22.4044,7.27
12.140999999999998,21.3702,6.37
12.142000000000003,20.7974,5.56
12.142999999999994,19.8758,4.85
12.143999999999998,19.419,4.23
12.145000000000003,18.8769,3.7
12.145999999999994,18.4883,3.27
12.146999999999998,17.9613,2.93
12.148000000000003,17.3307,2.69
12.148999999999994,17.1082,2.55
12.149999999999999,16.5379,2.5
12.151000000000003,15.5509,2.55
12.151999999999994,14.8215,2.69
12.152999999999999,14.0874,2.93
12.154000000000003,13.7832,3.27
12.154999999999994,13.5181,3.7
12.155999999999999,13.223,4.23
12.157000000000004,12.9072,4.85
12.157999999999994,12.4104,5.56
12.158999999999999,12.1278,6.37
12.160000000000004,11.4636,7.27
12.160999999999994,11.2602,8.26
12.161999999999999,10.7689,9.35
12.163000000000004,10.7403,10.52
12.163999999999994,10.3926,11.78
12.165,10.5491,13.13
12.166000000000004,10.4927,14.56
12.166999999999994,10.6138,16.08
12.168,10.8077,17.68
12.169000000000004,11.1456,19.36
12.169999999999995,11.3574,21.12
12.171,11.3806,22.96
12.172000000000004,11.6495,24.87
12.172999999999995,11.7991,26.86
12.174,12.1729,28.92
12.175000000000004,12.2838,31.06
12.175999999999995,12.5219,33.26
12.177,12.6059,35.52
12.178000000000004,13.088,37.85
12.178999999999995,13.7441,40.24
12.18,15.467,42.69
12.181000000000004,17.0534,45.2
12.181999999999995,18.8245,47.76
12.183,20.9439,50.37
12.18399999999999,24.4844,53.03
12.184999999999995,27.1909,55.74
12.186,30.4606,58.49
12.18699999999999,33.5868,61.28
12.187999999999995,37.448,64.11
12.189,41.0476,66.97
12.18999999999999,45.1914,69.87
12.190999999999995,48.662,72.8
12.192,52.4075,75.75
12.19299999999999,55.4338,78.73
12.193999999999996,58.7209,81.73
12.195,62.0145,84.75
12.19599999999999,64.8428,87.78
12.196999999999996,67.5814,90.82
12.198,68.7615,93.88
12.198999999999991,71.174,96.94
12.199999999999996,73.5605,100.0
12.201,76.0494,103.06
12.201999999999991,78.5488,106.12
12.202999999999996,81.2079,109.18
12.204,84.2678,112.22
12.204999999999991,87.462,115.25
12.205999999999996,91.0006,118.27
12.207,94.7578,121.27
12.207999999999991,98.4019,124.25
12.208999999999996,101.6508,127.2
12.21,104.8315,130.13
12.210999999999991,107.4734,133.03
12.211999999999996,110.4416,135.89
12.213000000000001,112.9125,138.72
12.213999999999992,114.5084,141.51
12.214999999999996,116.6415,144.26
12.216000000000001,119.3122,146.97
12.216999999999992,121.0686,149.63
12.217999999999996,123.5202,152.24
12.219000000000001,125.1512,154.8
12.219999999999992,127.6138,157.31
12.220999999999997,129.3432,159.76
12.222000000000001,131.6462,162.15
12.222999999999992,132.9963,164.48
12.223999999999997,135.1744,166.74
12.225000000000001,136.1994,168.94
12.225999999999992,137.5607,171.07
12.226999999999997,137.766,173.13
12.228000000000002,138.8398,175.12
12.228999999999992,139.7562,177.04
12.229999999999997,140.6812,178.88
12.231000000000002,141.9275,180.64
12.231999999999992,142.7624,182.32
12.232999999999997,143.8895,183.92
12.234000000000002,145.1085,185.44
12.234999999999992,146.4471,186.87
12.235999999999997,147.6203,188.22
12.237000000000002,148.7709,189.48
12.237999999999992,150.0567,190.65
12.238999999999997,151.144,191.74
12.240000000000002,151.9717,192.73
12.240999999999993,152.311,193.63
12.241999999999997,152.5429,194.44
12.243000000000002,152.6491,195.15
12.243999999999993,152.6391,195.77
12.244999999999997,152.7877,196.3
12.246000000000002,153.1268,196.73
12.246999999999993,153.4263,197.07
12.247999999999998,153.9123,197.31
12.249000000000002,154.5886,197.45
12.249999999999993,155.3056,197.5
12.250999999999998,155.9585,197.45
12.252000000000002,156.4281,197.31
12.252999999999993,156.5388,197.07
12.253999999999998,156.8318,196.73
12.255000000000003,156.4144,196.3
12.255999999999993,156.0688,195.77
12.256999999999998,154.9354,195.15
12.258000000000003,154.3273,194.44
12.258999999999993,153.5682,193.63
12.259999999999998,153.0811,192.73
12.261000000000003,152.6496,191.74
12.261999999999993,152.7522,190.65
12.262999999999998,152.4371,189.48
12.264000000000003,152.7961,188.22
12.264999999999993,152.9577,186.87
12.265999999999998,152.7758,185.44
12.267000000000003,152.4134,183.92
12.267999999999994,151.8008,182.32
12.268999999999998,151.5487,180.64
12.270000000000003,150.9928,178.88
12.270999999999994,150.1812,177.04
12.271999999999998,149.157,175.12
12.273000000000003,147.7715,173.13
12.273999999999994,146.4771,171.07
12.274999999999999,145.6508,168.94
12.276000000000003,144.9551,166.74
12.276999999999994,144.3751,164.48
12.277999999999999,144.0009,162.15
12.279000000000003,143.7827,159.76
12.279999999999994,143.4768,157.31
12.280999999999999,143.0833,154.8
12.282000000000004,142.5615,152.24
12.282999999999994,141.8145,149.63
12.283999999999999,140.8972,146.97
12.285000000000004,139.8111,144.26
12.285999999999994,138.6932,141.51
12.286999999999999,137.3513,138.72
12.288000000000004,135.9711,135.89
12.288999999999994,134.6202,133.03
12.29,133.2148,130.13
12.291000000000004,131.3618,127.2
12.291999999999994,129.3778,124.25
12.293,127.3115,121.27
12.294000000000004,125.663,118.27
12.294999999999995,124.678,115.25
12.296,122.7212,112.22
12.297000000000004,120.7863,109.18
12.297999999999995,118.6422,106.12
12.299,116.1764,103.06
12.300000000000004,113.9375,100.0
12.300999999999995,111.3068,96.94
12.302,108.9642,93.88
12.303000000000004,106.0047,90.82
12.303999999999995,103.4626,87.78
12.305,100.4094,84.75
12.306000000000004,97.4053,81.73
12.306999999999995,94.0648,78.73
12.308,91.07,75.75
12.30899999999999,88.0868,72.8
12.309999999999995,85.3409,69.87
12.311,83.9352,66.97
12.31199999999999,81.3533,64.11
12.312999999999995,78.4777,61.28
12.314,76.1369,58.49
12.31499999999999,73.6933,55.74
12.315999999999995,71.6342,53.03
12.317,69.3157,50.37
12.31799999999999,66.9413,47.76
12.318999999999996,64.3828,45.2
12.32,62.2624,42.69
12.32099999999999,59.9926,40.24
12.321999999999996,57.8345,37.85
12.323,55.0421,35.52
12.323999999999991,52.5016,33.26
12.324999999999996,49.7523,31.06
12.326,47.4238,28.92
12.326999999999991,46.4362,26.86
12.327999999999996,44.2413,24.87
12.329,41.8578,22.96
12.329999999999991,39.4319,21.12
12.330999999999996,37.0529,19.36
12.332,35.0761,17.68
12.332999999999991,32.8508,16.08
12.333999999999996,31.0316,14.56
12.335,29.28,13.13
12.335999999999991,27.948,11.78
12.336999999999996,26.5324,10.52
12.338000000000001,24.9376,9.35
12.338999999999992,23.4262,8.26
12.339999999999996,21.9248,7.27
12.341000000000001,20.7639,6.37
12.341999999999992,19.7956,5.56
12.342999999999996,19.4818,4.85
12.344000000000001,18.9966,4.23
12.344999999999992,18.6507,3.7
12.345999999999997,18.2675,3.27
12.347000000000001,17.5534,2.93
12.347999999999992,16.8203,2.69
12.348999999999997,16.2106,2.55
12.350000000000001,15.5838,2.5
12.350999999999992,15.0732,2.55
12.351999999999997,14.4954,2.69
12.353000000000002,14.2671,2.93
12.353999999999992,13.8387,3.27
12.354999999999997,13.438,3.7
12.356000000000002,13.1966,4.23
12.356999999999992,12.8896,4.85
12.357999999999997,12.5878,5.56
12.359000000000002,12.4895,6.37
12.359999999999992,12.0277,7.27
12.360999999999997,11.55,8.26
12.362000000000002,11.0738,9.35
12.362999999999992,10.609,10.52
12.363999999999997,10.3616,11.78
12.365000000000002,10.3058,13.13
12.365999999999993,10.288,14.56
12.366999999999997,10.3353,16.08
12.368000000000002,10.5555,17.68
12.368999999999993,11.0657,19.36
12.369999999999997,11.595,21.12
12.371000000000002,12.1012,22.96
12.371999999999993,12.1201,24.87
12.372999999999998,12.0833,26.86
12.374000000000002,12.1317,28.92
12.374999999999993,12.3687,31.06
12.375999999999998,12.519,33.26
12.377000000000002,12.5923,35.52
12.377999999999993,13.2242,37.85
12.378999999999998,13.8295,40.24
12.380000000000003,15.2953,42.69
12.380999999999993,16.7108,45.2
12.381999999999998,19.1664,47.76
12.383000000000003,21.8712,50.37
12.383999999999993,25.3784,53.03
12.384999999999998,28.6253,55.74
12.386000000000003,32.4392,58.49
12.386999999999993,35.6996,61.28
12.387999999999998,39.6445,64.11
12.389000000000003,42.788,66.97
12.389999999999993,46.7183,69.87
12.390999999999998,49.7479,72.8
12.392000000000003,51.6726,75.75
12.392999999999994,54.2594,78.73
12.393999999999998,56.9334,81.73
12.395000000000003,59.2653,84.75
12.395999999999994,61.9103,87.78
12.396999999999998,64.3632,90.82
12.398000000000003,67.3898,93.88
12.398999999999994,70.4731,96.94
12.399999999999999,73.7787,100.0
12.401000000000003,76.9851,103.06
12.401999999999994,80.2275,106.12
12.402999999999999,83.2195,109.18
12.404000000000003,86.1199,112.22
12.404999999999994,89.0905,115.25
12.405999999999999,92.0625,118.27
12.407000000000004,95.1011,121.27
12.407999999999994,96.8559,124.25
12.408999999999999,99.6681,127.2
12.410000000000004,102.5822,130.13
12.410999999999994,104.8828,133.03
12.411999999999999,107.6072,135.89
12.413000000000004,110.0738,138.72
12.413999999999994,113.436,141.51
12.415,116.7269,144.26
12.416000000000004,120.0414,146.97
12.416999999999994,122.9828,149.63
12.418,125.706,152.24
12.419000000000004,127.9931,154.8
12.419999999999995,129.8473,157.31
12.421,131.0393,159.76
12.422000000000004,132.2979,162.15
12.422999999999995,133.4137,164.48
12.424,133.7721,166.74
12.425000000000004,134.8262,168.94
12.425999999999995,135.276,171.07
12.427,136.5105,173.13
12.428000000000004,137.4717,175.12
12.428999999999995,138.6198,177.04
12.43,139.4395,178.88
12.431000000000004,140.8285,180.64
12.431999999999995,141.9327,182.32
12.433,143.6854,183.92
12.43399999999999,144.8046,185.44
12.434999999999995,146.401,186.87
12.436,147.1167,188.22
12.43699999999999,148.042,189.48
12.437999999999995,148.4052,190.65
12.439,149.3822,191.74
12.43999999999999,149.3678,192.73
12.440999999999995,149.9711,193.63
12.442,150.2909,194.44
12.44299999999999,150.4791,195.15
12.443999999999996,150.5539,195.77
12.445,150.426,196.3
12.44599999999999,150.4393,196.73
12.446999999999996,150.7888,197.07
12.448,151.3287,197.31
12.448999999999991,152.0838,197.45
12.449999999999996,152.7133,197.5
12.451,153.5601,197.45
12.451999999999991,154.439,197.31
12.452999999999996,154.7868,197.07
12.454,155.1634,196.73
12.454999999999991,155.0034,196.3
12.455999999999996,155.3994,195.77
12.457,155.2863,195.15
12.457999999999991,154.492,194.44
12.458999999999996,153.5815,193.63
12.46,152.5312,192.73
12.460999999999991,151.9576,191.74
12.461999999999996,151.7789,190.65
12.463000000000001,151.7507,189.48
12.463999999999992,151.8276,188.22
12.464999999999996,152.1219,186.87
12.466000000000001,152.3023,185.44
12.466999999999992,152.5837,183.92
12.467999999999996,152.2579,182.32
12.469000000000001,152.1639,180.64
12.469999999999992,151.6841,178.88
12.470999999999997,151.1408,177.04
12.472000000000001,150.9755,175.12
12.472999999999992,150.4222,173.13
12.473999999999997,149.3103,171.07
12.475000000000001,148.5671,168.94
12.475999999999992,147.2088,166.74
12.476999999999997,146.4157,164.48
12.478000000000002,145.0813,162.15
12.478999999999992,144.3239,159.76
12.479999999999997,143.606,157.31
12.481000000000002,143.4397,154.8
12.481999999999992,142.9543,152.24
12.482999999999997,142.2894,149.63
12.484000000000002,141.2548,146.97
12.484999999999992,140.412,144.26
12.485999999999997,139.5313,141.51
12.487000000000002,138.5391,138.72
12.487999999999992,137.1073,135.89
12.488999999999997,136.424,133.03
12.490000000000002,134.8954,130.13
12.490999999999993,133.1824,127.2
12.491999999999997,131.6319,124.25
12.493000000000002,129.7816,121.27
12.493999999999993,128.0012,118.27
12.494999999999997,126.034,115.25
12.496000000000002,123.9644,112.22
12.496999999999993,121.6088,109.18
12.497999999999998,119.0989,106.12
12.499000000000002,116.6264,103.06
12.499999999999993,113.951,100.0
12.500999999999998,111.5205,96.94
12.502000000000002,108.9457,93.88
12.502999999999993,106.3292,90.82
12.503999999999998,103.603,87.78
12.505000000000003,102.5757,84.75
12.505999999999993,99.5217,81.73
12.506999999999998,97.0888,78.73
12.508000000000003,94.3217,75.75
12.508999999999993,91.6233,72.8
12.509999999999998,88.736,69.87
12.511000000000003,85.7724,66.97
12.511999999999993,83.0503,64.11
12.512999999999998,80.3013,61.28
12.514000000000003,77.147,58.49
12.514999999999993,73.9398,55.74
12.515999999999998,70.8531,53.03
12.517000000000003,68.3923,50.37
12.517999999999994,65.8426,47.76
12.518999999999998,63.2121,45.2
12.520000000000003,60.4835,42.69
12.520999999999994,59.4365,40.24
12.521999999999998,57.0018,37.85
12.523000000000003,54.7937,35.52
12.523999999999994,52.2801,33.26
12.524999999999999,50.0455,31.06
12.526000000000003,47.4921,28.92
12.526999999999994,45.4163,26.86
12.527999999999999,43.1863,24.87
12.529000000000003,41.0994,22.96
12.529999999999994,38.6382,21.12
12.530999999999999,36.2855,19.36
12.532000000000004,34.0885,17.68
12.532999999999994,32.1511,16.08
12.533999999999999,30.0459,14.56
12.535000000000004,28.4506,13.13
12.535999999999994,26.8988,11.78
12.536999999999999,26.4421,10.52
12.538000000000004,25.1638,9.35
12.538999999999994,24.0321,8.26
12.54,22.9246,7.27
12.541000000000004,21.829,6.37
12.541999999999994,20.6626,5.56
12.543,19.7237,4.85
12.544000000000004,18.7676,4.23
12.544999999999995,18.1103,3.7
12.546,17.3086,3.27
12.547000000000004,16.9322,2.93
12.547999999999995,16.2603,2.69
12.549,15.5695,2.55
12.550000000000004,14.7072,2.5
12.550999999999995,13.8981,2.55
12.552,13.6571,2.69
12.553000000000004,13.4877,2.93
12.553999999999995,13.3289,3.27
12.555,13.2259,3.7
12.556000000000004,12.9379,4.23
12.556999999999995,12.4095,4.85
12.558,11.8035,5.56
12.55899999999999,11.351,6.37
12.559999999999995,11.078,7.27
12.561,10.7183,8.26
12.56199999999999,10.4415,9.35
12.562999999999995,10.4442,10.52
12.564,10.4065,11.78
12.56499999999999,10.2304,13.13
12.565999999999995,10.1547,14.56
12.567,10.5795,16.08
12.56799999999999,11.3461,17.68
12.568999999999996,11.6809,19.36
12.57,11.9198,21.12
12.57099999999999,11.7216,22.96
12.571999999999996,11.7956,24.87
12.573,11.8316,26.86
12.573999999999991,11.8704,28.92
12.574999999999996,11.6786,31.06
12.576,11.7191,33.26
12.576999999999991,12.1631,35.52
12.577999999999996,12.8119,37.85
12.579,13.7007,40.24
12.579999999999991,14.9012,42.69
12.580999999999996,16.9464,45.2
12.582,19.568,47.76
12.582999999999991,22.6048,50.37
12.583999999999996,25.7744,53.03
12.585,29.3529,55.74
12.585999999999991,30.9913,58.49
12.586999999999996,34.8161,61.28
12.588000000000001,38.3227,64.11
12.588999999999992,42.0599,66.97
12.589999999999996,45.3736,69.87
12.591000000000001,49.1238,72.8
12.591999999999992,51.9704,75.75
12.592999999999996,55.2365,78.73
12.594000000000001,57.9791,81.73
12.594999999999992,61.1024,84.75
12.595999999999997,63.8437,87.78
12.597000000000001,66.8878,90.82
12.597999999999992,69.5024,93.88
12.598999999999997,72.6337,96.94
12.600000000000001,75.2626,100.0
12.600999999999992,78.7629,103.06
12.601999999999997,80.0185,106.12
12.603000000000002,83.3386,109.18
12.603999999999992,86.0693,112.22
12.604999999999997,89.2439,115.25
12.606000000000002,92.0602,118.27
12.606999999999992,95.0986,121.27
12.607999999999997,97.858,124.25
12.609000000000002,100.996,127.2
12.609999999999992,103.8946,130.13
12.610999999999997,107.0602,133.03
12.612000000000002,109.5908,135.89
12.612999999999992,111.9606,138.72
12.613999999999997,114.2461,141.51
12.615000000000002,117.0835,144.26
12.615999999999993,119.4669,146.97
12.616999999999997,122.491,149.63
12.618000000000002,123.6397,152.24
12.618999999999993,125.9675,154.8
12.619999999999997,128.2366,157.31
12.621000000000002,129.8913,159.76
12.621999999999993,131.5835,162.15
12.622999999999998,132.6921,164.48
12.624000000000002,134.2203,166.74
12.624999999999993,135.8265,168.94
12.625999999999998,137.5984,171.07
12.627000000000002,139.185,173.13
12.627999999999993,140.3363,175.12
12.628999999999998,141.5992,177.04
12.630000000000003,142.5784,178.88
12.630999999999993,144.0959,180.64
12.631999999999998,145.3689,182.32
12.633000000000003,146.7044,183.92
12.633999999999993,147.4761,185.44
12.634999999999998,148.3338,186.87
12.636000000000003,149.6218,188.22
12.636999999999993,150.705,189.48
12.637999999999998,151.5696,190.65
12.639000000000003,152.2265,191.74
12.639999999999993,153.2162,192.73
12.640999999999998,154.3849,193.63
12.642000000000003,155.4815,194.44
12.642999999999994,156.4794,195.15
12.643999999999998,156.7998,195.77
12.645000000000003,157.0523,196.3
12.645999999999994,157.3571,196.73
12.646999999999998,157.6932,197.07
12.648000000000003,157.8523,197.31
12.648999999999994,157.9951,197.45
12.649999999999999,158.128,197.5
12.651000000000003,158.184,197.45
12.651999999999994,158.3713,197.31
12.652999999999999,158.4563,197.07
12.654000000000003,158.7812,196.73
12.654999999999994,159.1068,196.3
12.655999999999999,159.6601,195.77
12.657000000000004,160.2963,195.15
12.657999999999994,160.9719,194.44
12.658999999999999,161.0091,193.63
12.660000000000004,161.1386,192.73
12.660999999999994,160.6753,191.74
12.661999999999999,160.5897,190.65
12.663000000000004,159.7561,189.48
12.663999999999994,159.2912,188.22
12.665,158.662,186.87
12.666000000000004,158.6322,185.44
12.666999999999994,158.285,183.92
12.668,158.1454,182.32
12.669000000000004,158.0882,180.64
12.669999999999995,157.8325,178.88
12.671,157.9419,177.04
12.672000000000004,157.7567,175.12
12.672999999999995,157.8102,173.13
12.674,157.1556,171.07
12.675000000000004,156.7613,168.94
12.675999999999995,155.6513,166.74
12.677,155.075,164.48
12.678000000000004,153.7322,162.15
12.678999999999995,152.797,159.76
12.68,151.2188,157.31
12.681000000000004,149.9927,154.8
12.681999999999995,149.3506,152.24
12.683,148.0378,149.63
12.68399999999999,146.7217,146.97
12.684999999999995,145.1761,144.26
12.686,143.5619,141.51
12.68699999999999,142.1983,138.72
12.687999999999995,140.9831,135.89
12.689,139.706,133.03
12.68999999999999,138.0553,130.13
12.690999999999995,136.3775,127.2
12.692,134.2337,124.25
12.69299999999999,132.3831,121.27
12.693999999999996,130.1257,118.27
12.695,128.0428,115.25
12.69599999999999,125.5994,112.22
12.696999999999996,123.2363,109.18
12.698,120.6708,106.12
12.698999999999991,119.6092,103.06
12.699999999999996,117.1938,100.0
12.701,114.3532,96.94
12.701999999999991,111.7173,93.88
12.702999999999996,108.7241,90.82
12.704,106.0537,87.78
12.704999999999991,102.7436,84.75
12.705999999999996,99.7088,81.73
12.707,96.2963,78.73
12.707999999999991,93.4388,75.75
12.708999999999996,90.1248,72.8
12.71,87.335,69.87
12.710999999999991,83.9975,66.97
12.711999999999996,81.6552,64.11
12.713000000000001,79.0053,61.28
12.713999999999992,77.0586,58.49
12.714999999999996,75.3263,55.74
12.716000000000001,72.8903,53.03
12.716999999999992,70.8765,50.37
12.717999999999996,68.9573,47.76
12.719000000000001,66.5917,45.2
12.719999999999992,63.8118,42.69
12.720999999999997,61.6217,40.24
12.722000000000001,59.0648,37.85
12.722999999999992,56.1309,35.52
12.723999999999997,53.2942,33.26
12.725000000000001,50.2968,31.06
12.725999999999992,47.6632,28.92
12.726999999999997,44.9399,26.86
12.728000000000002,42.4291,24.87
12.728999999999992,40.1654,22.96
12.729999999999997,38.1078,21.12
12.731000000000002,37.2256,19.36
12.731999999999992,35.4277,17.68
12.732999999999997,33.919,16.08
12.734000000000002,32.4531,14.56
12.734999999999992,31.1556,13.13
12.735999999999997,29.4544,11.78
12.737000000000002,27.918,10.52
12.737999999999992,26.0911,9.35
12.738999999999997,24.5032,8.26
12.740000000000002,23.124,7.27
12.740999999999993,21.7901,6.37
12.741999999999997,20.452,5.56
12.743000000000002,18.9523,4.85
12.743999999999993,17.6463,4.23
12.744999999999997,16.8207,3.7
12.746000000000002,16.4746,3.27
12.746999999999993,16.691,2.93
12.747999999999998,16.4056,2.69
12.749000000000002,15.8538,2.55
12.749999999999993,15.1385,2.5
12.750999999999998,14.4481,2.55
12.752000000000002,14.2131,2.69
12.752999999999993,14.1251,2.93
12.753999999999998,14.2115,3.27
12.755000000000003,14.0872,3.7
12.755999999999993,14.1448,4.23
12.756999999999998,13.7833,4.85
12.758000000000003,13.2443,5.56
12.758999999999993,12.4026,6.37
12.759999999999998,11.8297,7.27
12.761000000000003,11.3022,8.26
12.761999999999993,10.8593,9.35
12.762999999999998,10.9256,10.52
12.764000000000003,10.6825,11.78
12.764999999999993,10.7191,13.13
12.765999999999998,10.9394,14.56
12.767000000000003,11.0489,16.08
12.767999999999994,11.182,17.68
12.768999999999998,11.3957,19.36
12.770000000000003,11.6666,21.12
12.770999999999994,11.896,22.96
12.771999999999998,12.1601,24.87
12.773000000000003,12.736,26.86
12.773999999999994,13.0747,28.92
12.774999999999999,12.9619,31.06
12.776000000000003,12.6884,33.26
12.776999999999994,12.7762,35.52
12.777999999999999,13.644,37.85
12.779000000000003,14.6256,40.24
12.779999999999994,16.1789,42.69
12.780999999999999,18.5714,45.2
12.782000000000004,21.0763,47.76
12.782999999999994,23.9701,50.37
12.783999999999999,26.9704,53.03
12.785000000000004,30.3736,55.74
12.785999999999994,33.5795,58.49
12.786999999999999,37.4111,61.28
12.788000000000004,40.7067,64.11
12.788999999999994,44.2501,66.97
12.79,46.9108,69.87
12.791000000000004,49.8564,72.8
12.791999999999994,52.1922,75.75
12.793,55.1834,78.73
12.794000000000004,57.5209,81.73
12.794999999999995,60.5428,84.75
12.796,61.8309,87.78
12.797000000000004,64.2733,90.82
12.797999999999995,66.9961,93.88
12.799,69.6371,96.94
12.800000000000004,72.9528,100.0
12.800999999999995,76.069,103.06
12.802,79.938,106.12
12.803000000000004,83.2869,109.18
12.803999999999995,86.923,112.22
12.805,90.1401,115.25
12.806000000000004,93.7106,118.27
12.806999999999995,96.7141,121.27
12.808,99.6617,124.25
12.80899999999999,102.01,127.2
12.809999999999995,104.6455,130.13
12.811,107.2218,133.03
12.81199999999999,108.7,135.89
12.812999999999995,111.0555,138.72
12.814,113.8705,141.51
12.81499999999999,116.3185,144.26
12.815999999999995,119.4478,146.97
12.817,122.1579,149.63
12.81799999999999,125.4524,152.24
12.818999999999996,128.6383,154.8
12.82,131.8061,157.31
12.82099999999999,134.8626,159.76
12.821999999999996,137.2357,162.15
12.823,139.2881,164.48
12.823999999999991,140.4933,166.74
12.824999999999996,141.4658,168.94
12.826,141.8705,171.07
12.826999999999991,142.7614,173.13
12.827999999999996,143.3184,175.12
12.829,144.0334,177.04
12.829999999999991,145.176,178.88
12.830999999999996,146.234,180.64
12.832,147.5754,182.32
12.832999999999991,148.6038,183.92
12.833999999999996,150.4393,185.44
12.835,151.8543,186.87
12.835999999999991,154.0174,188.22
12.836999999999996,155.4485,189.48
12.838000000000001,157.4347,190.65
12.838999999999992,158.1767,191.74
12.839999999999996,159.2624,192.73
12.841000000000001,160.1214,193.63
12.841999999999992,161.1889,194.44
12.842999999999996,161.9944,195.15
12.844000000000001,162.5824,195.77
12.844999999999992,163.1602,196.3
12.845999999999997,163.7398,196.73
12.847000000000001,163.7576,197.07
12.847999999999992,164.3214,197.31
12.848999999999997,164.628,197.45
12.850000000000001,164.8771,197.5
12.850999999999992,165.2304,197.45
12.851999999999997,165.7274,197.31
12.853000000000002,166.6407,197.07
12.853999999999992,166.9886,196.73
12.854999999999997,167.1856,196.3
12.856000000000002,167.3162,195.77
12.856999999999992,167.5173,195.15
12.857999999999997,167.6527,194.44
12.859000000000002,167.8742,193.63
12.859999999999992,168.0193,192.73
12.860999999999997,167.9839,191.74
12.862000000000002,167.7159,190.65
12.862999999999992,167.3426,189.48
12.863999999999997,167.0986,188.22
12.865000000000002,165.7371,186.87
12.865999999999993,165.1376,185.44
12.866999999999997,164.2579,183.92
12.868000000000002,164.216,182.32
12.868999999999993,163.7184,180.64
12.869999999999997,163.3665,178.88
12.871000000000002,162.8935,177.04
12.871999999999993,162.403,175.12
12.872999999999998,161.7411,173.13
12.874000000000002,161.3117,171.07
12.874999999999993,160.721,168.94
12.875999999999998,160.6409,166.74
12.877000000000002,160.0364,164.48
12.877999999999993,158.9401,162.15
12.878999999999998,157.6303,159.76
12.880000000000003,156.1275,157.31
12.880999999999993,154.6636,154.8
12.881999999999998,153.1112,152.24
12.883000000000003,151.7895,149.63
12.883999999999993,150.1089,146.97
12.884999999999998,148.5827,144.26
12.886000000000003,147.0395,141.51
12.886999999999993,145.6664,138.72
12.887999999999998,144.1394,135.89
12.889000000000003,142.5269,133.03
12.889999999999993,140.9878,130.13
12.890999999999998,139.4657,127.2
12.892000000000003,138.6902,124.25
12.892999999999994,136.9284,121.27
12.893999999999998,134.4965,118.27
12.895000000000003,131.9773,115.25
12.895999999999994,128.8886,112.22
12.896999999999998,125.9361,109.18
12.898000000000003,123.1874,106.12
12.898999999999994,120.2526,103.06
12.899999999999999,117.6143,100.0
12.901000000000003,114.5014,96.94
12.901999999999994,112.0289,93.88
12.902999999999999,109.1836,90.82
12.904000000000003,106.4766,87.78
12.904999999999994,103.5535,84.75
12.905999999999999,100.7673,81.73
12.907000000000004,98.1209,78.73
12.907999999999994,95.5777,75.75
12.908999999999999,94.3306,72.8
12.910000000000004,91.7458,69.87
12.910999999999994,88.8575,66.97
12.911999999999999,85.9208,64.11
12.913000000000004,82.7532,61.28
12.913999999999994,79.6662,58.49
12.915,76.5863,55.74
12.916000000000004,73.3952,53.03
12.916999999999994,70.3481,50.37
12.918,67.4692,47.76
12.919000000000004,64.7739,45.2
12.919999999999995,61.7738,42.69
12.921,59.015,40.24
12.922000000000004,56.7281,37.85
12.922999999999995,54.7381,35.52
12.924,52.7572,33.26
12.925000000000004,51.9042,31.06
12.925999999999995,49.9392,28.92
12.927,47.7111,26.86
12.928000000000004,45.8117,24.87
12.928999999999995,43.5826,22.96
12.93,41.494,21.12
12.931000000000004,39.4469,19.36
12.931999999999995,37.3441,17.68
12.933,35.2869,16.08
12.93399999999999,32.999,14.56
12.934999999999995,30.6007,13.13
12.936,28.4166,11.78
12.93699999999999,26.5735,10.52
12.937999999999995,25.0208,9.35
12.939,23.6038,8.26
12.93999999999999,22.5257,7.27
12.940999999999995,22.2964,6.37
12.942,21.4105,5.56
12.94299999999999,20.3409,4.85
12.943999999999996,19.4669,4.23
12.945,18.5895,3.7
12.94599999999999,17.8454,3.27
12.946999999999996,17.0579,2.93
12.948,16.6684,2.69
12.948999999999991,16.1871,2.55
12.949999999999996,15.6304,2.5
12.951,14.6485,2.55
12.951999999999991,13.6762,2.69
12.952999999999996,13.2247,2.93
12.954,12.9053,3.27
12.954999999999991,12.8983,3.7
12.955999999999996,12.829,4.23
12.957,12.9553,4.85
12.957999999999991,13.0923,5.56
12.958999999999996,12.819,6.37
12.96,12.6517,7.27
12.960999999999991,12.3721,8.26
12.961999999999996,12.1925,9.35
12.963000000000001,12.0284,10.52
12.963999999999992,11.8906,11.78
12.964999999999996,11.8784,13.13
12.966000000000001,11.5879,14.56
12.966999999999992,11.6898,16.08
12.967999999999996,11.7061,17.68
12.969000000000001,11.9935,19.36
12.969999999999992,12.1295,21.12
12.970999999999997,12.3996,22.96
12.972000000000001,12.7556,24.87
12.972999999999992,13.0321,26.86
12.973999999999997,13.3012,28.92
12.975000000000001,13.395,31.06
12.975999999999992,13.554,33.26
12.976999999999997,13.3886,35.52
12.978000000000002,13.4068,37.85
12.978999999999992,14.2657,40.24
12.979999999999997,16.2412,42.69
12.981000000000002,18.93,45.2
12.981999999999992,21.6547,47.76
12.982999999999997,24.5888,50.37
12.984000000000002,27.5952,53.03
12.984999999999992,30.6419,55.74
12.985999999999997,34.0277,58.49
12.987000000000002,37.3506,61.28
12.987999999999992,41.0562,64.11
12.988999999999997,42.8254,66.97
12.990000000000002,45.97,69.87
12.990999999999993,49.3209,72.8
12.991999999999997,52.4846,75.75
12.993000000000002,55.317,78.73
12.993999999999993,58.291,81.73
12.994999999999997,60.6346,84.75
12.996000000000002,63.389,87.78
12.996999999999993,65.7051,90.82
12.997999999999998,69.133,93.88
12.999000000000002,72.0291,96.94
12.999999999999993,75.3635,100.0
13.000999999999998,78.0751,103.06
13.002000000000002,81.0274,106.12
13.002999999999993,83.6761,109.18
13.003999999999998,86.9245,112.22
13.005000000000003,89.7414,115.25
13.005999999999993,91.6033,118.27
13.006999999999998,94.2322,121.27
13.008000000000003,97.3715,124.25
13.008999999999993,99.9818,127.2
13.009999999999998,103.103,130.13
13.011000000000003,105.5896,133.03
13.011999999999993,108.9185,135.89
13.012999999999998,111.831,138.72
13.014000000000003,115.6407,141.51
13.014999999999993,118.7039,144.26
13.015999999999998,122.235,146.97
13.017000000000003,124.7642,149.63
13.017999999999994,127.8169,152.24
13.018999999999998,130.0109,154.8
13.020000000000003,132.911,157.31
13.020999999999994,134.9064,159.76
13.021999999999998,136.166,162.15
13.023000000000003,137.9845,164.48
13.023999999999994,139.8172,166.74
13.024999999999999,141.4879,168.94
13.026000000000003,142.7425,171.07
13.026999999999994,144.2392,173.13
13.027999999999999,145.8284,175.12
13.029000000000003,147.9203,177.04
13.029999999999994,149.5292,178.88
13.030999999999999,151.4899,180.64
13.032000000000004,153.0755,182.32
13.032999999999994,154.7798,183.92
13.033999999999999,155.6914,185.44
13.035000000000004,156.8207,186.87
13.035999999999994,157.7955,188.22
13.036999999999999,158.9603,189.48
13.038000000000004,159.5637,190.65
13.038999999999994,160.6112,191.74
13.04,161.1011,192.73
13.041000000000004,161.9677,193.63
13.041999999999994,162.79,194.44
13.043,163.787,195.15
13.044000000000004,164.5631,195.77
13.044999999999995,165.3882,196.3
13.046,166.1926,196.73
13.047000000000004,167.2418,197.07
13.047999999999995,167.8578,197.31
13.049,168.6559,197.45
13.050000000000004,168.9748,197.5
13.050999999999995,169.397,197.45
13.052,169.5812,197.31
13.053000000000004,169.9912,197.07
13.053999999999995,170.3532,196.73
13.055,170.5385,196.3
13.056000000000004,170.8384,195.77
13.056999999999995,170.7319,195.15
13.058,170.7896,194.44
13.05899999999999,170.1079,193.63
13.059999999999995,170.0563,192.73
13.061,169.2878,191.74
13.06199999999999,169.7162,190.65
13.062999999999995,169.0367,189.48
13.064,169.1942,188.22
13.06499999999999,168.4023,186.87
13.065999999999995,168.4137,185.44
13.067,167.9639,183.92
13.06799999999999,167.5846,182.32
13.068999999999996,167.0715,180.64
13.07,167.2594,178.88
13.07099999999999,167.091,177.04
13.071999999999996,166.4326,175.12
13.073,165.8281,173.13
13.073999999999991,164.503,171.07
13.074999999999996,163.4994,168.94
13.076,162.0806,166.74
13.076999999999991,161.0692,164.48
13.077999999999996,159.5662,162.15
13.079,158.5785,159.76
13.079999999999991,157.1379,157.31
13.080999999999996,156.0492,154.8
13.082,154.251,152.24
13.082999999999991,153.0208,149.63
13.083999999999996,151.7512,146.97
13.085,150.6813,144.26
13.085999999999991,150.0492,141.51
13.086999999999996,148.6049,138.72
13.088000000000001,146.9471,135.89
13.088999999999992,145.3238,133.03
13.089999999999996,143.2885,130.13
13.091000000000001,140.8373,127.2
13.091999999999992,138.1714,124.25
13.092999999999996,135.6561,121.27
13.094000000000001,132.8311,118.27
13.094999999999992,130.351,115.25
13.095999999999997,127.6174,112.22
13.097000000000001,125.3295,109.18
13.097999999999992,122.6038,106.12
13.098999999999997,119.8964,103.06
13.100000000000001,116.9595,100.0
13.100999999999992,114.4889,96.94
13.101999999999997,113.3183,93.88
13.103000000000002,111.3316,90.82
13.103999999999992,109.0239,87.78
13.104999999999997,106.7567,84.75
13.106000000000002,104.3113,81.73
13.106999999999992,101.509,78.73
13.107999999999997,98.4953,75.75
13.109000000000002,95.068,72.8
13.109999999999992,91.7032,69.87
13.110999999999997,88.2337,66.97
13.112000000000002,84.8756,64.11
13.112999999999992,81.5149,61.28
13.113999999999997,78.4714,58.49
13.115000000000002,75.0854,55.74
13.115999999999993,72.1352,53.03
13.116999999999997,69.3018,50.37
13.118000000000002,67.1077,47.76
13.118999999999993,66.1676,45.2
13.119999999999997,64.1119,42.69
13.121000000000002,61.9744,40.24
13.121999999999993,59.8728,37.85
13.122999999999998,57.5304,35.52
13.124000000000002,55.245,33.26
13.124999999999993,52.8966,31.06
13.125999999999998,50.5316,28.92
13.127000000000002,48.2735,26.86
13.127999999999993,45.7629,24.87
13.128999999999998,43.4074,22.96
13.130000000000003,40.882,21.12
13.130999999999993,38.6137,19.36
13.131999999999998,36.4119,17.68
13.133000000000003,34.5043,16.08
13.133999999999993,32.9108,14.56
13.134999999999998,32.3266,13.13
13.136000000000003,30.9855,11.78
13.136999999999993,29.3435,10.52
13.137999999999998,27.8949,9.35
13.139000000000003,26.2728,8.26
13.139999999999993,25.1468,7.27
13.140999999999998,23.869,6.37
13.142000000000003,22.3652,5.56
13.142999999999994,21.104,4.85
13.143999999999998,20.0322,4.23
13.145000000000003,18.9156,3.7
13.145999999999994,17.8113,3.27
13.146999999999998,16.7775,2.93
13.148000000000003,16.1555,2.69
13.148999999999994,15.3249,2.55
13.149999999999999,15.0297,2.5
13.151000000000003,15.017,2.55
13.151999999999994,14.8407,2.69
13.152999999999999,14.7786,2.93
13.154000000000003,14.4987,3.27
13.154999999999994,14.358,3.7
13.155999999999999,13.8225,4.23
13.157000000000004,13.3438,4.85
13.157999999999994,12.7759,5.56
13.158999999999999,12.4138,6.37
13.160000000000004,12.1178,7.27
13.160999999999994,11.8826,8.26
13.161999999999999,11.3373,9.35
13.163000000000004,11.0465,10.52
13.163999999999994,10.6414,11.78
13.165,10.6225,13.13
13.166000000000004,10.7444,14.56
13.166999999999994,11.079,16.08
13.168,11.4717,17.68
13.169000000000004,11.7817,19.36
13.169999999999995,12.0963,21.12
13.171,12.2297,22.96
13.172000000000004,12.2076,24.87
13.172999999999995,12.2826,26.86
13.174,12.1756,28.92
13.175000000000004,12.5414,31.06
13.175999999999995,12.9509,33.26
13.177,13.6851,35.52
13.178000000000004,14.4257,37.85
13.178999999999995,15.7255,40.24
13.18,17.65,42.69
13.181000000000004,20.2005,45.2
13.181999999999995,23.2345,47.76
13.183,24.8256,50.37
13.18399999999999,28.1233,53.03
13.184999999999995,31.2577,55.74
13.186,34.1492,58.49
13.18699999999999,37.184,61.28
13.187999999999995,40.0936,64.11
13.189,43.2862,66.97
13.18999999999999,46.4312,69.87
13.190999999999995,49.5643,72.8
13.192,52.7868,75.75
13.19299999999999,55.4492,78.73
13.193999999999996,58.4919,81.73
13.195,60.9572,84.75
13.19599999999999,64.0549,87.78
13.196999999999996,66.6467,90.82
13.198,69.713,93.88
13.198999999999991,71.1523,96.94
13.199999999999996,73.9595,100.0
13.201,76.6275,103.06
13.201999999999991,79.3556,106.12
13.202999999999996,81.6836,109.18
13.204,84.6714,112.22
13.204999999999991,87.409,115.25
13.205999999999996,91.115,118.27
13.207,93.9515,121.27
13.207999999999991,97.9989,124.25
13.208999999999996,100.9926,127.2
13.21,104.8855,130.13
13.210999999999991,107.4176,133.03
13.211999999999996,110.7048,135.89
13.213000000000001,113.1899,138.72
13.213999999999992,116.4,141.51
13.214999999999996,119.0151,144.26
13.216000000000001,120.8836,146.97
13.216999999999992,122.9911,149.63
13.217999999999996,125.6035,152.24
13.219000000000001,127.1503,154.8
13.219999999999992,129.6311,157.31
13.220999999999997,131.2605,159.76
13.222000000000001,133.9756,162.15
13.222999999999992,136.1622,164.48
13.223999999999997,139.2024,166.74
13.225000000000001,141.4029,168.94
13.225999999999992,144.0995,171.07
13.226999999999997,146.1055,173.13
13.228000000000002,148.3962,175.12
13.228999999999992,149.8554,177.04
13.229999999999997,151.6893,178.88
13.231000000000002,152.4494,180.64
13.231999999999992,153.223,182.32
13.232999999999997,154.3127,183.92
13.234000000000002,155.4755,185.44
13.234999999999992,156.3619,186.87
13.235999999999997,157.5155,188.22
13.237000000000002,158.5381,189.48
13.237999999999992,160.1237,190.65
13.238999999999997,161.4124,191.74
13.240000000000002,163.129,192.73
13.240999999999993,164.6615,193.63
13.241999999999997,166.0393,194.44
13.243000000000002,167.0108,195.15
13.243999999999993,167.6214,195.77
13.244999999999997,168.2375,196.3
13.246000000000002,168.4771,196.73
13.246999999999993,169.0169,197.07
13.247999999999998,168.9987,197.31
13.249000000000002,169.5985,197.45
13.249999999999993,170.1369,197.5
13.250999999999998,170.858,197.45
13.252000000000002,170.737,197.31
13.252999999999993,171.3023,197.07
13.253999999999998,171.7698,196.73
13.255000000000003,172.7385,196.3
13.255999999999993,173.0286,195.77
13.256999999999998,173.4195,195.15
13.258000000000003,173.3542,194.44
13.258999999999993,173.2716,193.63
13.259999999999998,172.5617,192.73
13.261000000000003,171.988,191.74
13.261999999999993,170.9423,190.65
13.262999999999998,170.5482,189.48
13.264000000000003,170.1503,188.22
13.264999999999993,169.9328,186.87
13.265999999999998,168.997,185.44
13.267000000000003,168.7312,183.92
13.267999999999994,168.21,182.32
13.268999999999998,168.3258,180.64
13.270000000000003,167.8056,178.88
13.270999999999994,167.9147,177.04
13.271999999999998,167.4712,175.12
13.273000000000003,167.3218,173.13
13.273999999999994,166.2021,171.07
13.274999999999999,165.0922,168.94
13.276000000000003,163.6418,166.74
13.276999999999994,161.9476,164.48
13.277999999999999,160.3474,162.15
13.279000000000003,158.6741,159.76
13.279999999999994,158.2743,157.31
13.280999999999999,156.9844,154.8
13.282000000000004,155.4845,152.24
13.282999999999994,154.1229,149.63
13.283999999999999,152.9882,146.97
13.285000000000004,151.8239,144.26
13.285999999999994,150.6294,141.51
13.286999999999999,149.5196,138.72
13.288000000000004,148.1436,135.89
13.288999999999994,146.5524,133.03
13.29,144.4454,130.13
13.291000000000004,142.2819,127.2
13.291999999999994,139.9578,124.25
13.293,137.263,121.27
13.294000000000004,134.5625,118.27
13.294999999999995,131.7927,115.25
13.296,130.4828,112.22
13.297000000000004,127.9758,109.18
13.297999999999995,125.2801,106.12
13.299,122.8,103.06
13.300000000000004,119.9251,100.0
13.300999999999995,117.3526,96.94
13.302,114.5079,93.88
13.303000000000004,112.0102,90.82
13.303999999999995,109.1515,87.78
13.305,106.316,84.75
13.306000000000004,103.4476,81.73
13.306999999999995,100.0341,78.73
13.308,96.9611,75.75
13.30899999999999,93.2436,72.8
13.309999999999995,90.1434,69.87
13.311,86.6744,66.97
13.31199999999999,85.4362,64.11
13.312999999999995,82.4909,61.28
13.314,79.5136,58.49
13.31499999999999,76.6886,55.74
13.315999999999995,73.5878,53.03
13.317,70.7972,50.37
13.31799999999999,68.2853,47.76
13.318999999999996,66.1355,45.2
13.32,63.9607,42.69
13.32099999999999,61.7877,40.24
13.321999999999996,59.1644,37.85
13.323,56.3479,35.52
13.323999999999991,53.8357,33.26
13.324999999999996,51.6872,31.06
13.326,49.6663,28.92
13.326999999999991,47.3341,26.86
13.327999999999996,44.972,24.87
13.329,43.885,22.96
13.329999999999991,41.5195,21.12
13.330999999999996,39.3386,19.36
13.332,37.4758,17.68
13.332999999999991,35.5696,16.08
13.333999999999996,33.7479,14.56
13.335,32.1037,13.13
13.335999999999991,30.4142,11.78
13.336999999999996,28.8443,10.52
13.338000000000001,27.0988,9.35
13.338999999999992,25.7185,8.26
13.339999999999996,23.9249,7.27
13.341000000000001,22.3682,6.37
13.341999999999992,20.7727,5.56
13.342999999999996,19.7755,4.85
13.344000000000001,18.588,4.23
13.344999999999992,18.2367,3.7
13.345999999999997,17.6369,3.27
13.347000000000001,16.9852,2.93
13.347999999999992,16.1773,2.69
13.348999999999997,15.453,2.55
13.350000000000001,14.9655,2.5
13.350999999999992,14.8099,2.55
13.351999999999997,14.6128,2.69
13.353000000000002,14.498,2.93
13.353999999999992,14.4933,3.27
13.354999999999997,14.3899,3.7
13.356000000000002,14.0444,4.23
13.356999999999992,13.8198,4.85
13.357999999999997,13.3879,5.56
13.359000000000002,12.9259,6.37
13.359999999999992,12.1002,7.27
13.360999999999997,12.0464,8.26
13.362000000000002,11.7465,9.35
13.362999999999992,11.6082,10.52
13.363999999999997,11.7012,11.78
13.365000000000002,11.5736,13.13
13.365999999999993,11.8494,14.56
13.366999999999997,12.0218,16.08
13.368000000000002,12.4413,17.68
13.368999999999993,12.7902,19.36
13.369999999999997,12.7807,21.12
13.371000000000002,12.913,22.96
13.371999999999993,12.7825,24.87
13.372999999999998,13.062,26.86
13.374000000000002,13.0716,28.92
13.374999999999993,13.0632,31.06
13.375999999999998,13.1909,33.26
13.377000000000002,13.634,35.52
13.377999999999993,14.1908,37.85
13.378999999999998,15.5289,40.24
13.380000000000003,17.1615,42.69
13.380999999999993,19.2742,45.2
13.381999999999998,21.5505,47.76
13.383000000000003,24.3562,50.37
13.383999999999993,27.335,53.03
13.384999999999998,30.6546,55.74
13.386000000000003,34.0935,58.49
13.386999999999993,37.5571,61.28
13.387999999999998,40.9032,64.11
13.389000000000003,44.1684,66.97
13.389999999999993,47.0005,69.87
13.390999999999998,50.1984,72.8
13.392000000000003,52.7132,75.75
13.392999999999994,54.6215,78.73
13.393999999999998,57.3413,81.73
13.395000000000003,60.2742,84.75
13.395999999999994,62.9139,87.78
13.396999999999998,65.6757,90.82
13.398000000000003,68.1283,93.88
13.398999999999994,71.0555,96.94
13.399999999999999,73.6477,100.0
13.401000000000003,77.0456,103.06
13.401999999999994,80.1467,106.12
13.402999999999999,83.8305,109.18
13.404000000000003,86.8179,112.22
13.404999999999994,89.9555,115.25
13.405999999999999,92.304,118.27
13.407000000000004,95.5317,121.27
13.407999999999994,98.2601,124.25
13.408999999999999,100.21,127.2
13.410000000000004,103.5096,130.13
13.410999999999994,106.365,133.03
13.411999999999999,109.0626,135.89
13.413000000000004,111.5527,138.72
13.413999999999994,114.3073,141.51
13.415,117.3745,144.26
13.416000000000004,120.1638,146.97
13.416999999999994,123.2931,149.63
13.418,125.9787,152.24
13.419000000000004,129.2094,154.8
13.419999999999995,131.4688,157.31
13.421,134.1834,159.76
13.422000000000004,135.7863,162.15
13.422999999999995,138.5283,164.48
13.424,139.929,166.74
13.425000000000004,142.2252,168.94
13.425999999999995,142.7018,171.07
13.427,144.5274,173.13
13.428000000000004,145.7154,175.12
13.428999999999995,147.06,177.04
13.43,148.0318,178.88
13.431000000000004,149.9752,180.64
13.431999999999995,151.2045,182.32
13.433,153.3744,183.92
13.43399999999999,154.6502,185.44
13.434999999999995,156.879,186.87
13.436,158.2197,188.22
13.43699999999999,160.0965,189.48
13.437999999999995,161.4471,190.65
13.439,162.4731,191.74
13.43999999999999,163.3409,192.73
13.440999999999995,163.9154,193.63
13.442,164.5797,194.44
13.44299999999999,165.0798,195.15
13.443999999999996,165.7037,195.77
13.445,165.6594,196.3
13.44599999999999,166.089,196.73
13.446999999999996,166.1365,197.07
13.448,166.6863,197.31
13.448999999999991,166.9783,197.45
13.449999999999996,167.9963,197.5
13.451,168.7204,197.45
13.451999999999991,169.5739,197.31
13.452999999999996,169.511,197.07
13.454,169.864,196.73
13.454999999999991,169.7449,196.3
13.455999999999996,170.0149,195.77
13.457,169.5567,195.15
13.457999999999991,169.6386,194.44
13.458999999999996,168.9494,193.63
13.46,168.3082,192.73
13.460999999999991,167.538,191.74
13.461999999999996,166.8373,190.65
13.463000000000001,165.9323,189.48
13.463999999999992,165.3903,188.22
13.464999999999996,164.9996,186.87
13.466000000000001,164.8857,185.44
13.466999999999992,164.5365,183.92
13.467999999999996,164.3096,182.32
13.469000000000001,163.9883,180.64
13.469999999999992,163.5181,178.88
13.470999999999997,162.8292,177.04
13.472000000000001,162.2892,175.12
13.472999999999992,161.7137,173.13
13.473999999999997,161.5496,171.07
13.475000000000001,160.5172,168.94
13.475999999999992,159.5515,166.74
13.476999999999997,158.5307,164.48
13.478000000000002,157.3807,162.15
13.478999999999992,155.9871,159.76
13.479999999999997,154.5486,157.31
13.481000000000002,153.2124,154.8
13.481999999999992,152.1607,152.24
13.482999999999997,151.015,149.63
13.484000000000002,150.0048,146.97
13.484999999999992,148.8359,144.26
13.485999999999997,147.4001,141.51
13.487000000000002,145.8047,138.72
13.487999999999992,144.0782,135.89
13.488999999999997,142.5869,133.03
13.490000000000002,141.7755,130.13
13.490999999999993,140.1248,127.2
13.491999999999997,138.2233,124.25
13.493000000000002,136.2435,121.27
13.493999999999993,133.9079,118.27
13.494999999999997,131.5172,115.25
13.496000000000002,128.9283,112.22
13.496999999999993,126.4195,109.18
13.497999999999998,123.4293,106.12
13.499000000000002,120.6455,103.06
13.499999999999993,117.6916,100.0
13.500999999999998,115.143,96.94
13.502000000000002,112.1492,93.88
13.502999999999993,109.3247,90.82
13.503999999999998,106.3717,87.78
13.505000000000003,103.9706,84.75
13.505999999999993,102.8434,81.73
13.506999999999998,100.4366,78.73
13.508000000000003,97.8715,75.75
13.508999999999993,95.3516,72.8
13.509999999999998,92.488,69.87
13.511000000000003,89.6889,66.97
13.511999999999993,86.8322,64.11
13.512999999999998,83.8324,61.28
13.514000000000003,80.6521,58.49
13.514999999999993,77.0829,55.74
13.515999999999998,74.0005,53.03
13.517000000000003,70.7286,50.37
13.517999999999994,67.6076,47.76
13.518999999999998,64.4098,45.2
13.520000000000003,61.7954,42.69
13.520999999999994,59.4364,40.24
13.521999999999998,57.3131,37.85
13.523000000000003,56.3091,35.52
13.523999999999994,54.5239,33.26
13.524999999999999,52.6077,31.06
13.526000000000003,50.7021,28.92
13.526999999999994,48.7533,26.86
13.527999999999999,46.7064,24.87
13.529000000000003,44.4887,22.96
13.529999999999994,42.3678,21.12
13.530999999999999,40.4529,19.36
13.532000000000004,38.3022,17.68
13.532999999999994,35.9928,16.08
13.533999999999999,33.586,14.56
13.535000000000004,31.4046,13.13
13.535999999999994,29.4177,11.78
13.536999999999999,27.6296,10.52
13.538000000000004,26.1044,9.35
13.538999999999994,25.5258,8.26
13.54,24.4767,7.27
13.541000000000004,23.2215,6.37
13.541999999999994,22.3161,5.56
13.543,21.0324,4.85
13.544000000000004,20.0475,4.23
13.544999999999995,18.9664,3.7
13.546,18.315,3.27
13.547000000000004,17.6068,2.93
13.547999999999995,16.8754,2.69
13.549,16.16,2.55
13.550000000000004,15.5681,2.5
13.550999999999995,15.1014,2.55
13.552,14.4727,2.69
13.553000000000004,14.266,2.93
13.553999999999995,13.9246,3.27
13.555,13.9225,3.7
13.556000000000004,13.756,4.23
13.556999999999995,13.5031,4.85
13.558,13.1092,5.56
13.55899999999999,12.4539,6.37
13.559999999999995,11.8327,7.27
13.561,11.4707,8.26
13.56199999999999,11.3334,9.35
13.562999999999995,11.2771,10.52
13.564,11.1693,11.78
13.56499999999999,11.2484,13.13
13.565999999999995,11.2667,14.56
13.567,11.3967,16.08
13.56799999999999,11.3634,17.68
13.568999999999996,11.5886,19.36
13.57,12.0423,21.12
13.57099999999999,12.5594,22.96
13.571999999999996,12.8954,24.87
13.573,13.1109,26.86
13.573999999999991,13.3071,28.92
13.574999999999996,13.3546,31.06
13.576,13.3129,33.26
13.576999999999991,13.4815,35.52
13.577999999999996,14.5208,37.85
13.579,16.4459,40.24
13.579999999999991,18.3027,42.69
13.580999999999996,20.8191,45.2
13.582,22.848,47.76
13.582999999999991,25.6677,50.37
13.583999999999996,28.1679,53.03
13.585,31.4769,55.74
13.585999999999991,34.4559,58.49
13.586999999999996,36.1878,61.28
13.588000000000001,39.5746,64.11
13.588999999999992,42.0712,66.97
13.589999999999996,45.2854,69.87
13.591000000000001,47.9992,72.8
13.591999999999992,50.9398,75.75
13.592999999999996,53.7743,78.73
13.594000000000001,56.6597,81.73
13.594999999999992,59.6769,84.75
13.595999999999997,62.8728,87.78
13.597000000000001,65.8539,90.82
13.597999999999992,68.5954,93.88
13.598999999999997,71.0509,96.94
13.600000000000001,73.5127,100.0
13.600999999999992,76.5577,103.06
13.601999999999997,79.5324,106.12
13.603000000000002,81.3356,109.18
13.603999999999992,84.6579,112.22
13.604999999999997,87.7343,115.25
13.606000000000002,90.8758,118.27
13.606999999999992,94.019,121.27
13.607999999999997,97.0396,124.25
13.609000000000002,100.2421,127.2
13.609999999999992,103.2211,130.13
13.610999999999997,106.5172,133.03
13.612000000000002,109.6863,135.89
13.612999999999992,112.7778,138.72
13.613999999999997,115.6852,141.51
13.615000000000002,117.9829,144.26
13.615999999999993,120.3196,146.97
13.616999999999997,122.342,149.63
13.618000000000002,124.8023,152.24
13.618999999999993,126.154,154.8
13.619999999999997,128.1869,157.31
13.621000000000002,130.3179,159.76
13.621999999999993,132.2819,162.15
13.622999999999998,134.3442,164.48
13.624000000000002,136.1796,166.74
13.624999999999993,138.2419,168.94
13.625999999999998,140.233,171.07
13.627000000000002,142.6096,173.13
13.627999999999993,144.1954,175.12
13.628999999999998,145.9322,177.04
13.630000000000003,147.1956,178.88
13.630999999999993,148.5297,180.64
13.631999999999998,149.7063,182.32
13.633000000000003,150.861,183.92
13.633999999999993,152.0231,185.44
13.634999999999998,153.1542,186.87
13.636000000000003,153.8673,188.22
13.636999999999993,155.0649,189.48
13.637999999999998,156.1747,190.65
13.639000000000003,157.119,191.74
13.639999999999993,158.0369,192.73
13.640999999999998,158.652,193.63
13.642000000000003,159.6345,194.44
13.642999999999994,160.3465,195.15
13.643999999999998,161.2173,195.77
13.645000000000003,161.7713,196.3
13.645999999999994,162.4553,196.73
13.646999999999998,162.653,197.07
13.648000000000003,162.9666,197.31
13.648999999999994,163.0828,197.45
13.649999999999999,163.4421,197.5
13.651000000000003,163.4566,197.45
13.651999999999994,163.4144,197.31
13.652999999999999,163.3363,197.07
13.654000000000003,163.3252,196.73
13.654999999999994,162.8301,196.3
13.655999999999999,162.567,195.77
13.657000000000004,162.0918,195.15
13.657999999999994,162.177,194.44
13.658999999999999,161.8044,193.63
13.660000000000004,161.4118,192.73
13.660999999999994,161.0445,191.74
13.661999999999999,160.589,190.65
13.663000000000004,160.5131,189.48
13.663999999999994,160.0685,188.22
13.665,159.6796,186.87
13.666000000000004,159.2074,185.44
13.666999999999994,158.839,183.92
13.668,158.8984,182.32
13.669000000000004,158.5235,180.64
13.669999999999995,157.6797,178.88
13.671,156.7812,177.04
13.672000000000004,155.5687,175.12
13.672999999999995,154.4718,173.13
13.674,153.3464,171.07
13.675000000000004,152.2297,168.94
13.675999999999995,151.1851,166.74
13.677,150.1303,164.48
13.678000000000004,149.4739,162.15
13.678999999999995,148.2863,159.76
13.68,147.3551,157.31
13.681000000000004,146.1423,154.8
13.681999999999995,145.9283,152.24
13.683,144.951,149.63
13.68399999999999,144.6898,146.97
13.684999999999995,143.3402,144.26
13.686,141.8361,141.51
13.68699999999999,140.3574,138.72
13.687999999999995,139.0888,135.89
13.689,137.6315,133.03
13.68999999999999,136.0814,130.13
13.690999999999995,134.3377,127.2
13.692,132.8265,124.25
13.69299999999999,131.439,121.27
13.693999999999996,129.9989,118.27
13.695,128.4221,115.25
13.69599999999999,126.6333,112.22
13.696999999999996,124.3383,109.18
13.698,121.9159,106.12
13.698999999999991,119.701,103.06
13.699999999999996,118.8612,100.0
13.701,116.3825,96.94
13.701999999999991,113.8611,93.88
13.702999999999996,110.8969,90.82
13.704,108.1288,87.78
13.704999999999991,105.1879,84.75
13.705999999999996,102.2722,81.73
13.707,99.1498,78.73
13.707999999999991,96.2221,75.75
13.708999999999996,93.4692,72.8
13.71,90.6637,69.87
13.710999999999991,87.836,66.97
13.711999999999996,84.852,64.11
13.713000000000001,82.2236,61.28
13.713999999999992,79.5306,58.49
13.714999999999996,77.2791,55.74
13.716000000000001,75.5039,53.03
13.716999999999992,73.3741,50.37
13.717999999999996,70.32,47.76
13.719000000000001,67.9056,45.2
13.719999999999992,64.4428,42.69
13.720999999999997,61.5616,40.24
13.722000000000001,58.9126,37.85
13.722999999999992,56.4424,35.52
13.723999999999997,53.8864,33.26
13.725000000000001,51.3135,31.06
13.725999999999992,48.8579,28.92
13.726999999999997,46.9449,26.86
13.728000000000002,44.8781,24.87
13.728999999999992,43.0343,22.96
13.729999999999997,41.3016,21.12
13.731000000000002,39.7155,19.36
13.731999999999992,38.3196,17.68
13.732999999999997,37.582,16.08
13.734000000000002,36.1518,14.56
13.734999999999992,34.3508,13.13
13.735999999999997,32.7527,11.78
13.737000000000002,30.8199,10.52
13.737999999999992,29.0305,9.35
13.738999999999997,27.0234,8.26
13.740000000000002,25.224,7.27
13.740999999999993,23.6423,6.37
13.741999999999997,22.2511,5.56
13.743000000000002,20.7659,4.85
13.743999999999993,19.4377,4.23
13.744999999999997,18.1185,3.7
13.746000000000002,17.3314,3.27
13.746999999999993,16.8296,2.93
13.747999999999998,16.7477,2.69
13.749000000000002,16.8392,2.55
13.749999999999993,16.8083,2.5
13.750999999999998,16.4892,2.55
13.752000000000002,16.3276,2.69
13.752999999999993,15.632,2.93
13.753999999999998,15.1637,3.27
13.755000000000003,14.3038,3.7
13.755999999999993,13.7173,4.23
13.756999999999998,12.9502,4.85
13.758000000000003,12.6822,5.56
13.758999999999993,12.004,6.37
13.759999999999998,11.5904,7.27
13.761000000000003,11.0848,8.26
13.761999999999993,10.7203,9.35
13.762999999999998,10.6079,10.52
13.764000000000003,10.5526,11.78
13.764999999999993,10.9122,13.13
13.765999999999998,11.2496,14.56
13.767000000000003,11.433,16.08
13.767999999999994,11.7692,17.68
13.768999999999998,11.8057,19.36
13.770000000000003,12.0873,21.12
13.770999999999994,12.1493,22.96
13.771999999999998,12.601,24.87
13.773000000000003,12.8131,26.86
13.773999999999994,13.3945,28.92
13.774999999999999,13.7573,31.06
13.776000000000003,14.1592,33.26
13.776999999999994,14.6586,35.52
13.777999999999999,15.4497,37.85
13.779000000000003,16.7408,40.24
13.779999999999994,18.4972,42.69
13.780999999999999,19.8049,45.2
13.782000000000004,22.1309,47.76
13.782999999999994,24.6948,50.37
13.783999999999999,27.3689,53.03
13.785000000000004,30.0951,55.74
13.785999999999994,32.9451,58.49
13.786999999999999,35.8754,61.28
13.788000000000004,38.7415,64.11
13.788999999999994,41.7078,66.97
13.79,44.7798,69.87
13.791000000000004,47.7723,72.8
13.791999999999994,50.6484,75.75
13.793,53.3362,78.73
13.794000000000004,56.1073,81.73
13.794999999999995,58.6542,84.75
13.796,61.3014,87.78
13.797000000000004,62.72,90.82
13.797999999999995,65.5531,93.88
13.799,67.9842,96.94
13.800000000000004,70.8189,100.0
13.800999999999995,73.2508,103.06
13.802,76.0666,106.12
13.803000000000004,78.8503,109.18
13.803999999999995,82.2305,112.22
13.805,85.3141,115.25
13.806000000000004,88.8124,118.27
13.806999999999995,92.028,121.27
13.808,95.389,124.25
13.80899999999999,98.146,127.2
13.809999999999995,100.8217,130.13
13.811,103.5744,133.03
13.81199999999999,106.4796,135.89
13.812999999999995,108.1421,138.72
13.814,110.8778,141.51
13.81499999999999,113.4676,144.26
13.815999999999995,115.7865,146.97
13.817,117.8434,149.63
13.81799999999999,119.7851,152.24
13.818999999999996,121.9599,154.8
13.82,124.2494,157.31
13.82099999999999,126.2742,159.76
13.821999999999996,128.2192,162.15
13.823,129.627,164.48
13.823999999999991,131.688,166.74
13.824999999999996,133.4478,168.94
13.826,135.5057,171.07
13.826999999999991,136.8791,173.13
13.827999999999996,138.5806,175.12
13.829,139.467,177.04
13.829999999999991,140.8537,178.88
13.830999999999996,142.064,180.64
13.832,143.0504,182.32
13.832999999999991,143.7988,183.92
13.833999999999996,144.791,185.44
13.835,145.6723,186.87
13.835999999999991,146.8812,188.22
13.836999999999996,147.6091,189.48
13.838000000000001,148.4403,190.65
13.838999999999992,149.2934,191.74
13.839999999999996,149.7979,192.73
13.841000000000001,150.4371,193.63
13.841999999999992,150.7006,194.44
13.842999999999996,151.1429,195.15
13.844000000000001,151.6606,195.77
13.844999999999992,152.2596,196.3
13.845999999999997,152.6981,196.73
13.847000000000001,153.4848,197.07
13.847999999999992,153.231,197.31
13.848999999999997,153.4382,197.45
13.850000000000001,152.9518,197.5
13.850999999999992,152.7784,197.45
13.851999999999997,152.1484,197.31
13.853000000000002,151.6626,197.07
13.853999999999992,151.5594,196.73
13.854999999999997,151.28,196.3
13.856000000000002,151.0814,195.77
13.856999999999992,150.7436,195.15
13.857999999999997,150.4988,194.44
13.859000000000002,150.6616,193.63
13.859999999999992,150.3689,192.73
13.860999999999997,150.4806,191.74
13.862000000000002,150.5824,190.65
13.862999999999992,150.0255,189.48
13.863999999999997,149.7338,188.22
13.865000000000002,148.5668,186.87
13.865999999999993,147.7576,185.44
13.866999999999997,146.3782,183.92
13.868000000000002,145.3515,182.32
13.868999999999993,144.1646,180.64
13.869999999999997,143.7185,178.88
13.871000000000002,143.1042,177.04
13.871999999999993,142.9693,175.12
13.872999999999998,142.3808,173.13
13.874000000000002,142.2211,171.07
13.874999999999993,141.7623,168.94
13.875999999999998,141.3808,166.74
13.877000000000002,140.5473,164.48
13.877999999999993,140.2383,162.15
13.878999999999998,139.1388,159.76
13.880000000000003,137.9162,157.31
13.880999999999993,136.6549,154.8
13.881999999999998,135.0235,152.24
13.883000000000003,133.4235,149.63
13.883999999999993,131.7986,146.97
13.884999999999998,130.4362,144.26
13.886000000000003,129.3925,141.51
13.886999999999993,128.4572,138.72
13.887999999999998,127.3945,135.89
13.889000000000003,126.1243,133.03
13.889999999999993,125.1481,130.13
13.890999999999998,124.12,127.2
13.892000000000003,122.9744,124.25
13.892999999999994,122.0359,121.27
13.893999999999998,121.5732,118.27
13.895000000000003,120.5006,115.25
13.895999999999994,118.583,112.22
13.896999999999998,116.8256,109.18
13.898000000000003,114.7106,106.12
13.898999999999994,113.3099,103.06
13.899999999999999,111.7929,100.0
13.901000000000003,110.0957,96.94
13.901999999999994,108.1466,93.88
13.902999999999999,105.9768,90.82
13.904000000000003,104.0819,87.78
13.904999999999994,101.9139,84.75
13.905999999999999,99.6289,81.73
13.907000000000004,97.1626,78.73
13.907999999999994,94.8517,75.75
13.908999999999999,92.3146,72.8
13.910000000000004,91.257,69.87
13.910999999999994,88.5101,66.97
13.911999999999999,85.6123,64.11
13.913000000000004,82.5333,61.28
13.913999999999994,79.8896,58.49
13.915,76.8586,55.74
13.916000000000004,74.1669,53.03
13.916999999999994,71.2379,50.37
13.918,68.4797,47.76
13.919000000000004,65.8441,45.2
13.919999999999995,63.2444,42.69
13.921,60.7226,40.24
13.922000000000004,57.9968,37.85
13.922999999999995,55.5418,35.52
13.924,53.3564,33.26
13.925000000000004,51.3158,31.06
13.925999999999995,50.3628,28.92
13.927,48.4305,26.86
13.928000000000004,46.098,24.87
13.928999999999995,43.9643,22.96
13.93,41.6124,21.12
13.931000000000004,39.7188,19.36
13.931999999999995,37.7965,17.68
13.933,36.1267,16.08
13.93399999999999,34.555,14.56
13.934999999999995,33.0735,13.13
13.936,31.6134,11.78
13.93699999999999,30.1226,10.52
13.937999999999995,28.5037,9.35
13.939,27.1867,8.26
13.93999999999999,25.8681,7.27
13.940999999999995,24.5867,6.37
13.942,23.3577,5.56
13.94299999999999,22.7403,4.85
13.943999999999996,21.7435,4.23
13.945,20.7405,3.7
13.94599999999999,20.0329,3.27
13.946999999999996,19.0697,2.93
13.948,18.3619,2.69
13.948999999999991,17.6401,2.55
13.949999999999996,17.256,2.5
13.951,16.7138,2.55
13.951999999999991,16.4796,2.69
13.952999999999996,15.7555,2.93
13.954,15.3522,3.27
13.954999999999991,14.4619,3.7
13.955999999999996,14.0173,4.23
13.957,13.6673,4.85
13.957999999999991,13.4846,5.56
13.958999999999996,13.5728,6.37
13.96,13.1054,7.27
13.960999999999991,12.7881,8.26
13.961999999999996,12.5906,9.35
13.963000000000001,12.5005,10.52
13.963999999999992,12.706,11.78
13.964999999999996,12.5084,13.13
13.966000000000001,12.6576,14.56
13.966999999999992,12.5964,16.08
13.967999999999996,12.8913,17.68
13.969000000000001,13.0758,19.36
13.969999999999992,13.3703,21.12
13.970999999999997,13.3135,22.96
13.972000000000001,13.6298,24.87
13.972999999999992,13.6617,26.86
13.973999999999997,14.0464,28.92
13.975000000000001,14.1912,31.06
13.975999999999992,13.9946,33.26
13.976999999999997,14.5932,35.52
13.978000000000002,14.8509,37.85
13.978999999999992,15.3884,40.24
13.979999999999997,15.5659,42.69
13.981000000000002,16.9134,45.2
13.981999999999992,18.8575,47.76
13.982999999999997,21.3694,50.37
13.984000000000002,23.6403,53.03
13.984999999999992,26.2973,55.74
13.985999999999997,28.9274,58.49
13.987000000000002,31.6207,61.28
13.987999999999992,34.1099,64.11
13.988999999999997,37.0881,66.97
13.990000000000002,40.5904,69.87
13.990999999999993,42.5567,72.8
13.991999999999997,46.0433,75.75
13.993000000000002,48.9991,78.73
13.993999999999993,51.9602,81.73
13.994999999999997,54.6307,84.75
13.996000000000002,57.2763,87.78
13.996999999999993,59.8194,90.82
13.997999999999998,62.4496,93.88
13.999000000000002,65.1456,96.94
13.999999999999993,67.9626,100.0
14.000999999999998,70.5359,103.06
14.002000000000002,73.2707,106.12
14.002999999999993,75.9158,109.18
14.003999999999998,79.0531,112.22
14.005000000000003,81.9136,115.25
14.005999999999993,85.2957,118.27
14.006999999999998,87.0106,121.27
14.008000000000003,90.2549,124.25
14.008999999999993,93.4389,127.2
14.009999999999998,96.0805,130.13
14.011000000000003,98.4803,133.03
14.011999999999993,100.6951,135.89
14.012999999999998,102.8587,138.72
14.014000000000003,105.161,141.51
14.014999999999993,106.7916,144.26
14.015999999999998,108.6807,146.97
14.017000000000003,109.9327,149.63
14.017999999999994,111.5161,152.24
14.018999999999998,113.0788,154.8
14.020000000000003,114.4156,157.31
14.020999999999994,115.9464,159.76
14.021999999999998,117.2683,162.15
14.023000000000003,118.2045,164.48
14.023999999999994,119.3977,166.74
14.024999999999999,120.5168,168.94
14.026000000000003,121.0694,171.07
14.026999999999994,121.8771,173.13
14.027999999999999,122.4113,175.12
14.029000000000003,123.212,177.04
14.029999999999994,123.6088,178.88
14.030999999999999,123.9235,180.64
14.032000000000004,124.3692,182.32
14.032999999999994,124.4954,183.92
14.033999999999999,124.9592,185.44
14.035000000000004,124.7727,186.87
14.035999999999994,125.1565,188.22
14.036999999999999,124.8678,189.48
14.038000000000004,125.331,190.65
14.038999999999994,125.3163,191.74
14.04,125.3642,192.73
14.041000000000004,125.1005,193.63
14.041999999999994,124.9021,194.44
14.043,124.44,195.15
14.044000000000004,123.9965,195.77
14.044999999999995,123.4743,196.3
14.046,123.1531,196.73
14.047000000000004,122.6923,197.07
14.047999999999995,122.5064,197.31
14.049,122.1233,197.45
14.050000000000004,121.9985,197.5
14.050999999999995,121.6561,197.45
14.052,121.0776,197.31
14.053000000000004,120.81,197.07
14.053999999999995,120.2893,196.73
14.055,120.1352,196.3
14.056000000000004,120.3653,195.77
14.056999999999995,119.9179,195.15
14.058,119.9208,194.44
14.05899999999999,119.0697,193.63
14.059999999999995,118.5008,192.73
14.061,117.9261,191.74
14.06199999999999,117.5946,190.65
14.062999999999995,117.2729,189.48
14.064,116.8363,188.22
14.06499999999999,116.8061,186.87
14.065999999999995,116.4571,185.44
14.067,116.3456,183.92
14.06799999999999,115.7084,182.32
14.068999999999996,115.3899,180.64
14.07,115.4595,178.88
14.07099999999999,115.3973,177.04
14.071999999999996,115.6833,175.12
14.073,115.5428,173.13
14.073999999999991,115.2398,171.07
14.074999999999996,114.78,168.94
14.076,114.485,166.74
14.076999999999991,113.5608,164.48
14.077999999999996,113.102,162.15
14.079,112.0804,159.76
14.079999999999991,111.8431,157.31
14.080999999999996,110.8601,154.8
14.082,110.5648,152.24
14.082999999999991,109.6335,149.63
14.083999999999996,109.1342,146.97
14.085,108.5251,144.26
14.085999999999991,107.8349,141.51
14.086999999999996,107.6383,138.72
14.088000000000001,106.9739,135.89
14.088999999999992,106.5876,133.03
14.089999999999996,105.5208,130.13
14.091000000000001,104.9281,127.2
14.091999999999992,103.701,124.25
14.092999999999996,103.2395,121.27
14.094000000000001,102.411,118.27
14.094999999999992,102.3958,115.25
14.095999999999997,101.654,112.22
14.097000000000001,101.6654,109.18
14.097999999999992,101.1721,106.12
14.098999999999997,101.1676,103.06
14.100000000000001,100.4838,100.0
14.100999999999992,100.3331,96.94
14.101999999999997,100.1986,93.88
14.103000000000002,100.5584,90.82
14.103999999999992,100.1638,87.78
14.104999999999997,100.2005,84.75
14.106000000000002,99.9229,81.73
14.106999999999992,99.674,78.73
14.107999999999997,99.0835,75.75
14.109000000000002,98.7165,72.8
14.109999999999992,97.8501,69.87
14.110999999999997,97.7829,66.97
14.112000000000002,98.0301,64.11
14.112999999999992,98.504,61.28
14.113999999999997,97.8996,58.49
14.115000000000002,97.2675,55.74
14.115999999999993,96.9405,53.03
14.116999999999997,97.2061,50.37
14.118000000000002,96.8347,47.76
14.118999999999993,96.3666,45.2
14.119999999999997,96.0483,42.69
14.121000000000002,95.512,40.24
14.121999999999993,95.7347,37.85
14.122999999999998,95.4592,35.52
14.124000000000002,94.9603,33.26
14.124999999999993,94.0344,31.06
14.125999999999998,93.4497,28.92
14.127000000000002,93.4412,26.86
14.127999999999993,93.5017,24.87
14.128999999999998,93.2744,22.96
14.130000000000003,92.8346,21.12
14.130999999999993,92.2836,19.36
14.131999999999998,92.2755,17.68
14.133000000000003,92.3442,16.08
14.133999999999993,92.4797,14.56
14.134999999999998,92.0869,13.13
14.136000000000003,91.8783,11.78
14.136999999999993,91.2748,10.52
14.137999999999998,90.909,9.35
14.139000000000003,90.9465,8.26
14.139999999999993,91.136,7.27
14.140999999999998,90.8534,6.37
14.142000000000003,90.2446,5.56
14.142999999999994,89.6465,4.85
14.143999999999998,89.4016,4.23
14.145000000000003,89.6267,3.7
14.145999999999994,89.5978,3.27
14.146999999999998,89.3922,2.93
14.148000000000003,88.5869,2.69
14.148999999999994,88.2823,2.55
14.149999999999999,88.3689,2.5
14.151000000000003,88.5525,2.55
14.151999999999994,88.204,2.69
14.152999999999999,88.0413,2.93
14.154000000000003,87.222,3.27
14.154999999999994,87.1414,3.7
14.155999999999999,87.1031,4.23
14.157000000000004,87.1295,4.85
14.157999999999994,86.788,5.56
14.158999999999999,86.292,6.37
14.160000000000004,85.6819,7.27
14.160999999999994,85.2482,8.26
14.161999999999999,85.2824,9.35
14.163000000000004,85.4486,10.52
14.163999999999994,85.2474,11.78
14.165,84.5842,13.13
14.166000000000004,84.1696,14.56
14.166999999999994,84.0332,16.08
14.168,84.0335,17.68
14.169000000000004,83.9988,19.36
14.169999999999995,83.6746,21.12
14.171,83.2,22.96
14.172000000000004,82.6488,24.87
14.172999999999995,82.2249,26.86
14.174,81.9054,28.92
14.175000000000004,81.5475,31.06
14.175999999999995,81.1204,33.26
14.177,80.6762,35.52
14.178000000000004,80.256,37.85
14.178999999999995,80.2072,40.24
14.18,80.2686,42.69
14.181000000000004,80.1283,45.2
14.181999999999995,79.323,47.76
14.183,78.3966,50.37
14.18399999999999,77.9,53.03
14.184999999999995,77.9045,55.74
14.186,77.9759,58.49
14.18699999999999,77.9087,61.28
14.187999999999995,77.3748,64.11
14.189,76.7138,66.97
14.18999999999999,76.5255,69.87
14.190999999999995,76.5105,72.8
14.192,76.4622,75.75
14.19299999999999,76.1205,78.73
14.193999999999996,75.3063,81.73
14.195,74.4246,84.75
14.19599999999999,73.8355,87.78
14.196999999999996,73.9886,90.82
14.198,74.0585,93.88
14.198999999999991,73.7381,96.94
14.199999999999996,73.0389,100.0
14.201,72.7353,103.06
14.201999999999991,72.659,106.12
14.202999999999996,72.7775,109.18
14.204,72.9035,112.22
14.204999999999991,72.337,115.25
14.205999999999996,71.6522,118.27
14.207,70.9585,121.27
14.207999999999991,70.8042,124.25
14.208999999999996,70.8196,127.2
14.21,70.8923,130.13
14.210999999999991,70.6903,133.03
14.211999999999996,70.2703,135.89
14.213000000000001,70.0446,138.72
14.213999999999992,70.0832,141.51
14.214999999999996,70.1706,144.26
14.216000000000001,70.0075,146.97
14.216999999999992,69.5438,149.63
14.217999999999996,68.9839,152.24
14.219000000000001,68.5695,154.8
14.219999999999992,68.4105,157.31
14.220999999999997,68.7695,159.76
14.222000000000001,68.5659,162.15
14.222999999999992,68.1027,164.48
14.223999999999997,67.5154,166.74
14.225000000000001,67.5881,168.94
14.225999999999992,68.0435,171.07
14.226999999999997,67.9608,173.13
14.228000000000002,67.6846,175.12
14.228999999999992,67.0112,177.04
14.229999999999997,66.8405,178.88
14.231000000000002,66.8809,180.64
14.231999999999992,67.2117,182.32
14.232999999999997,67.2769,183.92
14.234000000000002,67.0778,185.44
14.234999999999992,66.7796,186.87
14.235999999999997,66.3894,188.22
14.237000000000002,66.2776,189.48
14.237999999999992,66.3949,190.65
14.238999999999997,66.4428,191.74
14.240000000000002,66.401,192.73
14.240999999999993,65.7888,193.63
14.241999999999997,65.451,194.44
14.243000000000002,65.3303,195.15
14.243999999999993,65.6525,195.77
14.244999999999997,65.7563,196.3
14.246000000000002,65.4114,196.73
14.246999999999993,65.1988,197.07
14.247999999999998,65.0842,197.31
14.249000000000002,65.1735,197.45
14.249999999999993,65.4011,197.5
14.250999999999998,65.1771,197.45
14.252000000000002,64.8802,197.31
14.252999999999993,64.4029,197.07
14.253999999999998,64.2057,196.73
14.255000000000003,64.419,196.3
14.255999999999993,64.3503,195.77
14.256999999999998,64.1267,195.15
14.258000000000003,63.4894,194.44
14.258999999999993,63.3736,193.63
14.259999999999998,63.6011,192.73
14.261000000000003,63.8805,191.74
14.261999999999993,63.8718,190.65
14.262999999999998,63.4479,189.48
14.264000000000003,62.925,188.22
14.264999999999993,62.6775,186.87
14.265999999999998,62.6703,185.44
14.267000000000003,63.1072,183.92
14.267999999999994,63.384,182.32
14.268999999999998,63.1604,180.64
14.270000000000003,62.5698,178.88
14.270999999999994,62.4208,177.04
14.271999999999998,62.8598,175.12
14.273000000000003,63.1403,173.13
14.273999999999994,62.9136,171.07
14.274999999999999,62.2977,168.94
14.276000000000003,62.033,166.74
14.276999999999994,62.0844,164.48
14.277999999999999,62.5841,162.15
14.279000000000003,62.7247,159.76
14.279999999999994,62.6845,157.31
14.280999999999999,62.2773,154.8
14.282000000000004,62.2737,152.24
14.282999999999994,62.3044,149.63
14.283999999999999,62.6866,146.97
14.285000000000004,62.8508,144.26
14.285999999999994,62.7344,141.51
14.286999999999999,62.2237,138.72
14.288000000000004,62.0778,135.89
14.288999999999994,62.1418,133.03
14.29,62.7157,130.13
14.291000000000004,62.7881,127.2
14.291999999999994,62.8036,124.25
14.293,62.317,121.27
14.294000000000004,62.4041,118.27
14.294999999999995,62.8581,115.25
14.296,63.2528,112.22
14.297000000000004,63.3878,109.18
14.297999999999995,63.2133,106.12
14.299,62.7375,103.06
14.300000000000004,62.4158,100.0
14.300999999999995,62.4687,96.94
14.302,62.793,93.88
14.303000000000004,63.0329,90.82
14.303999999999995,63.0151,87.78
14.305,62.7237,84.75
14.306000000000004,62.696,81.73
14.306999999999995,62.7757,78.73
14.308,63.209,75.75
14.30899999999999,63.0291,72.8
14.309999999999995,62.7875,69.87
14.311,62.368,66.97
14.31199999999999,62.284,64.11
14.312999999999995,62.642,61.28
14.314,62.663,58.49
14.31499999999999,62.688,55.74
14.315999999999995,62.5874,53.03
14.317,62.6563,50.37
14.31799999999999,62.7038,47.76
14.318999999999996,62.9897,45.2
14.32,63.0968,42.69
14.32099999999999,62.9256,40.24
14.321999999999996,62.5911,37.85
14.323,62.3199,35.52
14.323999999999991,62.5219,33.26
14.324999999999996,62.9748,31.06
14.326,63.1111,28.92
14.326999999999991,62.8207,26.86
14.327999999999996,62.3165,24.87
14.329,62.328,22.96
14.329999999999991,62.4779,21.12
14.330999999999996,62.6612,19.36
14.332,62.8557,17.68
14.332999999999991,62.3783,16.08
14.333999999999996,62.0339,14.56
14.335,61.8215,13.13
14.335999999999991,62.3257,11.78
14.336999999999996,62.8299,10.52
14.338000000000001,62.8758,9.35
14.338999999999992,62.3537,8.26
14.339999999999996,62.0741,7.27
14.341000000000001,62.3205,6.37
14.341999999999992,62.8831,5.56
14.342999999999996,62.9987,4.85
14.344000000000001,62.5592,4.23
14.344999999999992,62.1088,3.7
14.345999999999997,61.971,3.27
14.347000000000001,62.2095,2.93
14.347999999999992,62.39,2.69
14.348999999999997,62.66,2.55
14.350000000000001,62.4578,2.5
14.350999999999992,62.2792,2.55
14.351999999999997,62.3041,2.69
14.353000000000002,62.584,2.93
14.353999999999992,62.9524,3.27
14.354999999999997,63.0915,3.7
14.356000000000002,62.8268,4.23
14.356999999999992,62.6415,4.85
14.357999999999997,62.3717,5.56
14.359000000000002,62.5628,6.37
14.359999999999992,62.6191,7.27
14.360999999999997,62.6294,8.26
14.362000000000002,62.4647,9.35
14.362999999999992,62.2368,10.52
14.363999999999997,62.2861,11.78
14.365000000000002,62.5285,13.13
14.365999999999993,62.8228,14.56
14.366999999999997,62.8135,16.08
14.368000000000002,62.5122,17.68
14.368999999999993,62.1516,19.36
14.369999999999997,62.2442,21.12
14.371000000000002,62.3612,22.96
14.371999999999993,62.6726,24.87
14.372999999999998,62.4265,26.86
14.374000000000002,62.1897,28.92
14.374999999999993,62.1375,31.06
14.375999999999998,62.4061,33.26
14.377000000000002,62.7796,35.52
14.377999999999993,62.7821,37.85
14.378999999999998,62.6363,40.24
14.380000000000003,62.3129,42.69
14.380999999999993,61.9617,45.2
14.381999999999998,62.3738,47.76
14.383000000000003,62.7125,50.37
14.383999999999993,62.9386,53.03
14.384999999999998,62.7042,55.74
14.386000000000003,62.4027,58.49
14.386999999999993,62.445,61.28
14.387999999999998,62.4631,64.11
14.389000000000003,62.7118,66.97
14.389999999999993,62.7729,69.87
14.390999999999998,62.5609,72.8
14.392000000000003,62.2969,75.75
14.392999999999994,62.121,78.73
14.393999999999998,62.3853,81.73
14.395000000000003,62.5388,84.75
14.395999999999994,62.6489,87.78
14.396999999999998,62.4169,90.82
14.398000000000003,62.2463,93.88
14.398999999999994,62.1878,96.94
14.399999999999999,62.5665,100.0
14.401000000000003,62.8132,103.06
14.401999999999994,62.7226,106.12
14.402999999999999,62.3835,109.18
14.404000000000003,62.1184,112.22
14.404999999999994,62.1072,115.25
14.405999999999999,62.2601,118.27
14.407000000000004,62.4757,121.27
14.407999999999994,62.4467,124.25
14.408999999999999,62.3701,127.2
14.410000000000004,62.3878,130.13
14.410999999999994,62.6529,133.03
14.411999999999999,62.8197,135.89
14.413000000000004,62.7991,138.72
14.413999999999994,62.3511,141.51
14.415,61.887,144.26
14.416000000000004,61.7889,146.97
14.416999999999994,62.022,149.63
14.418,62.4509,152.24
14.419000000000004,62.6382,154.8
14.419999999999995,62.4416,157.31
14.421,62.2047,159.76
14.422000000000004,62.1617,162.15
14.422999999999995,62.5356,164.48
14.424,62.6774,166.74
14.425000000000004,62.3852,168.94
14.425999999999995,61.8023,171.07
14.427,61.7356,173.13
14.428000000000004,61.6885,175.12
14.428999999999995,62.1458,177.04
14.43,62.2894,178.88
14.431000000000004,62.2429,180.64
14.431999999999995,61.9967,182.32
14.433,61.8501,183.92
14.43399999999999,62.0417,185.44
14.434999999999995,62.4727,186.87
14.436,62.6113,188.22
14.43699999999999,62.328,189.48
14.437999999999995,61.6085,190.65
14.439,61.5144,191.74
14.43999999999999,61.7767,192.73
14.440999999999995,62.1544,193.63
14.442,62.182,194.44
14.44299999999999,62.0116,195.15
14.443999999999996,62.0264,195.77
14.445,62.2058,196.3
14.44599999999999,62.4682,196.73
14.446999999999996,62.6573,197.07
14.448,62.6132,197.31
14.448999999999991,62.25,197.45
14.449999999999996,61.7739,197.5
14.451,61.5649,197.45
14.451999999999991,62.0024,197.31
14.452999999999996,62.4397,197.07
14.454,62.544,196.73
14.454999999999991,62.145,196.3
14.455999999999996,62.0987,195.77
14.457,62.2112,195.15
14.457999999999991,62.5056,194.44
14.458999999999996,62.3359,193.63
14.46,62.3215,192.73
14.460999999999991,61.9978,191.74
14.461999999999996,61.6574,190.65
14.463000000000001,61.6007,189.48
14.463999999999992,62.0538,188.22
14.464999999999996,62.2545,186.87
14.466000000000001,62.3362,185.44
14.466999999999992,61.8322,183.92
14.467999999999996,61.9852,182.32
14.469000000000001,61.9779,180.64
14.469999999999992,62.4113,178.88
14.470999999999997,62.2486,177.04
14.472000000000001,62.1116,175.12
14.472999999999992,61.7172,173.13
14.473999999999997,61.8887,171.07
14.475000000000001,62.0392,168.94
14.475999999999992,62.1936,166.74
14.476999999999997,62.1097,164.48
14.478000000000002,61.945,162.15
14.478999999999992,61.7468,159.76
14.479999999999997,62.0372,157.31
14.481000000000002,62.1934,154.8
14.481999999999992,62.4426,152.24
14.482999999999997,62.2577,149.63
14.484000000000002,61.9046,146.97
14.484999999999992,61.6811,144.26
14.485999999999997,61.677,141.51
14.487000000000002,61.9852,138.72
14.487999999999992,62.2621,135.89
14.488999999999997,62.109,133.03
14.490000000000002,61.9808,130.13
14.490999999999993,61.8053,127.2
14.491999999999997,61.9001,124.25
14.493000000000002,62.2579,121.27
14.493999999999993,62.5406,118.27
14.494999999999997,62.2686,115.25
14.496000000000002,61.9226,112.22
14.496999999999993,61.5342,109.18
14.497999999999998,61.6219,106.12
14.499000000000002,61.7582,103.06
14.499999999999993,61.8712,100.0
14.500999999999998,61.8024,96.94
14.502000000000002,61.7676,93.88
14.502999999999993,61.7546,90.82
14.503999999999998,62.0999,87.78
14.505000000000003,62.228,84.75
14.505999999999993,62.3145,81.73
14.506999999999998,62.0207,78.73
14.508000000000003,61.897,75.75
14.508999999999993,61.6151,72.8
14.509999999999998,61.6186,69.87
14.511000000000003,61.8596,66.97
14.511999999999993,62.1102,64.11
14.512999999999998,61.8486,61.28
14.514000000000003,61.7116,58.49
14.514999999999993,61.748,55.74
14.515999999999998,62.1416,53.03
14.517000000000003,62.3883,50.37
14.517999999999994,62.146,47.76
14.518999999999998,61.8982,45.2
14.520000000000003,61.6777,42.69
14.520999999999994,62.0592,40.24
14.521999999999998,62.2129,37.85
14.523000000000003,62.2194,35.52
14.523999999999994,62.0416,33.26
14.524999999999999,61.663,31.06
14.526000000000003,61.4909,28.92
14.526999999999994,61.8058,26.86
14.527999999999999,62.1361,24.87
14.529000000000003,62.2905,22.96
14.529999999999994,62.1616,21.12
14.530999999999999,61.6093,19.36
14.532000000000004,61.286,17.68
14.532999999999994,61.6053,16.08
14.533999999999999,62.0746,14.56
14.535000000000004,62.2899,13.13
14.535999999999994,61.8285,11.78
14.536999999999999,61.5964,10.52
14.538000000000004,61.6751,9.35
14.538999999999994,62.0165,8.26
14.54,62.2636,7.27
14.541000000000004,61.9737,6.37
14.541999999999994,61.5882,5.56
14.543,61.3419,4.85
14.544000000000004,61.6464,4.23
14.544999999999995,61.7937,3.7
14.546,61.869,3.27
14.547000000000004,61.5854,2.93
14.547999999999995,61.6738,2.69
14.549,61.5863,2.55
14.550000000000004,61.8375,2.5
14.550999999999995,61.982,2.55
14.552,62.0607,2.69
14.553000000000004,61.9369,2.93
14.553999999999995,61.6934,3.27
14.555,61.7688,3.7
14.556000000000004,61.8874,4.23
14.556999999999995,61.9417,4.85
14.558,61.8815,5.56
14.55899999999999,61.5546,6.37
14.559999999999995,61.467,7.27
14.561,61.6488,8.26
14.56199999999999,62.1157,9.35
14.562999999999995,62.3209,10.52
14.564,62.3222,11.78
14.56499999999999,61.8134,13.13
14.565999999999995,61.3861,14.56
14.567,61.3263,16.08
14.56799999999999,61.7171,17.68
14.568999999999996,62.0623,19.36
14.57,62.0435,21.12
14.57099999999999,61.6601,22.96
14.571999999999996,61.7092,24.87
14.573,61.8971,26.86
14.573999999999991,62.2297,28.92
14.574999999999996,62.3445,31.06
14.576,62.0991,33.26
14.576999999999991,61.8271,35.52
14.577999999999996,61.3536,37.85
14.579,61.4852,40.24
14.579999999999991,61.6973,42.69
14.580999999999996,62.0554,45.2
14.582,61.8308,47.76
14.582999999999991,61.5146,50.37
14.583999999999996,61.6327,53.03
14.585,61.8913,55.74
14.585999999999991,62.1003,58.49
14.586999999999996,61.9905,61.28
14.588000000000001,61.6175,64.11
14.588999999999992,61.5074,66.97
14.589999999999996,61.3644,69.87
14.591000000000001,61.4297,72.8
14.591999999999992,61.7549,75.75
14.592999999999996,61.7317,78.73
14.594000000000001,61.6463,81.73
14.594999999999992,61.5909,84.75
14.595999999999997,61.6208,87.78
14.597000000000001,61.9102,90.82
14.597999999999992,62.169,93.88
14.598999999999997,61.9598,96.94
14.600000000000001,61.3715,100.0
14.600999999999992,61.0366,103.06
14.601999999999997,61.1605,106.12
14.603000000000002,61.6305,109.18
14.603999999999992,61.7793,112.22
14.604999999999997,61.7219,115.25
14.606000000000002,61.5073,118.27
14.606999999999992,61.452,121.27
14.607999999999997,61.5924,124.25
14.609000000000002,62.0613,127.2
14.609999999999992,62.1956,130.13
14.610999999999997,62.0501,133.03
14.612000000000002,61.5152,135.89
14.612999999999992,61.1684,138.72
14.613999999999997,61.2679,141.51
14.615000000000002,61.5294,144.26
14.615999999999993,61.6119,146.97
14.616999999999997,61.6932,149.63
14.618000000000002,61.4844,152.24
14.618999999999993,61.5604,154.8
14.619999999999997,61.7605,157.31
14.621000000000002,61.8706,159.76
14.621999999999993,61.8829,162.15
14.622999999999998,61.598,164.48
14.624000000000002,61.0602,166.74
14.624999999999993,61.1526,168.94
14.625999999999998,61.3118,171.07
14.627000000000002,61.7231,173.13
14.627999999999993,61.6005,175.12
14.628999999999998,61.2853,177.04
14.630000000000003,61.1541,178.88
14.630999999999993,61.3724,180.64
14.631999999999998,62.021,182.32
14.633000000000003,62.2807,183.92
14.633999999999993,61.7604,185.44
14.634999999999998,61.0145,186.87
14.636000000000003,60.6136,188.22
14.636999999999993,60.7062,189.48
14.637999999999998,61.2266,190.65
14.639000000000003,61.6858,191.74
14.639999999999993,61.7698,192.73
14.640999999999998,61.3949,193.63
14.642000000000003,61.247,194.44
14.642999999999994,61.4245,195.15
14.643999999999998,61.9206,195.77
14.645000000000003,61.9197,196.3
14.645999999999994,61.7472,196.73
14.646999999999998,61.2136,197.07
14.648000000000003,61.1638,197.31
14.648999999999994,61.2675,197.45
14.649999999999999,61.6343,197.5
14.651000000000003,61.5766,197.45
14.651999999999994,61.5325,197.31
14.652999999999999,61.5591,197.07
14.654000000000003,61.3546,196.73
14.654999999999994,61.5709,196.3
14.655999999999999,61.7839,195.77
14.657000000000004,61.8619,195.15
14.657999999999994,61.6649,194.44
14.658999999999999,61.282,193.63
14.660000000000004,61.2692,192.73
14.660999999999994,61.4629,191.74
14.661999999999999,61.5884,190.65
14.663000000000004,61.6691,189.48
14.663999999999994,61.4149,188.22
14.665,61.5252,186.87
14.666000000000004,61.6751,185.44
14.666999999999994,62.085,183.92
14.668,62.0293,182.32
14.669000000000004,61.766,180.64
14.669999999999995,61.2066,178.88
14.671,60.895,177.04
14.672000000000004,61.0441,175.12
14.672999999999995,61.5451,173.13
14.674,61.625,171.07
14.675000000000004,61.5675,168.94
14.675999999999995,61.1258,166.74
14.677,61.4539,164.48
14.678000000000004,61.8675,162.15
14.678999999999995,62.06,159.76
14.68,61.6802,157.31
14.681000000000004,61.0875,154.8
14.681999999999995,61.1324,152.24
14.683,61.353,149.63
14.68399999999999,61.7991,146.97
14.684999999999995,61.7989,144.26
14.686,61.9016,141.51
14.68699999999999,61.4934,138.72
14.687999999999995,61.1196,135.89
14.689,61.0407,133.03
14.68999999999999,61.4497,130.13
14.690999999999995,61.595,127.2
14.692,61.4929,124.25
14.69299999999999,61.0522,121.27
14.693999999999996,60.9977,118.27
14.695,61.0435,115.25
14.69599999999999,61.3454,112.22
14.696999999999996,61.4413,109.18
14.698,61.4118,106.12
14.698999999999991,61.2657,103.06
14.699999999999996,61.3183,100.0
14.701,61.594,96.94
14.701999999999991,61.7485,93.88
14.702999999999996,61.694,90.82
14.704,61.3404,87.78
14.704999999999991,61.0975,84.75
14.705999999999996,61.0083,81.73
14.707,61.3914,78.73
14.707999999999991,61.5026,75.75
14.708999999999996,61.6247,72.8
14.71,61.1149,69.87
14.710999999999991,60.928,66.97
14.711999999999996,60.9115,64.11
14.713000000000001,61.5194,61.28
14.713999999999992,61.6666,58.49
14.714999999999996,61.5472,55.74
14.716000000000001,61.1146,53.03
14.716999999999992,60.9861,50.37
14.717999999999996,60.9549,47.76
14.719000000000001,61.5304,45.2
14.719999999999992,61.7986,42.69
14.720999999999997,61.7099,40.24
14.722000000000001,60.9821,37.85
14.722999999999992,60.8337,35.52
14.723999999999997,61.0501,33.26
14.725000000000001,61.5718,31.06
14.725999999999992,61.6602,28.92
14.726999999999997,61.4793,26.86
14.728000000000002,60.9987,24.87
14.728999999999992,60.9208,22.96
14.729999999999997,61.1495,21.12
14.731000000000002,61.486,19.36
14.731999999999992,61.3726,17.68
14.732999999999997,61.0212,16.08
14.734000000000002,60.9723,14.56
14.734999999999992,61.0249,13.13
14.735999999999997,61.2846,11.78
14.737000000000002,61.7277,10.52
14.737999999999992,61.8066,9.35
14.738999999999997,61.2647,8.26
14.740000000000002,60.8233,7.27
14.740999999999993,60.7303,6.37
14.741999999999997,60.9718,5.56
14.743000000000002,61.1339,4.85
14.743999999999993,61.1529,4.23
14.744999999999997,60.9258,3.7
14.746000000000002,60.9185,3.27
14.746999999999993,61.051,2.93
14.747999999999998,61.3453,2.69
14.749000000000002,61.6473,2.55
14.749999999999993,61.5018,2.5
14.750999999999998,61.4471,2.55
14.752000000000002,61.2423,2.69
14.752999999999993,60.933,2.93
14.753999999999998,61.0414,3.27
14.755000000000003,61.092,3.7
14.755999999999993,61.18,4.23
14.756999999999998,61.0021,4.85
14.758000000000003,61.0548,5.56
14.758999999999993,61.475,6.37
14.759999999999998,61.843,7.27
14.761000000000003,61.633,8.26
14.761999999999993,61.0288,9.35
14.762999999999998,60.6182,10.52
14.764000000000003,60.7596,11.78
14.764999999999993,61.1904,13.13
14.765999999999998,61.2889,14.56
14.767000000000003,61.305,16.08
14.767999999999994,61.1362,17.68
14.768999999999998,60.8176,19.36
14.770000000000003,61.0272,21.12
14.770999999999994,61.4976,22.96
14.771999999999998,61.5412,24.87
14.773000000000003,61.4641,26.86
14.773999999999994,60.8791,28.92
14.774999999999999,60.7227,31.06
14.776000000000003,60.4489,33.26
14.776999999999994,61.0376,35.52
14.777999999999999,61.5102,37.85
14.779000000000003,61.5903,40.24
14.779999999999994,61.0875,42.69
14.780999999999999,60.8451,45.2
14.782000000000004,61.1678,47.76
14.782999999999994,61.3076,50.37
14.783999999999999,61.4818,53.03
14.785000000000004,61.1014,55.74
14.785999999999994,60.9133,58.49
14.786999999999999,60.6231,61.28
14.788000000000004,60.8345,64.11
14.788999999999994,61.0543,66.97
14.79,61.2537,69.87
14.791000000000004,60.8676,72.8
14.791999999999994,60.5982,75.75
14.793,60.6428,78.73
14.794000000000004,61.2246,81.73
14.794999999999995,61.4517,84.75
14.796,61.3629,87.78
14.797000000000004,60.7477,90.82
14.797999999999995,60.4219,93.88
14.799,60.3072,96.94
14.800000000000004,60.8468,100.0
14.800999999999995,61.2531,103.06
14.802,61.2854,106.12
14.803000000000004,60.8999,109.18
14.803999999999995,60.9749,112.22
14.805,61.3585,115.25
14.806000000000004,61.8157,118.27
14.806999999999995,61.7252,121.27
14.808,61.3395,124.25
14.80899999999999,60.8506,127.2
14.809999999999995,60.7236,130.13
14.811,60.9374,133.03
14.81199999999999,61.0906,135.89
14.812999999999995,61.1443,138.72
14.814,61.0786,141.51
14.81499999999999,60.8992,144.26
14.815999999999995,60.8678,146.97
14.817,61.1198,149.63
14.81799999999999,61.3398,152.24
14.818999999999996,61.3808,154.8
14.82,60.9137,157.31
14.82099999999999,60.3986,159.76
14.821999999999996,60.2409,162.15
14.823,60.6597,164.48
14.823999999999991,61.0048,166.74
14.824999999999996,61.1662,168.94
14.826,60.6335,171.07
14.826999999999991,60.5958,173.13
14.827999999999996,60.62,175.12
14.829,61.4266,177.04
14.829999999999991,61.5895,178.88
14.830999999999996,61.7149,180.64
14.832,61.3303,182.32
14.832999999999991,60.8145,183.92
14.833999999999996,60.5807,185.44
14.835,60.746,186.87
14.835999999999991,61.0583,188.22
14.836999999999996,61.1885,189.48
14.838000000000001,60.9547,190.65
14.838999999999992,60.9072,191.74
14.839999999999996,60.9962,192.73
14.841000000000001,61.3356,193.63
14.841999999999992,61.1591,194.44
14.842999999999996,60.993,195.15
14.844000000000001,60.3559,195.77
14.844999999999992,60.4045,196.3
14.845999999999997,60.5846,196.73
14.847000000000001,60.9699,197.07
14.847999999999992,61.2487,197.31
14.848999999999997,60.9883,197.45
14.850000000000001,60.7723,197.5
14.850999999999992,60.7123,197.45
14.851999999999997,60.8367,197.31
14.853000000000002,61.227,197.07
14.853999999999992,61.0623,196.73
14.854999999999997,60.9453,196.3
14.856000000000002,60.5609,195.77
14.856999999999992,60.5844,195.15
14.857999999999997,60.7944,194.44
14.859000000000002,60.9251,193.63
14.859999999999992,60.933,192.73
14.860999999999997,60.9072,191.74
14.862000000000002,60.9257,190.65
14.862999999999992,61.2113,189.48
14.863999999999997,61.3749,188.22
14.865000000000002,61.4556,186.87
14.865999999999993,61.0952,185.44
14.866999999999997,60.7374,183.92
14.868000000000002,60.6843,182.32
14.868999999999993,60.7959,180.64
14.869999999999997,60.9003,178.88
14.871000000000002,60.7503,177.04
14.871999999999993,60.6035,175.12
14.872999999999998,60.5799,173.13
14.874000000000002,60.8581,171.07
14.874999999999993,61.1135,168.94
14.875999999999998,61.4193,166.74
14.877000000000002,61.347,164.48
14.877999999999993,60.9017,162.15
14.878999999999998,60.5028,159.76
14.880000000000003,60.5218,157.31
14.880999999999993,60.9441,154.8
14.881999999999998,61.1732,152.24
14.883000000000003,61.2595,149.63
14.883999999999993,60.8369,146.97
14.884999999999998,60.8022,144.26
14.886000000000003,60.9375,141.51
14.886999999999993,61.275,138.72
14.887999999999998,61.3072,135.89
14.889000000000003,61.1416,133.03
14.889999999999993,60.7826,130.13
14.890999999999998,60.5089,127.2
14.892000000000003,60.689,124.25
14.892999999999994,61.161,121.27
14.893999999999998,61.4263,118.27
14.895000000000003,61.3304,115.25
14.895999999999994,61.1121,112.22
14.896999999999998,60.8391,109.18
14.898000000000003,60.8576,106.12
14.898999999999994,61.2845,103.06
14.899999999999999,61.3927,100.0
14.901000000000003,61.0889,96.94
14.901999999999994,60.7327,93.88
14.902999999999999,60.6699,90.82
14.904000000000003,60.7251,87.78
14.904999999999994,60.723,84.75
14.905999999999999,60.7665,81.73
14.907000000000004,60.6386,78.73
14.907999999999994,60.4012,75.75
14.908999999999999,60.2792,72.8
14.910000000000004,60.6794,69.87
14.910999999999994,61.0249,66.97
14.911999999999999,61.2796,64.11
14.913000000000004,61.1238,61.28
14.913999999999994,60.868,58.49
14.915,60.6494,55.74
14.916000000000004,61.0466,53.03
14.916999999999994,61.0631,50.37
14.918,60.9834,47.76
14.919000000000004,60.756,45.2
14.919999999999995,60.6627,42.69
14.921,60.8937,40.24
14.922000000000004,61.0388,37.85
14.922999999999995,61.0165,35.52
14.924,60.5649,33.26
14.925000000000004,60.3024,31.06
14.925999999999995,60.4231,28.92
14.927,60.7078,26.86
14.928000000000004,60.6755,24.87
14.928999999999995,60.8771,22.96
14.93,60.6918,21.12
14.931000000000004,61.0702,19.36
14.931999999999995,60.964,17.68
14.933,61.089,16.08
14.93399999999999,61.0831,14.56
14.934999999999995,61.0097,13.13
14.936,60.8016,11.78
14.93699999999999,60.2701,10.52
14.937999999999995,60.2863,9.35
14.939,60.468,8.26
14.93999999999999,60.7337,7.27
14.940999999999995,60.719,6.37
14.942,60.7118,5.56
14.94299999999999,60.6351,4.85
14.943999999999996,60.715,4.23
14.945,61.0137,3.7
14.94599999999999,60.9307,3.27
14.946999999999996,61.0097,2.93
14.948,60.7063,2.69
14.948999999999991,60.4534,2.55
14.949999999999996,60.5909,2.5
14.951,60.7601,2.55
14.951999999999991,61.0428,2.69
14.952999999999996,60.8435,2.93
14.954,60.6192,3.27
14.954999999999991,60.7001,3.7
14.955999999999996,60.8459,4.23
14.957,61.1814,4.85
14.957999999999991,61.1313,5.56
14.958999999999996,60.9819,6.37
14.96,60.8047,7.27
14.960999999999991,60.511,8.26
14.961999999999996,60.5549,9.35
14.963000000000001,60.7337,10.52
14.963999999999992,60.8866,11.78
14.964999999999996,60.8247,13.13
14.966000000000001,60.559,14.56
14.966999999999992,60.6286,16.08
14.967999999999996,60.6923,17.68
14.969000000000001,61.0087,19.36
14.969999999999992,60.7004,21.12
14.970999999999997,60.5727,22.96
14.972000000000001,60.165,24.87
14.972999999999992,60.2641,26.86
14.973999999999997,60.4281,28.92
14.975000000000001,60.6757,31.06
14.975999999999992,60.7187,33.26
14.976999999999997,60.6771,35.52
14.978000000000002,60.4872,37.85
14.978999999999992,60.8734,40.24
14.979999999999997,61.0694,42.69
14.981000000000002,61.2271,45.2
14.981999999999992,60.6849,47.76
14.982999999999997,60.3264,50.37
14.984000000000002,59.9954,53.03
14.984999999999992,60.2783,55.74
14.985999999999997,60.5749,58.49
14.987000000000002,60.6399,61.28
14.987999999999992,60.3478,64.11
14.988999999999997,60.4894,66.97
14.990000000000002,60.7851,69.87
14.990999999999993,61.2503,72.8
14.991999999999997,61.3157,75.75
14.993000000000002,61.1293,78.73
14.993999999999993,60.5571,81.73
14.994999999999997,60.0211,84.75
14.996000000000002,60.1946,87.78
14.996999999999993,60.5331,90.82
14.997999999999998,60.8913,93.88
14.999000000000002,60.5753,96.94
14.999999999999993,60.4678,100.0
15.000999999999998,60.1091,103.06
15.002000000000002,60.4057,106.12
15.002999999999993,60.7462,109.18
15.003999999999998,61.0838,112.22
15.005000000000003,60.9711,115.25
15.005999999999993,60.5472,118.27
15.006999999999998,60.2245,121.27
15.008000000000003,60.3255,124.25
15.008999999999993,60.5849,127.2
15.009999999999998,60.9769,130.13
15.011000000000003,60.8824,133.03
15.011999999999993,60.5619,135.89
15.012999999999998,60.3047,138.72
15.014000000000003,60.5511,141.51
15.014999999999993,60.8221,144.26
15.015999999999998,60.7689,146.97
15.017000000000003,60.6284,149.63
15.017999999999994,60.4423,152.24
15.018999999999998,60.5471,154.8
15.020000000000003,60.5315,157.31
15.020999999999994,60.5897,159.76
15.021999999999998,60.4464,162.15
15.023000000000003,60.2578,164.48
15.023999999999994,60.3471,166.74
15.024999999999999,60.557,168.94
15.026000000000003,60.9408,171.07
15.026999999999994,61.2575,173.13
15.027999999999999,61.1063,175.12
15.029000000000003,60.7723,177.04
15.029999999999994,60.3031,178.88
15.030999999999999,60.3898,180.64
15.032000000000004,60.7193,182.32
15.032999999999994,60.7789,183.92
15.033999999999999,60.8184,185.44
15.035000000000004,60.4358,186.87
15.035999999999994,60.7015,188.22
15.036999999999999,60.8793,189.48
15.038000000000004,61.0995,190.65
15.038999999999994,60.9483,191.74
15.04,60.4808,192.73
15.041000000000004,60.4502,193.63
15.041999999999994,60.3581,194.44
15.043,60.5811,195.15
15.044000000000004,60.8081,195.77
15.044999999999995,60.6901,196.3
15.046,60.4896,196.73
15.047000000000004,60.1102,197.07
15.047999999999995,60.2719,197.31
15.049,60.5382,197.45
15.050000000000004,60.955,197.5
15.050999999999995,60.7942,197.45
15.052,60.3747,197.31
15.053000000000004,60.0563,197.07
15.053999999999995,60.1156,196.73
15.055,60.3231,196.3
15.056000000000004,60.4987,195.77
15.056999999999995,60.5528,195.15
15.058,60.5078,194.44
15.05899999999999,60.1764,193.63
15.059999999999995,60.396,192.73
15.061,60.908,191.74
15.06199999999999,60.9944,190.65
15.062999999999995,60.7605,189.48
15.064,60.2958,188.22
15.06499999999999,60.3589,186.87
15.065999999999995,60.3698,185.44
15.067,60.5855,183.92
15.06799999999999,60.5601,182.32
15.068999999999996,60.4696,180.64
15.07,60.0968,178.88
15.07099999999999,60.151,177.04
15.071999999999996,60.591,175.12
15.073,60.7382,173.13
15.073999999999991,61.0228,171.07
15.074999999999996,60.7319,168.94
15.076,60.3349,166.74
15.076999999999991,60.1442,164.48
15.077999999999996,60.4284,162.15
15.079,60.6504,159.76
15.079999999999991,60.5253,157.31
15.080999999999996,60.2424,154.8
15.082,60.1966,152.24
15.082999999999991,60.547,149.63
15.083999999999996,60.8271,146.97
15.085,60.9018,144.26
15.085999999999991,60.6865,141.51
15.086999999999996,60.4471,138.72
15.088000000000001,60.1774,135.89
15.088999999999992,60.2088,133.03
15.089999999999996,60.426,130.13
15.091000000000001,60.4254,127.2
15.091999999999992,60.4746,124.25
15.092999999999996,60.3265,121.27
15.094000000000001,60.4625,118.27
15.094999999999992,60.5981,115.25
15.095999999999997,60.7977,112.22
15.097000000000001,60.9147,109.18
15.097999999999992,60.8437,106.12
15.098999999999997,60.5596,103.06
15.100000000000001,60.1435,100.0
15.100999999999992,60.205,96.94
15.101999999999997,60.515,93.88
15.103000000000002,60.4009,90.82
15.103999999999992,60.1505,87.78
15.104999999999997,59.879,84.75
15.106000000000002,60.0853,81.73
15.106999999999992,60.5547,78.73
15.107999999999997,60.8658,75.75
15.109000000000002,60.871,72.8
15.109999999999992,60.516,69.87
15.110999999999997,60.3073,66.97
15.112000000000002,60.2044,64.11
15.112999999999992,60.4293,61.28
15.113999999999997,60.4898,58.49
15.115000000000002,60.4834,55.74
15.115999999999993,60.0729,53.03
15.116999999999997,60.0935,50.37
15.118000000000002,60.3356,47.76
15.118999999999993,60.9282,45.2
15.119999999999997,60.9391,42.69
15.121000000000002,60.6152,40.24
15.121999999999993,60.2939,37.85
15.122999999999998,59.8743,35.52
15.124000000000002,60.0309,33.26
15.124999999999993,60.3343,31.06
15.125999999999998,60.5551,28.92
15.127000000000002,60.1655,26.86
15.127999999999993,60.0325,24.87
15.128999999999998,60.2061,22.96
15.130000000000003,60.7617,21.12
15.130999999999993,61.0607,19.36
15.131999999999998,60.8838,17.68
15.133000000000003,60.3364,16.08
15.133999999999993,60.0706,14.56
15.134999999999998,60.1989,13.13
15.136000000000003,60.6366,11.78
15.136999999999993,60.6178,10.52
15.137999999999998,60.5944,9.35
15.139000000000003,60.2092,8.26
15.139999999999993,59.9566,7.27
15.140999999999998,60.256,6.37
15.142000000000003,60.7256,5.56
15.142999999999994,60.8823,4.85
15.143999999999998,60.5271,4.23
15.145000000000003,60.0525,3.7
15.145999999999994,59.7593,3.27
15.146999999999998,59.976,2.93
15.148000000000003,60.4546,2.69
15.148999999999994,60.8783,2.55
15.149999999999999,60.5018,2.5
15.151000000000003,60.0302,2.55
15.151999999999994,59.9313,2.69
15.152999999999999,60.3924,2.93
15.154000000000003,60.5493,3.27
15.154999999999994,60.7432,3.7
15.155999999999999,60.6287,4.23
15.157000000000004,60.0875,4.85
15.157999999999994,59.8241,5.56
15.158999999999999,59.938,6.37
15.160000000000004,60.334,7.27
15.160999999999994,60.4264,8.26
15.161999999999999,60.2517,9.35
15.163000000000004,60.043,10.52
15.163999999999994,60.2156,11.78
15.165,60.6238,13.13
15.166000000000004,60.8041,14.56
15.166999999999994,60.4727,16.08
15.168,60.0956,17.68
15.169000000000004,59.856,19.36
15.169999999999995,59.7428,21.12
15.171,60.0389,22.96
15.172000000000004,60.3173,24.87
15.172999999999995,60.6793,26.86
15.174,60.5134,28.92
15.175000000000004,60.2154,31.06
15.175999999999995,60.1044,33.26
15.177,60.3652,35.52
15.178000000000004,60.4795,37.85
15.178999999999995,60.4268,40.24
15.18,60.0473,42.69
15.181000000000004,59.961,45.2
15.181999999999995,60.1157,47.76
15.183,60.5097,50.37
15.18399999999999,60.6609,53.03
15.184999999999995,60.3337,55.74
15.186,60.1152,58.49
15.18699999999999,59.9884,61.28
15.187999999999995,60.2655,64.11
15.189,60.7415,66.97
15.18999999999999,60.7002,69.87
15.190999999999995,60.3671,72.8
15.192,59.7966,75.75
15.19299999999999,59.7217,78.73
15.193999999999996,59.8404,81.73
15.195,60.1839,84.75
15.19599999999999,60.1137,87.78
15.196999999999996,60.0797,90.82
15.198,59.9525,93.88
15.198999999999991,60.3451,96.94
15.199999999999996,60.4341,100.0
15.201,60.4187,103.06
15.201999999999991,60.1082,106.12
15.202999999999996,59.9056,109.18
15.204,59.6797,112.22
15.204999999999991,59.9394,115.25
15.205999999999996,60.1715,118.27
15.207,60.4302,121.27
15.207999999999991,60.3285,124.25
15.208999999999996,60.2196,127.2
15.21,60.2992,130.13
15.210999999999991,60.4811,133.03
15.211999999999996,60.6791,135.89
15.213000000000001,60.6133,138.72
15.213999999999992,60.3028,141.51
15.214999999999996,59.8688,144.26
15.216000000000001,60.02,146.97
15.216999999999992,60.4858,149.63
15.217999999999996,60.6449,152.24
15.219000000000001,60.669,154.8
15.219999999999992,60.1672,157.31
15.220999999999997,59.9326,159.76
15.222000000000001,59.9719,162.15
15.222999999999992,60.6646,164.48
15.223999999999997,60.8264,166.74
15.225000000000001,60.7995,168.94
15.225999999999992,60.1305,171.07
15.226999999999997,59.8683,173.13
15.228000000000002,59.8259,175.12
15.228999999999992,60.313,177.04
15.229999999999997,60.4472,178.88
15.231000000000002,60.4163,180.64
15.231999999999992,60.1918,182.32
15.232999999999997,60.4458,183.92
15.234000000000002,60.7483,185.44
15.234999999999992,60.7754,186.87
15.235999999999997,60.8494,188.22
15.237000000000002,60.5168,189.48
15.237999999999992,60.2848,190.65
15.238999999999997,60.1311,191.74
15.240000000000002,60.1136,192.73
15.240999999999993,60.2595,193.63
15.241999999999997,60.1417,194.44
15.243000000000002,60.1761,195.15
15.243999999999993,60.1053,195.77
15.244999999999997,60.2212,196.3
15.246000000000002,60.4179,196.73
15.246999999999993,60.6576,197.07
15.247999999999998,60.4737,197.31
15.249000000000002,60.0877,197.45
15.249999999999993,59.826,197.5
15.250999999999998,59.8579,197.45
15.252000000000002,60.1193,197.31
15.252999999999993,60.3255,197.07
15.253999999999998,60.49,196.73
15.255000000000003,60.2106,196.3
15.255999999999993,60.1606,195.77
15.256999999999998,60.2556,195.15
15.258000000000003,60.5495,194.44
15.258999999999993,60.5186,193.63
15.259999999999998,60.2633,192.73
15.261000000000003,59.9379,191.74
15.261999999999993,59.7905,190.65
15.262999999999998,60.005,189.48
15.264000000000003,60.1887,188.22
15.264999999999993,60.3349,186.87
15.265999999999998,60.1147,185.44
15.267000000000003,60.1012,183.92
15.267999999999994,60.1334,182.32
15.268999999999998,60.2221,180.64
15.270000000000003,60.7386,178.88
15.270999999999994,60.5575,177.04
15.271999999999998,60.4081,175.12
15.273000000000003,60.051,173.13
15.273999999999994,59.9562,171.07
15.274999999999999,59.8403,168.94
15.276000000000003,59.7607,166.74
15.276999999999994,59.9054,164.48
15.277999999999999,59.8647,162.15
15.279000000000003,59.9517,159.76
15.279999999999994,60.0799,157.31
15.280999999999999,60.3837,154.8
15.282000000000004,60.4474,152.24
15.282999999999994,60.203,149.63
15.283999999999999,60.1091,146.97
15.285000000000004,59.6827,144.26
15.285999999999994,59.558,141.51
15.286999999999999,59.7339,138.72
15.288000000000004,59.9664,135.89
15.288999999999994,60.1123,133.03
15.29,60.0039,130.13
15.291000000000004,59.8939,127.2
15.291999999999994,60.068,124.25
15.293,60.3684,121.27
15.294000000000004,60.4754,118.27
15.294999999999995,60.1152,115.25
15.296,59.728,112.22
15.297000000000004,59.6475,109.18
15.297999999999995,59.8189,106.12
15.299,60.1929,103.06
15.300000000000004,60.2825,100.0
15.300999999999995,60.2667,96.94
15.302,60.1202,93.88
15.303000000000004,60.2816,90.82
15.303999999999995,60.5981,87.78
15.305,60.6198,84.75
15.306000000000004,60.2631,81.73
15.306999999999995,59.8214,78.73
15.308,59.511,75.75
15.30899999999999,59.8152,72.8
15.309999999999995,60.0289,69.87
15.311,60.1947,66.97
15.31199999999999,59.974,64.11
15.312999999999995,59.9438,61.28
15.314,59.8116,58.49
15.31499999999999,60.1452,55.74
15.315999999999995,60.1894,53.03
15.317,60.5253,50.37
15.31799999999999,60.2039,47.76
15.318999999999996,59.8919,45.2
15.32,59.8125,42.69
15.32099999999999,59.8229,40.24
15.321999999999996,60.0305,37.85
15.323,60.1045,35.52
15.323999999999991,60.1872,33.26
15.324999999999996,60.1011,31.06
15.326,60.0909,28.92
15.326999999999991,60.4256,26.86
15.327999999999996,60.3591,24.87
15.329,60.4256,22.96
15.329999999999991,60.1744,21.12
15.330999999999996,59.9939,19.36
15.332,59.7612,17.68
15.332999999999991,59.7993,16.08
15.333999999999996,60.0358,14.56
15.335,60.0484,13.13
15.335999999999991,59.877,11.78
15.336999999999996,59.7852,10.52
15.338000000000001,60.0813,9.35
15.338999999999992,60.2376,8.26
15.339999999999996,60.2095,7.27
15.341000000000001,60.2857,6.37
15.341999999999992,59.9102,5.56
15.342999999999996,59.9102,4.85
15.344000000000001,59.6009,4.23
15.344999999999992,59.9242,3.7
15.345999999999997,59.9338,3.27
15.347000000000001,60.0001,2.93
15.347999999999992,59.928,2.69
15.348999999999997,59.9687,2.55
15.350000000000001,60.2798,2.5
15.350999999999992,60.5962,2.55
15.351999999999997,60.7029,2.69
15.353000000000002,60.316,2.93
15.353999999999992,59.918,3.27
15.354999999999997,59.7702,3.7
15.356000000000002,60.0258,4.23
15.356999999999992,60.2662,4.85
15.357999999999997,60.2435,5.56
15.359000000000002,60.0358,6.37
15.359999999999992,59.9194,7.27
15.360999999999997,59.9901,8.26
15.362000000000002,60.3667,9.35
15.362999999999992,60.4326,10.52
15.363999999999997,60.4917,11.78
15.365000000000002,60.2226,13.13
15.365999999999993,59.825,14.56
15.366999999999997,59.6745,16.08
15.368000000000002,59.6213,17.68
15.368999999999993,59.8287,19.36
15.369999999999997,59.8074,21.12
15.371000000000002,59.6098,22.96
15.371999999999993,59.3518,24.87
15.372999999999998,59.5467,26.86
15.374000000000002,60.0494,28.92
15.374999999999993,60.5679,31.06
15.375999999999998,60.3242,33.26
15.377000000000002,59.8062,35.52
15.377999999999993,59.3733,37.85
15.378999999999998,59.6486,40.24
15.380000000000003,59.9275,42.69
15.380999999999993,60.1417,45.2
15.381999999999998,60.0051,47.76
15.383000000000003,59.9147,50.37
15.383999999999993,59.8558,53.03
15.384999999999998,59.9614,55.74
15.386000000000003,60.2645,58.49
15.386999999999993,60.3828,61.28
15.387999999999998,60.1659,64.11
15.389000000000003,59.6748,66.97
15.389999999999993,59.5162,69.87
15.390999999999998,59.744,72.8
15.392000000000003,60.0606,75.75
15.392999999999994,60.0946,78.73
15.393999999999998,59.8289,81.73
15.395000000000003,59.8878,84.75
15.395999999999994,60.1541,87.78
15.396999999999998,60.4224,90.82
15.398000000000003,60.6678,93.88
15.398999999999994,60.5295,96.94
15.399999999999999,60.0188,100.0
15.401000000000003,59.5968,103.06
15.401999999999994,59.5474,106.12
15.402999999999999,59.9356,109.18
15.404000000000003,60.1435,112.22
15.404999999999994,59.9089,115.25
15.405999999999999,59.5538,118.27
15.407000000000004,59.4866,121.27
15.407999999999994,60.0043,124.25
15.408999999999999,60.3451,127.2
15.410000000000004,60.3551,130.13
15.410999999999994,59.8681,133.03
15.411999999999999,59.5808,135.89
15.413000000000004,59.4877,138.72
15.413999999999994,59.6681,141.51
15.415,59.9156,144.26
15.416000000000004,60.124,146.97
15.416999999999994,59.9423,149.63
15.418,59.7606,152.24
15.419000000000004,59.8623,154.8
15.419999999999995,60.3304,157.31
15.421,60.5605,159.76
15.422000000000004,60.4648,162.15
15.422999999999995,59.7494,164.48
15.424,59.4975,166.74
15.425000000000004,59.3966,168.94
15.425999999999995,59.7848,171.07
15.427,59.8405,173.13
15.428000000000004,59.6747,175.12
15.428999999999995,59.6713,177.04
15.43,59.6102,178.88
15.431000000000004,59.9382,180.64
15.431999999999995,60.1874,182.32
15.433,60.3548,183.92
15.43399999999999,59.8395,185.44
15.434999999999995,59.3795,186.87
15.436,59.0973,188.22
15.43699999999999,59.5829,189.48
15.437999999999995,60.0652,190.65
15.439,60.4629,191.74
15.43999999999999,60.2013,192.73
15.440999999999995,59.8411,193.63
15.442,59.9263,194.44
15.44299999999999,60.2005,195.15
15.443999999999996,60.6105,195.77
15.445,60.3012,196.3
15.44599999999999,60.2122,196.73
15.446999999999996,59.8121,197.07
15.448,59.7789,197.31
15.448999999999991,59.8694,197.45
15.449999999999996,60.0446,197.5
15.451,60.0551,197.45
15.451999999999991,59.8666,197.31
15.452999999999996,59.7302,197.07
15.454,59.9624,196.73
15.454999999999991,60.3002,196.3
15.455999999999996,60.5777,195.77
15.457,60.1168,195.15
15.457999999999991,59.556,194.44
15.458999999999996,59.4202,193.63
15.46,59.567,192.73
15.460999999999991,59.74,191.74
15.461999999999996,59.9762,190.65
15.463000000000001,59.9793,189.48
15.463999999999992,59.9146,188.22
15.464999999999996,59.5781,186.87
15.466000000000001,59.7387,185.44
15.466999999999992,59.9747,183.92
15.467999999999996,60.0778,182.32
15.469000000000001,59.8726,180.64
15.469999999999992,59.3647,178.88
15.470999999999997,59.3034,177.04
15.472000000000001,59.6485,175.12
15.472999999999992,60.0848,173.13
15.473999999999997,60.1676,171.07
15.475000000000001,59.6599,168.94
15.475999999999992,59.5153,166.74
15.476999999999997,59.656,164.48
15.478000000000002,60.1776,162.15
15.478999999999992,60.7808,159.76
15.479999999999997,60.5456,157.31
15.481000000000002,60.0587,154.8
15.481999999999992,59.4553,152.24
15.482999999999997,59.2292,149.63
15.484000000000002,59.4962,146.97
15.484999999999992,59.6726,144.26
15.485999999999997,59.8487,141.51
15.487000000000002,59.6108,138.72
15.487999999999992,59.6046,135.89
15.488999999999997,59.683,133.03
15.490000000000002,60.188,130.13
15.490999999999993,60.0798,127.2
15.491999999999997,59.9134,124.25
15.493000000000002,59.5119,121.27
15.493999999999993,59.6202,118.27
15.494999999999997,59.5586,115.25
15.496000000000002,59.8571,112.22
15.496999999999993,59.9282,109.18
15.497999999999998,60.1156,106.12
15.499000000000002,59.9505,103.06
15.499999999999993,60.0816,100.0
15.500999999999998,60.002,96.94
15.502000000000002,60.1126,93.88
15.502999999999993,60.0553,90.82
15.503999999999998,59.5916,87.78
15.505000000000003,59.3815,84.75
15.505999999999993,59.4011,81.73
15.506999999999998,59.919,78.73
15.508000000000003,60.1689,75.75
15.508999999999993,59.9456,72.8
15.509999999999998,59.7464,69.87
15.511000000000003,59.513,66.97
15.511999999999993,59.5258,64.11
15.512999999999998,60.1419,61.28
15.514000000000003,60.1494,58.49
15.514999999999993,60.0069,55.74
15.515999999999998,59.4392,53.03
15.517000000000003,59.3071,50.37
15.517999999999994,59.4249,47.76
15.518999999999998,59.8536,45.2
15.520000000000003,60.059,42.69
15.520999999999994,59.7646,40.24
15.521999999999998,59.3943,37.85
15.523000000000003,59.4799,35.52
15.523999999999994,60.0761,33.26
15.524999999999999,60.4447,31.06
15.526000000000003,60.3623,28.92
15.526999999999994,59.9468,26.86
15.527999999999999,59.514,24.87
15.529000000000003,59.2865,22.96
15.529999999999994,59.3233,21.12
15.530999999999999,59.6094,19.36
15.532000000000004,59.7255,17.68
15.532999999999994,59.7084,16.08
15.533999999999999,59.6775,14.56
15.535000000000004,59.689,13.13
15.535999999999994,59.943,11.78
15.536999999999999,60.2063,10.52
15.538000000000004,60.2602,9.35
15.538999999999994,59.82,8.26
15.54,59.3839,7.27
15.541000000000004,59.3362,6.37
15.541999999999994,59.716,5.56
15.543,60.1799,4.85
15.544000000000004,60.2449,4.23
15.544999999999995,59.7687,3.7
15.546,59.4024,3.27
15.547000000000004,59.5568,2.93
15.547999999999995,60.0737,2.69
15.549,60.4396,2.55
15.550000000000004,60.2214,2.5
15.550999999999995,59.6766,2.55
15.552,59.5942,2.69
15.553000000000004,59.8965,2.93
15.553999999999995,60.3315,3.27
15.555,60.2362,3.7
15.556000000000004,59.7357,4.23
15.556999999999995,59.6062,4.85
15.558,59.6049,5.56
15.55899999999999,59.9409,6.37
15.559999999999995,60.1612,7.27
15.561,60.3511,8.26
15.56199999999999,60.0423,9.35
15.562999999999995,59.5539,10.52
15.564,59.3616,11.78
15.56499999999999,59.7491,13.13
15.565999999999995,60.0833,14.56
15.567,59.9867,16.08
15.56799999999999,59.6797,17.68
15.568999999999996,59.6071,19.36
15.57,59.9698,21.12
15.57099999999999,60.2891,22.96
15.571999999999996,60.3293,24.87
15.573,59.9006,26.86
15.573999999999991,59.7459,28.92
15.574999999999996,59.4976,31.06
15.576,59.5761,33.26
15.576999999999991,60.0488,35.52
15.577999999999996,60.3754,37.85
15.579,60.0358,40.24
15.579999999999991,59.4921,42.69
15.580999999999996,59.3687,45.2
15.582,59.729,47.76
15.582999999999991,60.1451,50.37
15.583999999999996,60.1716,53.03
15.585,59.8506,55.74
15.585999999999991,59.5019,58.49
15.586999999999996,59.3451,61.28
15.588000000000001,59.6813,64.11
15.588999999999992,60.1323,66.97
15.589999999999996,60.2711,69.87
15.591000000000001,60.0802,72.8
15.591999999999992,59.852,75.75
15.592999999999996,59.76,78.73
15.594000000000001,59.9788,81.73
15.594999999999992,60.0533,84.75
15.595999999999997,59.8842,87.78
15.597000000000001,59.4688,90.82
15.597999999999992,59.3157,93.88
15.598999999999997,59.4279,96.94
15.600000000000001,59.7672,100.0
15.600999999999992,59.983,103.06
15.601999999999997,59.9753,106.12
15.603000000000002,59.7659,109.18
15.603999999999992,59.5268,112.22
15.604999999999997,59.8636,115.25
15.606000000000002,60.1108,118.27
15.606999999999992,60.1774,121.27
15.607999999999997,59.9483,124.25
15.609000000000002,59.5144,127.2
15.609999999999992,59.193,130.13
15.610999999999997,59.3577,133.03
15.612000000000002,59.6755,135.89
15.612999999999992,59.7788,138.72
15.613999999999997,59.6148,141.51
15.615000000000002,59.3418,144.26
15.615999999999993,59.5954,146.97
15.616999999999997,60.1658,149.63
15.618000000000002,60.319,152.24
15.618999999999993,60.0645,154.8
15.619999999999997,59.5237,157.31
15.621000000000002,59.3139,159.76
15.621999999999993,59.4439,162.15
15.622999999999998,59.6209,164.48
15.624000000000002,59.8903,166.74
15.624999999999993,60.0964,168.94
15.625999999999998,59.8051,171.07
15.627000000000002,59.5528,173.13
15.627999999999993,59.8699,175.12
15.628999999999998,60.1283,177.04
15.630000000000003,60.2506,178.88
15.630999999999993,59.812,180.64
15.631999999999998,59.2542,182.32
15.633000000000003,59.0939,183.92
15.633999999999993,59.2575,185.44
15.634999999999998,59.5673,186.87
15.636000000000003,59.6875,188.22
15.636999999999993,59.6205,189.48
15.637999999999998,59.4083,190.65
15.639000000000003,59.4105,191.74
15.639999999999993,59.6776,192.73
15.640999999999998,59.8649,193.63
15.642000000000003,60.0698,194.44
15.642999999999994,59.9479,195.15
15.643999999999998,59.7906,195.77
15.645000000000003,59.5275,196.3
15.645999999999994,59.8033,196.73
15.646999999999998,59.8539,197.07
15.648000000000003,59.7742,197.31
15.648999999999994,59.5989,197.45
15.649999999999999,59.5163,197.5
15.651000000000003,59.7987,197.45
15.651999999999994,59.9508,197.31
15.652999999999999,60.0945,197.07
15.654000000000003,59.7693,196.73
15.654999999999994,59.5661,196.3
15.655999999999999,59.1181,195.77
15.657000000000004,59.163,195.15
15.657999999999994,59.504,194.44
15.658999999999999,59.7167,193.63
15.660000000000004,59.5522,192.73
15.660999999999994,59.441,191.74
15.661999999999999,59.5793,190.65
15.663000000000004,59.8715,189.48
15.663999999999994,60.103,188.22
15.665,60.2584,186.87
15.666000000000004,59.8679,185.44
15.666999999999994,59.3133,183.92
15.668,59.1944,182.32
15.669000000000004,59.4252,180.64
15.669999999999995,59.738,178.88
15.671,59.7832,177.04
15.672000000000004,59.7851,175.12
15.672999999999995,59.627,173.13
15.674,59.7043,171.07
15.675000000000004,59.8894,168.94
15.675999999999995,60.1044,166.74
15.677,59.7827,164.48
15.678000000000004,59.4166,162.15
15.678999999999995,58.9547,159.76
15.68,59.2749,157.31
15.681000000000004,59.6093,154.8
15.681999999999995,59.8145,152.24
15.683,59.7444,149.63
15.68399999999999,59.4905,146.97
15.684999999999995,59.5479,144.26
15.686,59.7228,141.51
15.68699999999999,59.9162,138.72
15.687999999999995,60.1846,135.89
15.689,59.9458,133.03
15.68999999999999,59.7127,130.13
15.690999999999995,59.2385,127.2
15.692,59.4651,124.25
15.69299999999999,59.6661,121.27
15.693999999999996,59.771,118.27
15.695,59.5853,115.25
15.69599999999999,59.3785,112.22
15.696999999999996,59.564,109.18
15.698,59.8586,106.12
15.698999999999991,59.854,103.06
15.699999999999996,59.6588,100.0
15.701,59.2206,96.94
15.701999999999991,59.1884,93.88
15.702999999999996,59.0744,90.82
15.704,59.4008,87.78
15.704999999999991,59.5517,84.75
15.705999999999996,59.7646,81.73
15.707,59.5924,78.73
15.707999999999991,59.5338,75.75
15.708999999999996,59.4683,72.8
15.71,59.7531,69.87
15.710999999999991,59.8938,66.97
15.711999999999996,59.9269,64.11
15.713000000000001,59.4425,61.28
15.713999999999992,59.1207,58.49
15.714999999999996,59.0573,55.74
15.716000000000001,59.3855,53.03
15.716999999999992,59.6233,50.37
15.717999999999996,59.4507,47.76
15.719000000000001,59.3726,45.2
15.719999999999992,59.1463,42.69
15.720999999999997,59.5054,40.24
15.722000000000001,59.7986,37.85
15.722999999999992,60.0858,35.52
15.723999999999997,59.662,33.26
15.725000000000001,59.2307,31.06
15.725999999999992,59.177,28.92
15.726999999999997,59.4993,26.86
15.728000000000002,59.6383,24.87
15.728999999999992,59.38,22.96
15.729999999999997,59.0626,21.12
15.731000000000002,59.1782,19.36
15.731999999999992,59.5736,17.68
15.732999999999997,59.9427,16.08
15.734000000000002,60.0409,14.56
15.734999999999992,59.8316,13.13
15.735999999999997,59.5902,11.78
15.737000000000002,59.1851,10.52
15.737999999999992,59.0324,9.35
15.738999999999997,59.3184,8.26
15.740000000000002,59.7189,7.27
15.740999999999993,59.7574,6.37
15.741999999999997,59.6997,5.56
15.743000000000002,59.4082,4.85
15.743999999999993,59.5221,4.23
15.744999999999997,59.8585,3.7
15.746000000000002,60.1112,3.27
15.746999999999993,59.7577,2.93
15.747999999999998,59.1898,2.69
15.749000000000002,58.9565,2.55
15.749999999999993,59.3538,2.5
15.750999999999998,59.8087,2.55
15.752000000000002,59.7268,2.69
15.752999999999993,59.6127,2.93
15.753999999999998,59.3616,3.27
15.755000000000003,59.3569,3.7
15.755999999999993,59.5945,4.23
15.756999999999998,59.8267,4.85
15.758000000000003,59.979,5.56
15.758999999999993,59.6581,6.37
15.759999999999998,59.1897,7.27
15.761000000000003,58.9277,8.26
15.761999999999993,59.201,9.35
15.762999999999998,59.5216,10.52
15.764000000000003,59.688,11.78
15.764999999999993,59.357,13.13
15.765999999999998,59.3538,14.56
15.767000000000003,59.5352,16.08
15.767999999999994,59.8314,17.68
15.768999999999998,59.8773,19.36
15.770000000000003,59.6806,21.12
15.770999999999994,59.0909,22.96
15.771999999999998,59.0731,24.87
15.773000000000003,59.2341,26.86
15.773999999999994,59.5403,28.92
15.774999999999999,59.6605,31.06
15.776000000000003,59.5372,33.26
15.776999999999994,59.5237,35.52
15.777999999999999,59.3995,37.85
15.779000000000003,59.7894,40.24
15.779999999999994,60.0175,42.69
15.780999999999999,59.9938,45.2
15.782000000000004,59.4844,47.76
15.782999999999994,59.2298,50.37
15.783999999999999,59.3362,53.03
15.785000000000004,59.4752,55.74
15.785999999999994,59.5893,58.49
15.786999999999999,59.4509,61.28
15.788000000000004,59.382,64.11
15.788999999999994,59.3387,66.97
15.79,59.6674,69.87
15.791000000000004,59.8089,72.8
15.791999999999994,59.9425,75.75
15.793,59.6643,78.73
15.794000000000004,59.4253,81.73
15.794999999999995,59.0578,84.75
15.796,59.1134,87.78
15.797000000000004,59.352,90.82
15.797999999999995,59.6144,93.88
15.799,59.5564,96.94
15.800000000000004,59.3791,100.0
15.800999999999995,59.2173,103.06
15.802,59.3241,106.12
15.803000000000004,59.7865,109.18
15.803999999999995,60.1455,112.22
15.805,60.0205,115.25
15.806000000000004,59.2867,118.27
15.806999999999995,58.8611,121.27
15.808,59.0636,124.25
15.80899999999999,59.7199,127.2
15.809999999999995,59.9322,130.13
15.811,59.7174,133.03
15.81199999999999,59.4246,135.89
15.812999999999995,59.3429,138.72
15.814,59.5301,141.51
15.81499999999999,59.7373,144.26
15.815999999999995,59.5435,146.97
15.817,59.2819,149.63
15.81799999999999,58.78,152.24
15.818999999999996,58.8731,154.8
15.82,59.2626,157.31
15.82099999999999,59.6909,159.76
15.821999999999996,59.6714,162.15
15.823,59.6129,164.48
15.823999999999991,59.3819,166.74
15.824999999999996,59.5133,168.94
15.826,59.536,171.07
15.826999999999991,59.7678,173.13
15.827999999999996,59.5602,175.12
15.829,59.2033,177.04
15.829999999999991,58.8851,178.88
15.830999999999996,58.9781,180.64
15.832,59.3719,182.32
15.832999999999991,59.4733,183.92
15.833999999999996,59.3733,185.44
15.835,59.3227,186.87
15.835999999999991,59.1337,188.22
15.836999999999996,59.4406,189.48
15.838000000000001,59.5182,190.65
15.838999999999992,59.8649,191.74
15.839999999999996,59.6179,192.73
15.841000000000001,59.012,193.63
15.841999999999992,58.7485,194.44
15.842999999999996,58.8696,195.15
15.844000000000001,59.3726,195.77
15.844999999999992,59.3419,196.3
15.845999999999997,59.2799,196.73
15.847000000000001,59.1438,197.07
15.847999999999992,59.5374,197.31
15.848999999999997,59.7486,197.45
15.850000000000001,60.1465,197.5
15.850999999999992,60.1653,197.45
15.851999999999997,59.6963,197.31
15.853000000000002,59.2956,197.07
15.853999999999992,58.9252,196.73
15.854999999999997,59.2587,196.3
15.856000000000002,59.5191,195.77
15.856999999999992,59.635,195.15
15.857999999999997,59.3077,194.44
15.859000000000002,59.2628,193.63
15.859999999999992,59.4862,192.73
15.860999999999997,59.8443,191.74
15.862000000000002,59.803,190.65
15.862999999999992,59.4235,189.48
15.863999999999997,59.0237,188.22
15.865000000000002,58.9362,186.87
15.865999999999993,59.0997,185.44
15.866999999999997,59.4851,183.92
15.868000000000002,59.5658,182.32
15.868999999999993,59.2514,180.64
15.869999999999997,59.1295,178.88
15.871000000000002,59.2025,177.04
15.871999999999993,59.8108,175.12
15.872999999999998,59.9676,173.13
15.874000000000002,59.7115,171.07
15.874999999999993,59.395,168.94
15.875999999999998,59.0169,166.74
15.877000000000002,59.3445,164.48
15.877999999999993,59.2573,162.15
15.878999999999998,59.5295,159.76
15.880000000000003,59.3386,157.31
15.880999999999993,59.3157,154.8
15.881999999999998,59.2665,152.24
15.883000000000003,59.3495,149.63
15.883999999999993,59.6359,146.97
15.884999999999998,59.8607,144.26
15.886000000000003,59.7568,141.51
15.886999999999993,59.3077,138.72
15.887999999999998,59.0488,135.89
15.889000000000003,59.165,133.03
15.889999999999993,59.4946,130.13
15.890999999999998,59.6914,127.2
15.892000000000003,59.6841,124.25
15.892999999999994,59.3235,121.27
15.893999999999998,59.3424,118.27
15.895000000000003,59.5868,115.25
15.895999999999994,60.002,112.22
15.896999999999998,59.8382,109.18
15.898000000000003,59.5428,106.12
15.898999999999994,59.2028,103.06
15.899999999999999,58.9791,100.0
15.901000000000003,59.1282,96.94
15.901999999999994,59.3006,93.88
15.902999999999999,59.4684,90.82
15.904000000000003,59.3365,87.78
15.904999999999994,59.0826,84.75
15.905999999999999,59.1787,81.73
15.907000000000004,59.5145,78.73
15.907999999999994,59.9855,75.75
15.908999999999999,59.8842,72.8
15.910000000000004,59.6264,69.87
15.910999999999994,59.0845,66.97
15.911999999999999,59.1563,64.11
15.913000000000004,59.2854,61.28
15.913999999999994,59.4463,58.49
15.915,59.2655,55.74
15.916000000000004,59.3251,53.03
15.916999999999994,59.2267,50.37
15.918,59.5699,47.76
15.919000000000004,59.8529,45.2
15.919999999999995,59.9302,42.69
15.921,59.9476,40.24
15.922000000000004,59.5709,37.85
15.922999999999995,59.4279,35.52
15.924,59.429,33.26
15.925000000000004,59.6914,31.06
15.925999999999995,59.4468,28.92
15.927,59.2386,26.86
15.928000000000004,59.0406,24.87
15.928999999999995,59.3512,22.96
15.93,59.3945,21.12
15.931000000000004,59.661,19.36
15.931999999999995,59.656,17.68
15.933,59.2682,16.08
15.93399999999999,59.0618,14.56
15.934999999999995,58.9643,13.13
15.936,59.2567,11.78
15.93699999999999,59.3962,10.52
15.937999999999995,59.4993,9.35
15.939,59.2578,8.26
15.93999999999999,59.1594,7.27
15.940999999999995,59.3062,6.37
15.942,59.7575,5.56
15.94299999999999,59.9434,4.85
15.943999999999996,59.7545,4.23
15.945,59.3752,3.7
15.94599999999999,59.251,3.27
15.946999999999996,59.0264,2.93
15.948,59.2728,2.69
15.948999999999991,59.2677,2.55
15.949999999999996,59.4303,2.5
15.951,59.1662,2.55
15.951999999999991,59.2294,2.69
15.952999999999996,59.2889,2.93
15.954,59.6919,3.27
15.954999999999991,59.7212,3.7
15.955999999999996,59.6334,4.23
15.957,59.1963,4.85
15.957999999999991,59.0474,5.56
15.958999999999996,59.1549,6.37
15.96,59.4632,7.27
15.960999999999991,59.5488,8.26
15.961999999999996,59.4919,9.35
15.963000000000001,59.1695,10.52
15.963999999999992,59.1137,11.78
15.964999999999996,59.5487,13.13
15.966000000000001,59.9722,14.56
15.966999999999992,60.039,16.08
15.967999999999996,59.4718,17.68
15.969000000000001,58.992,19.36
15.969999999999992,59.0038,21.12
15.970999999999997,59.3868,22.96
15.972000000000001,59.5759,24.87
15.972999999999992,59.3599,26.86
15.973999999999997,59.179,28.92
15.975000000000001,59.2921,31.06
15.975999999999992,59.5623,33.26
15.976999999999997,59.9037,35.52
15.978000000000002,59.9829,37.85
15.978999999999992,59.7729,40.24
15.979999999999997,59.3643,42.69
15.981000000000002,59.1278,45.2
15.981999999999992,59.1799,47.76
15.982999999999997,59.3346,50.37
15.984000000000002,59.3634,53.03
15.984999999999992,59.2472,55.74
15.985999999999997,59.1521,58.49
15.987000000000002,59.272,61.28
15.987999999999992,59.4366,64.11
15.988999999999997,59.692,66.97
15.990000000000002,59.5564,69.87
15.990999999999993,59.2054,72.8
15.991999999999997,58.7301,75.75
15.993000000000002,58.796,78.73
15.993999999999993,58.9414,81.73
15.994999999999997,59.333,84.75
15.996000000000002,59.4617,87.78
15.996999999999993,59.2961,90.82
15.997999999999998,59.1611,93.88
15.999000000000002,59.3044,96.94
15.999999999999993,59.7074,100.0
16.000999999999998,59.8372,103.06
16.002000000000002,59.734,106.12
16.002999999999993,59.335,109.18
16.003999999999998,58.9583,112.22
16.005000000000003,59.0242,115.25
16.005999999999993,59.3283,118.27
16.006999999999998,59.5418,121.27
16.008000000000003,59.3332,124.25
16.008999999999993,58.9915,127.2
16.009999999999998,59.2239,130.13
16.011000000000003,59.3101,133.03
16.011999999999993,59.6073,135.89
16.012999999999998,59.5592,138.72
16.014000000000003,59.4454,141.51
16.014999999999993,59.0829,144.26
16.016,59.0364,146.97
16.017000000000003,59.0618,149.63
16.017999999999994,59.5481,152.24
16.019,59.4042,154.8
16.020000000000003,59.3031,157.31
16.020999999999994,59.1124,159.76
16.022,59.3785,162.15
16.023000000000003,59.6741,164.48
16.023999999999994,59.5916,166.74
16.025,59.337,168.94
16.026000000000003,58.857,171.07
16.026999999999994,58.8671,173.13
16.028,58.7412,175.12
16.029000000000003,59.2688,177.04
16.029999999999994,59.4113,178.88
16.031,59.528,180.64
16.032000000000004,59.0505,182.32
16.032999999999994,59.0121,183.92
16.034,59.2778,185.44
16.035000000000004,59.7139,186.87
16.035999999999994,59.8792,188.22
16.037,59.5408,189.48
16.038000000000004,59.1239,190.65
16.038999999999994,58.9105,191.74
16.04,59.1108,192.73
16.041000000000004,59.5009,193.63
16.041999999999994,59.6191,194.44
16.043,59.4734,195.15
16.044000000000004,59.0641,195.77
16.044999999999995,58.9074,196.3
16.046,59.1941,196.73
16.047000000000004,59.5904,197.07
16.047999999999995,59.6975,197.31
16.049,59.1126,197.45
16.050000000000004,58.9803,197.5
16.050999999999995,58.8752,197.45
16.052,59.2377,197.31
16.053000000000004,59.4638,197.07
16.053999999999995,59.315,196.73
16.055,59.3499,196.3
16.056000000000004,59.1364,195.77
16.056999999999995,59.38,195.15
16.058,59.6283,194.44
16.05899999999999,59.7315,193.63
16.059999999999995,59.5628,192.73
16.061,59.1448,191.74
16.06199999999999,58.807,190.65
16.062999999999995,58.9196,189.48
16.064,59.3491,188.22
16.06499999999999,59.6163,186.87
16.065999999999995,59.5509,185.44
16.067,59.3058,183.92
16.06799999999999,59.221,182.32
16.068999999999996,59.5679,180.64
16.07,59.7611,178.88
16.07099999999999,59.65,177.04
16.071999999999996,59.2005,175.12
16.073,58.7442,173.13
16.07399999999999,58.8695,171.07
16.074999999999996,58.8732,168.94
16.076,59.4327,166.74
16.07699999999999,59.6779,164.48
16.077999999999996,59.5225,162.15
16.079,58.9239,159.76
16.07999999999999,58.8082,157.31
16.080999999999996,59.1745,154.8
16.082,59.6327,152.24
16.08299999999999,59.4809,149.63
16.083999999999996,59.1652,146.97
16.085,58.8097,144.26
16.08599999999999,59.0515,141.51
16.086999999999996,59.2687,138.72
16.088,59.3757,135.89
16.08899999999999,59.1982,133.03
16.089999999999996,58.8828,130.13
16.091,58.9747,127.2
16.09199999999999,58.9748,124.25
16.092999999999996,59.2364,121.27
16.094,59.4817,118.27
16.09499999999999,59.1751,115.25
16.095999999999997,58.8847,112.22
16.097,58.6275,109.18
16.097999999999992,58.9955,106.12
16.098999999999997,59.4201,103.06
16.1,59.4667,100.0
16.100999999999992,59.3311,96.94
16.101999999999997,58.8252,93.88
16.103,58.954,90.82
16.103999999999992,59.236,87.78
16.104999999999997,59.6415,84.75
16.106,59.3796,81.73
16.106999999999992,59.1097,78.73
16.107999999999997,58.4485,75.75
16.109,58.5756,72.8
16.109999999999992,58.9303,69.87
16.110999999999997,59.3912,66.97
16.112000000000002,59.4598,64.11
16.112999999999992,59.2677,61.28
16.113999999999997,59.1224,58.49
16.115000000000002,59.2885,55.74
16.115999999999993,59.5096,53.03
16.116999999999997,59.6772,50.37
16.118000000000002,59.1263,47.76
16.118999999999993,58.9721,45.2
16.119999999999997,58.8059,42.69
16.121000000000002,59.1705,40.24
16.121999999999993,59.2078,37.85
16.122999999999998,59.4606,35.52
16.124000000000002,59.293,33.26
16.124999999999993,59.0743,31.06
16.125999999999998,58.9406,28.92
16.127000000000002,59.1967,26.86
16.127999999999993,59.475,24.87
16.128999999999998,59.4947,22.96
16.130000000000003,59.1026,21.12
16.130999999999993,58.836,19.36
16.131999999999998,58.8052,17.68
16.133000000000003,58.8305,16.08
16.133999999999993,59.0041,14.56
16.134999999999998,58.9613,13.13
16.136000000000003,58.8924,11.78
16.136999999999993,58.82,10.52
16.137999999999998,59.0497,9.35
16.139000000000003,59.6862,8.26
16.139999999999993,59.8402,7.27
16.141,59.8113,6.37
16.142000000000003,59.1344,5.56
16.142999999999994,58.6389,4.85
16.144,58.5989,4.23
16.145000000000003,59.0113,3.7
16.145999999999994,59.3329,3.27
16.147,59.2875,2.93
16.148000000000003,59.2633,2.69
16.148999999999994,59.0621,2.55
16.15,59.3761,2.5
16.151000000000003,59.572,2.55
16.151999999999994,59.6395,2.69
16.153,59.1307,2.93
16.154000000000003,58.6458,3.27
16.154999999999994,58.6426,3.7
16.156,58.7077,4.23
16.157000000000004,59.2767,4.85
16.157999999999994,59.3816,5.56
16.159,59.3271,6.37
16.160000000000004,59.0172,7.27
16.160999999999994,58.8244,8.26
16.162,59.0274,9.35
16.163000000000004,59.475,10.52
16.163999999999994,59.5307,11.78
16.165,59.2016,13.13
16.166000000000004,58.6726,14.56
16.166999999999994,58.627,16.08
16.168,59.0332,17.68
16.169000000000004,59.2779,19.36
16.169999999999995,59.1065,21.12
16.171,58.7063,22.96
16.172000000000004,58.693,24.87
16.172999999999995,58.8211,26.86
16.174,59.3629,28.92
16.175000000000004,59.6859,31.06
16.175999999999995,59.7851,33.26
16.177,59.3149,35.52
16.178000000000004,58.9013,37.85
16.178999999999995,58.8554,40.24
16.18,59.1745,42.69
16.181000000000004,59.3968,45.2
16.181999999999995,59.236,47.76
16.183,59.0233,50.37
16.18399999999999,58.9936,53.03
16.184999999999995,59.236,55.74
16.186,59.397,58.49
16.18699999999999,59.4349,61.28
16.187999999999995,59.3147,64.11
16.189,58.8084,66.97
16.18999999999999,58.65,69.87
16.190999999999995,58.815,72.8
16.192,59.0126,75.75
16.19299999999999,59.085,78.73
16.193999999999996,58.9196,81.73
16.195,58.914,84.75
16.19599999999999,59.2324,87.78
16.196999999999996,59.5948,90.82
16.198,59.7978,93.88
16.19899999999999,59.4048,96.94
16.199999999999996,59.1002,100.0
16.201,58.8636,103.06
16.20199999999999,59.0514,106.12
16.202999999999996,59.0831,109.18
16.204,59.1173,112.22
16.20499999999999,59.0727,115.25
16.205999999999996,59.083,118.27
16.207,58.953,121.27
16.20799999999999,59.2117,124.25
16.208999999999996,59.3695,127.2
16.21,59.8154,130.13
16.21099999999999,59.2929,133.03
16.211999999999996,58.9003,135.89
16.213,58.5166,138.72
16.21399999999999,59.0272,141.51
16.214999999999996,59.4349,144.26
16.216,59.5748,146.97
16.21699999999999,59.2205,149.63
16.217999999999996,58.8408,152.24
16.219,59.124,154.8
16.21999999999999,59.6285,157.31
16.220999999999997,59.7278,159.76
16.222,59.6606,162.15
16.222999999999992,59.2612,164.48
16.223999999999997,58.7432,166.74
16.225,58.7245,168.94
16.225999999999992,58.7007,171.07
16.226999999999997,59.0097,173.13
16.228,58.8907,175.12
16.228999999999992,58.8576,177.04
16.229999999999997,58.8653,178.88
16.231,59.0668,180.64
16.231999999999992,59.4792,182.32
16.232999999999997,59.5921,183.92
16.234,59.303,185.44
16.234999999999992,58.7624,186.87
16.235999999999997,58.6357,188.22
16.237000000000002,58.633,189.48
16.237999999999992,58.952,190.65
16.238999999999997,59.191,191.74
16.240000000000002,59.0339,192.73
16.240999999999993,58.9799,193.63
16.241999999999997,58.9761,194.44
16.243000000000002,59.2182,195.15
16.243999999999993,59.4297,195.77
16.244999999999997,59.5477,196.3
16.246000000000002,59.1513,196.73
16.246999999999993,58.6072,197.07
16.247999999999998,58.2922,197.31
16.249000000000002,58.6063,197.45
16.249999999999993,59.0601,197.5
16.250999999999998,59.2858,197.45
16.252000000000002,59.2336,197.31
16.252999999999993,59.2886,197.07
16.253999999999998,59.2319,196.73
16.255000000000003,59.1788,196.3
16.255999999999993,59.2201,195.77
16.256999999999998,59.1953,195.15
16.258000000000003,58.9362,194.44
16.258999999999993,58.6291,193.63
16.259999999999998,58.9292,192.73
16.261000000000003,59.034,191.74
16.261999999999993,59.3393,190.65
16.262999999999998,59.0262,189.48
16.264000000000003,58.986,188.22
16.264999999999993,59.1675,186.87
16.266,59.2443,185.44
16.267000000000003,59.3207,183.92
16.267999999999994,58.8973,182.32
16.269,58.8051,180.64
16.270000000000003,58.4917,178.88
16.270999999999994,58.4369,177.04
16.272,58.8055,175.12
16.273000000000003,59.2332,173.13
16.273999999999994,59.4868,171.07
16.275,59.1476,168.94
16.276000000000003,58.869,166.74
16.276999999999994,58.8086,164.48
16.278,59.2565,162.15
16.279000000000003,59.651,159.76
16.279999999999994,59.6914,157.31
16.281,59.1887,154.8
16.282000000000004,58.8117,152.24
16.282999999999994,58.8744,149.63
16.284,59.0439,146.97
16.285000000000004,59.2318,144.26
16.285999999999994,59.0617,141.51
16.287,58.9283,138.72
16.288000000000004,58.6935,135.89
16.288999999999994,59.1363,133.03
16.29,59.4381,130.13
16.291000000000004,59.5039,127.2
16.291999999999994,59.0189,124.25
16.293,58.6997,121.27
16.294000000000004,58.6021,118.27
16.294999999999995,58.7858,115.25
16.296,58.7929,112.22
16.297000000000004,58.9239,109.18
16.297999999999995,58.8265,106.12
16.299,58.9301,103.06
16.300000000000004,59.2007,100.0
16.300999999999995,59.4226,96.94
16.302,59.7994,93.88
16.303000000000004,59.6757,90.82
16.303999999999995,59.2502,87.78
16.305,58.7517,84.75
16.306000000000004,58.9808,81.73
16.306999999999995,59.0077,78.73
16.308,59.4122,75.75
16.30899999999999,59.0659,72.8
16.309999999999995,58.916,69.87
16.311,58.7816,66.97
16.31199999999999,58.9254,64.11
16.312999999999995,59.2334,61.28
16.314,59.3896,58.49
16.31499999999999,59.0808,55.74
16.315999999999995,58.785,53.03
16.317,58.5169,50.37
16.31799999999999,58.6634,47.76
16.318999999999996,58.8581,45.2
16.32,59.037,42.69
16.32099999999999,58.9558,40.24
16.321999999999996,59.0375,37.85
16.323,58.8882,35.52
16.32399999999999,59.1363,33.26
16.324999999999996,59.2146,31.06
16.326,59.3682,28.92
16.32699999999999,58.9023,26.86
16.327999999999996,58.5567,24.87
16.329,58.3132,22.96
16.32999999999999,58.4707,21.12
16.330999999999996,58.7291,19.36
16.332,58.9991,17.68
16.33299999999999,58.9787,16.08
16.333999999999996,59.0236,14.56
16.335,58.9685,13.13
16.33599999999999,59.2958,11.78
16.336999999999996,59.474,10.52
16.338,59.4622,9.35
16.33899999999999,58.8916,8.26
16.339999999999996,58.5049,7.27
16.341,58.3625,6.37
16.34199999999999,58.7017,5.56
16.342999999999996,58.8846,4.85
16.344,58.9204,4.23
16.34499999999999,58.8118,3.7
16.345999999999997,58.8652,3.27
16.347,58.9142,2.93
16.347999999999992,59.1203,2.69
16.348999999999997,59.1844,2.55
16.35,59.0257,2.5
16.350999999999992,58.6088,2.55
16.351999999999997,58.3933,2.69
16.353,58.5415,2.93
16.353999999999992,59.0678,3.27
16.354999999999997,59.1752,3.7
16.356,59.2589,4.23
16.356999999999992,58.9817,4.85
16.357999999999997,59.0489,5.56
16.359,59.3807,6.37
16.359999999999992,59.7479,7.27
16.360999999999997,59.5057,8.26
16.362000000000002,59.1462,9.35
16.362999999999992,58.7279,10.52
16.363999999999997,58.8558,11.78
16.365000000000002,59.0483,13.13
16.365999999999993,59.1374,14.56
16.366999999999997,59.1452,16.08
16.368000000000002,58.6607,17.68
16.368999999999993,58.6984,19.36
16.369999999999997,58.9973,21.12
16.371000000000002,59.4023,22.96
16.371999999999993,59.5124,24.87
16.372999999999998,59.2007,26.86
16.374000000000002,58.9073,28.92
16.374999999999993,58.623,31.06
16.375999999999998,58.8422,33.26
16.377000000000002,59.0962,35.52
16.377999999999993,59.3025,37.85
16.378999999999998,58.9882,40.24
16.380000000000003,58.725,42.69
16.380999999999993,58.8043,45.2
16.381999999999998,58.9599,47.76
16.383000000000003,59.5786,50.37
16.383999999999993,59.4367,53.03
16.384999999999998,59.0768,55.74
16.386000000000003,58.5374,58.49
16.386999999999993,58.5604,61.28
16.387999999999998,58.9183,64.11
16.389000000000003,59.2261,66.97
16.389999999999993,59.0727,69.87
16.391,58.8082,72.8
16.392000000000003,58.6284,75.75
16.392999999999994,58.8801,78.73
16.394,59.0971,81.73
16.395000000000003,59.3547,84.75
16.395999999999994,59.0972,87.78
16.397,58.6189,90.82
16.398000000000003,58.3677,93.88
16.398999999999994,58.3284,96.94
16.4,58.7105,100.0
16.401000000000003,59.1374,103.06
16.401999999999994,58.9443,106.12
16.403,58.7036,109.18
16.404000000000003,58.6486,112.22
16.404999999999994,59.0799,115.25
16.406,59.4387,118.27
16.407000000000004,59.507,121.27
16.407999999999994,59.109,124.25
16.409,58.642,127.2
16.410000000000004,58.4005,130.13
16.410999999999994,58.5637,133.03
16.412,59.0605,135.89
16.413000000000004,59.1897,138.72
16.413999999999994,59.1282,141.51
16.415,59.1147,144.26
16.416000000000004,59.1136,146.97
16.416999999999994,59.3076,149.63
16.418,59.348,152.24
16.419000000000004,59.2277,154.8
16.419999999999995,58.8858,157.31
16.421,58.6862,159.76
16.422000000000004,58.8183,162.15
16.422999999999995,59.0509,164.48
16.424,59.2551,166.74
16.425000000000004,58.9796,168.94
16.425999999999995,58.734,171.07
16.427,58.5671,173.13
16.428000000000004,58.7168,175.12
16.428999999999995,59.2429,177.04
16.43,59.4142,178.88
16.431000000000004,59.3817,180.64
16.431999999999995,58.9714,182.32
16.433,58.722,183.92
16.43399999999999,58.6443,185.44
16.434999999999995,58.9615,186.87
16.436,59.2344,188.22
16.43699999999999,58.9538,189.48
16.437999999999995,58.5623,190.65
16.439,58.5379,191.74
16.43999999999999,58.9215,192.73
16.440999999999995,59.3888,193.63
16.442,59.1519,194.44
16.44299999999999,58.7741,195.15
16.443999999999996,58.411,195.77
16.445,58.5182,196.3
16.44599999999999,58.896,196.73
16.446999999999996,59.1406,197.07
16.448,59.3,197.31
16.44899999999999,59.1348,197.45
16.449999999999996,58.9135,197.5
16.451,58.9784,197.45
16.45199999999999,59.0789,197.31
16.452999999999996,59.4351,197.07
16.454,59.2159,196.73
16.45499999999999,58.8922,196.3
16.455999999999996,58.7183,195.77
16.457,58.7144,195.15
16.45799999999999,58.9515,194.44
16.458999999999996,59.0361,193.63
16.46,58.9015,192.73
16.46099999999999,58.7737,191.74
16.461999999999996,58.6913,190.65
16.463,58.8544,189.48
16.46399999999999,59.2563,188.22
16.464999999999996,59.3822,186.87
16.466,59.2687,185.44
16.46699999999999,58.8221,183.92
16.467999999999996,58.5043,182.32
16.469,58.6222,180.64
16.46999999999999,58.9534,178.88
16.470999999999997,59.0221,177.04
16.472,58.6311,175.12
16.472999999999992,58.5274,173.13
16.473999999999997,58.7836,171.07
16.475,59.3358,168.94
16.475999999999992,59.4537,166.74
16.476999999999997,59.2404,164.48
16.478,58.8436,162.15
16.478999999999992,58.6812,159.76
16.479999999999997,58.6589,157.31
16.481,58.9929,154.8
16.481999999999992,59.2068,152.24
16.482999999999997,59.1156,149.63
16.484,58.7221,146.97
16.484999999999992,58.678,144.26
16.485999999999997,58.6699,141.51
16.487000000000002,58.9488,138.72
16.487999999999992,58.9106,135.89
16.488999999999997,58.9193,133.03
16.490000000000002,58.6539,130.13
16.490999999999993,58.5654,127.2
16.491999999999997,58.7326,124.25
16.493000000000002,58.8788,121.27
16.493999999999993,58.9804,118.27
16.494999999999997,58.9643,115.25
16.496000000000002,58.6898,112.22
16.496999999999993,58.6511,109.18
16.497999999999998,58.8545,106.12
16.499000000000002,59.1041,103.06
16.499999999999993,58.9758,100.0
16.500999999999998,58.4882,96.94
16.502000000000002,58.3326,93.88
16.502999999999993,58.3121,90.82
16.503999999999998,58.5119,87.78
16.505000000000003,58.6337,84.75
16.505999999999993,58.6799,81.73
16.506999999999998,58.5819,78.73
16.508000000000003,58.4148,75.75
16.508999999999993,58.6948,72.8
16.509999999999998,59.166,69.87
16.511000000000003,59.5002,66.97
16.511999999999993,59.4639,64.11
16.512999999999998,58.9469,61.28
16.514000000000003,58.3642,58.49
16.514999999999993,58.3235,55.74
16.516,58.6498,53.03
16.517000000000003,59.0764,50.37
16.517999999999994,59.1382,47.76
16.519,58.7579,45.2
16.520000000000003,58.6251,42.69
16.520999999999994,58.626,40.24
16.522,59.0063,37.85
16.523000000000003,59.397,35.52
16.523999999999994,59.2205,33.26
16.525,58.8381,31.06
16.526000000000003,58.4359,28.92
16.526999999999994,58.6728,26.86
16.528,58.8048,24.87
16.529000000000003,58.959,22.96
16.529999999999994,58.9821,21.12
16.531,58.8869,19.36
16.532000000000004,58.7065,17.68
16.532999999999994,58.8524,16.08
16.534,59.1535,14.56
16.535000000000004,59.2035,13.13
16.535999999999994,58.8506,11.78
16.537,58.4834,10.52
16.538000000000004,58.2958,9.35
16.538999999999994,58.6436,8.26
16.54,58.7082,7.27
16.541000000000004,58.8432,6.37
16.541999999999994,58.563,5.56
16.543,58.6496,4.85
16.544000000000004,58.7491,4.23
16.544999999999995,59.0994,3.7
16.546,59.5109,3.27
16.547000000000004,59.1689,2.93
16.547999999999995,58.8126,2.69
16.549,58.5811,2.55
16.550000000000004,58.7239,2.5
16.550999999999995,59.0817,2.55
16.552,59.0912,2.69
16.553000000000004,58.9168,2.93
16.553999999999995,58.5709,3.27
16.555,58.6091,3.7
16.556000000000004,59.0161,4.23
16.556999999999995,59.5515,4.85
16.558,59.3788,5.56
16.55899999999999,59.0084,6.37
16.559999999999995,58.6152,7.27
16.561,58.3214,8.26
16.56199999999999,58.5258,9.35
16.562999999999995,58.8867,10.52
16.564,58.9933,11.78
16.56499999999999,58.7184,13.13
16.565999999999995,58.3132,14.56
16.567,58.3228,16.08
16.56799999999999,58.9475,17.68
16.568999999999996,59.2188,19.36
16.57,59.0538,21.12
16.57099999999999,58.387,22.96
16.571999999999996,58.2752,24.87
16.573,58.3814,26.86
16.57399999999999,58.6923,28.92
16.574999999999996,58.6271,31.06
16.576,58.6565,33.26
16.57699999999999,58.5142,35.52
16.577999999999996,58.4222,37.85
16.579,58.6022,40.24
16.57999999999999,59.0656,42.69
16.580999999999996,59.2309,45.2
16.582,58.9909,47.76
16.58299999999999,58.458,50.37
16.583999999999996,58.3416,53.03
16.585,58.6211,55.74
16.58599999999999,59.0403,58.49
16.586999999999996,59.1079,61.28
16.588,58.8661,64.11
16.58899999999999,58.6605,66.97
16.589999999999996,58.8484,69.87
16.591,59.1396,72.8
16.59199999999999,59.3754,75.75
16.592999999999996,59.3777,78.73
16.594,59.1327,81.73
16.59499999999999,58.712,84.75
16.595999999999997,58.5816,87.78
16.597,58.6645,90.82
16.597999999999992,58.9371,93.88
16.598999999999997,59.1113,96.94
16.6,58.9336,100.0
16.600999999999992,58.7813,103.06
16.601999999999997,58.9649,106.12
16.603,59.2528,109.18
16.603999999999992,59.322,112.22
16.604999999999997,58.8387,115.25
16.606,58.6836,118.27
16.606999999999992,58.6077,121.27
16.607999999999997,58.5826,124.25
16.609,58.8263,127.2
16.609999999999992,58.9109,130.13
16.610999999999997,59.0275,133.03
16.612000000000002,58.7749,135.89
16.612999999999992,58.736,138.72
16.613999999999997,58.7151,141.51
16.615000000000002,58.9192,144.26
16.615999999999993,59.0728,146.97
16.616999999999997,58.8773,149.63
16.618000000000002,58.6708,152.24
16.618999999999993,58.696,154.8
16.619999999999997,58.9181,157.31
16.621000000000002,59.0119,159.76
16.621999999999993,58.8015,162.15
16.622999999999998,58.4478,164.48
16.624000000000002,58.4211,166.74
16.624999999999993,58.5623,168.94
16.625999999999998,58.9862,171.07
16.627000000000002,59.1928,173.13
16.627999999999993,59.1599,175.12
16.628999999999998,58.6842,177.04
16.630000000000003,58.5567,178.88
16.630999999999993,58.4838,180.64
16.631999999999998,58.7676,182.32
16.633000000000003,58.7354,183.92
16.633999999999993,58.6076,185.44
16.634999999999998,58.2986,186.87
16.636000000000003,58.4525,188.22
16.636999999999993,58.7554,189.48
16.637999999999998,59.3219,190.65
16.639000000000003,59.1427,191.74
16.639999999999993,58.8019,192.73
16.641,58.5364,193.63
16.642000000000003,58.2131,194.44
16.642999999999994,58.3694,195.15
16.644,58.778,195.77
16.645000000000003,59.0462,196.3
16.645999999999994,58.8899,196.73
16.647,58.6975,197.07
16.648000000000003,58.7603,197.31
16.648999999999994,58.9886,197.45
16.65,59.1895,197.5
16.651000000000003,59.0607,197.45
16.651999999999994,58.8424,197.31
16.653,58.391,197.07
16.654000000000003,58.2668,196.73
16.654999999999994,58.6134,196.3
16.656,58.9197,195.77
16.657000000000004,58.8573,195.15
16.657999999999994,58.6672,194.44
16.659,58.6356,193.63
16.660000000000004,58.7647,192.73
16.660999999999994,58.8908,191.74
16.662,58.9702,190.65
16.663000000000004,58.9251,189.48
16.663999999999994,58.6932,188.22
16.665,58.5432,186.87
16.666000000000004,58.4767,185.44
16.666999999999994,58.7518,183.92
16.668,58.9701,182.32
16.669000000000004,59.0573,180.64
16.669999999999995,58.6786,178.88
16.671,58.4671,177.04
16.672000000000004,58.5631,175.12
16.672999999999995,58.76,173.13
16.674,59.1271,171.07
16.675000000000004,58.8264,168.94
16.675999999999995,58.5052,166.74
16.677,58.2963,164.48
16.678000000000004,58.416,162.15
16.678999999999995,58.7722,159.76
16.68,58.7645,157.31
16.681000000000004,58.766,154.8
16.681999999999995,58.6747,152.24
16.683,58.7512,149.63
16.68399999999999,59.1351,146.97
16.684999999999995,59.2015,144.26
16.686,59.1674,141.51
16.68699999999999,58.827,138.72
16.687999999999995,58.5872,135.89
16.689,58.5324,133.03
16.68999999999999,58.7595,130.13
16.690999999999995,59.0533,127.2
16.692,58.8491,124.25
16.69299999999999,58.5187,121.27
16.693999999999996,58.3422,118.27
16.695,58.7874,115.25
16.69599999999999,59.1928,112.22
16.696999999999996,59.4238,109.18
16.698,58.853,106.12
16.69899999999999,58.5865,103.06
16.699999999999996,58.5182,100.0
16.701,58.8591,96.94
16.70199999999999,59.1138,93.88
16.702999999999996,59.0005,90.82
16.704,58.6761,87.78
16.70499999999999,58.5855,84.75
16.705999999999996,58.4228,81.73
16.707,58.7818,78.73
16.70799999999999,58.923,75.75
16.708999999999996,59.1077,72.8
16.71,58.6792,69.87
16.71099999999999,58.4377,66.97
16.711999999999996,58.3671,64.11
16.713,58.8105,61.28
16.71399999999999,58.9695,58.49
16.714999999999996,58.9746,55.74
16.716,58.5781,53.03
16.71699999999999,58.458,50.37
16.717999999999996,58.6001,47.76
16.719,58.9894,45.2
16.71999999999999,59.0677,42.69
16.720999999999997,58.7812,40.24
16.722,58.3022,37.85
16.722999999999992,57.8185,35.52
16.723999999999997,58.1355,33.26
16.725,58.6049,31.06
16.725999999999992,58.9054,28.92
16.726999999999997,59.0016,26.86
16.728,58.6353,24.87
16.728999999999992,58.6548,22.96
16.729999999999997,58.7468,21.12
16.731,59.1655,19.36
16.731999999999992,59.0681,17.68
16.732999999999997,58.8112,16.08
16.734,58.6648,14.56
16.734999999999992,58.8961,13.13
16.735999999999997,59.234,11.78
16.737000000000002,59.1616,10.52
16.737999999999992,58.9842,9.35
16.738999999999997,58.8739,8.26
16.740000000000002,58.6357,7.27
16.740999999999993,58.8628,6.37
16.741999999999997,59.1548,5.56
16.743000000000002,59.2847,4.85
16.743999999999993,59.0138,4.23
16.744999999999997,58.733,3.7
16.746000000000002,58.5268,3.27
16.746999999999993,58.7748,2.93
16.747999999999998,58.9219,2.69
16.749000000000002,59.1171,2.55
16.749999999999993,58.8025,2.5
16.750999999999998,58.5938,2.55
16.752000000000002,58.5512,2.69
16.752999999999993,58.8149,2.93
16.753999999999998,58.8832,3.27
16.755000000000003,59.1645,3.7
16.755999999999993,58.8565,4.23
16.756999999999998,58.6316,4.85
16.758000000000003,58.2382,5.56
16.758999999999993,58.6216,6.37
16.759999999999998,58.8183,7.27
16.761000000000003,59.0615,8.26
16.761999999999993,58.6387,9.35
16.762999999999998,58.6788,10.52
16.764000000000003,58.6466,11.78
16.764999999999993,59.1055,13.13
16.766,59.314,14.56
16.767000000000003,59.1076,16.08
16.767999999999994,58.7289,17.68
16.769,58.073,19.36
16.770000000000003,58.0293,21.12
16.770999999999994,58.3672,22.96
16.772,58.9568,24.87
16.773000000000003,58.9548,26.86
16.773999999999994,58.7824,28.92
16.775,58.3293,31.06
16.776000000000003,58.7537,33.26
16.776999999999994,59.0221,35.52
16.778,59.2137,37.85
16.779000000000003,58.958,40.24
16.779999999999994,58.3502,42.69
16.781,58.3952,45.2
16.782000000000004,58.5259,47.76
16.782999999999994,58.9907,50.37
16.784,58.9598,53.03
16.785000000000004,58.8679,55.74
16.785999999999994,58.6306,58.49
16.787,58.6908,61.28
16.788000000000004,58.9096,64.11
16.788999999999994,59.2268,66.97
16.79,59.4788,69.87
16.791000000000004,59.1439,72.8
16.791999999999994,58.6366,75.75
16.793,58.3195,78.73
16.794000000000004,58.502,81.73
16.794999999999995,58.8859,84.75
16.796,58.8891,87.78
16.797000000000004,58.5338,90.82
16.797999999999995,58.3981,93.88
16.799,58.643,96.94
16.800000000000004,58.9908,100.0
16.800999999999995,59.2246,103.06
16.802,59.1164,106.12
16.803000000000004,58.7299,109.18
16.803999999999995,58.2491,112.22
16.805,58.2792,115.25
16.806000000000004,58.7166,118.27
16.806999999999995,58.8912,121.27
16.808,58.8949,124.25
16.80899999999999,58.4342,127.2
16.809999999999995,58.4158,130.13
16.811,58.6728,133.03
16.81199999999999,58.8712,135.89
16.812999999999995,58.9758,138.72
16.814,58.545,141.51
16.81499999999999,58.4372,144.26
16.815999999999995,58.1983,146.97
16.817,58.5205,149.63
16.81799999999999,58.6869,152.24
16.818999999999996,58.8325,154.8
16.82,58.6157,157.31
16.82099999999999,58.436,159.76
16.821999999999996,58.6648,162.15
16.823,59.1764,164.48
16.82399999999999,59.3862,166.74
16.824999999999996,59.1842,168.94
16.826,58.7702,171.07
16.82699999999999,58.4802,173.13
16.827999999999996,58.4547,175.12
16.829,58.5278,177.04
16.82999999999999,58.6066,178.88
16.830999999999996,58.4643,180.64
16.832,58.2869,182.32
16.83299999999999,58.1923,183.92
16.833999999999996,58.3841,185.44
16.835,58.8615,186.87
16.83599999999999,59.1164,188.22
16.836999999999996,58.8524,189.48
16.838,58.3673,190.65
16.83899999999999,58.1022,191.74
16.839999999999996,58.3056,192.73
16.841,58.5495,193.63
16.84199999999999,58.8134,194.44
16.842999999999996,58.687,195.15
16.844,58.5735,195.77
16.84499999999999,58.616,196.3
16.845999999999997,58.9274,196.73
16.847,59.244,197.07
16.847999999999992,59.1551,197.31
16.848999999999997,58.698,197.45
16.85,58.2362,197.5
16.850999999999992,58.1463,197.45
16.851999999999997,58.1879,197.31
16.853,58.3692,197.07
16.853999999999992,58.3804,196.73
16.854999999999997,58.2646,196.3
16.856,58.3169,195.77
16.856999999999992,58.5004,195.15
16.857999999999997,58.8579,194.44
16.859,59.1579,193.63
16.859999999999992,58.9125,192.73
16.860999999999997,58.4308,191.74
16.862000000000002,58.2082,190.65
16.862999999999992,58.4577,189.48
16.863999999999997,58.8168,188.22
16.865000000000002,58.7929,186.87
16.865999999999993,58.7511,185.44
16.866999999999997,58.583,183.92
16.868000000000002,58.5243,182.32
16.868999999999993,58.522,180.64
16.869999999999997,58.8554,178.88
16.871000000000002,59.0231,177.04
16.871999999999993,58.9185,175.12
16.872999999999998,58.3568,173.13
16.874000000000002,58.1572,171.07
16.874999999999993,58.4089,168.94
16.875999999999998,58.7488,166.74
16.877000000000002,58.8604,164.48
16.877999999999993,58.6503,162.15
16.878999999999998,58.4095,159.76
16.880000000000003,58.4063,157.31
16.880999999999993,58.6279,154.8
16.881999999999998,58.9612,152.24
16.883000000000003,58.9823,149.63
16.883999999999993,58.6595,146.97
16.884999999999998,58.5991,144.26
16.886000000000003,58.4688,141.51
16.886999999999993,58.6152,138.72
16.887999999999998,58.696,135.89
16.889000000000003,58.6817,133.03
16.889999999999993,58.5445,130.13
16.891,58.464,127.2
16.892000000000003,58.605,124.25
16.892999999999994,59.1908,121.27
16.894,59.2289,118.27
16.895000000000003,58.7175,115.25
16.895999999999994,58.2257,112.22
16.897,58.2015,109.18
16.898000000000003,58.6805,106.12
16.898999999999994,58.5687,103.06
16.9,58.7397,100.0
16.901000000000003,58.349,96.94
16.901999999999994,58.4494,93.88
16.903,58.4791,90.82
16.904000000000003,58.9932,87.78
16.904999999999994,59.1828,84.75
16.906,59.0576,81.73
16.907000000000004,58.7011,78.73
16.907999999999994,58.2592,75.75
16.909,58.1891,72.8
16.910000000000004,58.3771,69.87
16.910999999999994,58.7073,66.97
16.912,58.6551,64.11
16.913000000000004,58.4449,61.28
16.913999999999994,58.6187,58.49
16.915,58.7736,55.74
16.916000000000004,59.0807,53.03
16.916999999999994,59.2673,50.37
16.918,58.9817,47.76
16.919000000000004,58.3897,45.2
16.919999999999995,57.952,42.69
16.921,57.9459,40.24
16.922000000000004,58.4293,37.85
16.922999999999995,58.8097,35.52
16.924,58.6793,33.26
16.925000000000004,58.3649,31.06
16.925999999999995,58.3203,28.92
16.927,58.6321,26.86
16.928000000000004,58.952,24.87
16.928999999999995,58.8978,22.96
16.93,58.6587,21.12
16.931000000000004,58.3561,19.36
16.931999999999995,58.3425,17.68
16.933,58.353,16.08
16.93399999999999,58.7344,14.56
16.934999999999995,58.8964,13.13
16.936,58.8297,11.78
16.93699999999999,58.6859,10.52
16.937999999999995,58.9096,9.35
16.939,59.2201,8.26
16.93999999999999,59.4166,7.27
16.940999999999995,58.9735,6.37
16.942,58.3455,5.56
16.94299999999999,57.8289,4.85
16.943999999999996,58.077,4.23
16.945,58.3465,3.7
16.94599999999999,58.6078,3.27
16.946999999999996,58.3624,2.93
16.948,58.3298,2.69
16.94899999999999,58.4988,2.55
16.949999999999996,58.6591,2.5
16.951,58.9793,2.55
16.95199999999999,58.8774,2.69
16.952999999999996,58.6245,2.93
16.954,58.1904,3.27
16.95499999999999,57.9912,3.7
16.955999999999996,58.1722,4.23
16.957,58.5006,4.85
16.95799999999999,58.5804,5.56
16.958999999999996,58.4709,6.37
16.96,58.3793,7.27
16.96099999999999,58.5097,8.26
16.961999999999996,58.988,9.35
16.963,59.1543,10.52
16.96399999999999,59.2699,11.78
16.964999999999996,58.8541,13.13
16.966,58.4723,14.56
16.96699999999999,58.2963,16.08
16.967999999999996,58.6141,17.68
16.969,58.8649,19.36
16.96999999999999,59.0547,21.12
16.970999999999997,58.7894,22.96
16.972,58.6564,24.87
16.972999999999992,58.6821,26.86
16.973999999999997,58.9462,28.92
16.975,58.9864,31.06
16.975999999999992,58.7894,33.26
16.976999999999997,58.4877,35.52
16.978,58.4406,37.85
16.978999999999992,58.4771,40.24
16.979999999999997,58.518,42.69
16.981,58.6459,45.2
16.981999999999992,58.7511,47.76
16.982999999999997,58.6413,50.37
16.984,58.8392,53.03
16.984999999999992,59.1157,55.74
16.985999999999997,59.2064,58.49
16.987000000000002,58.8905,61.28
16.987999999999992,58.3467,64.11
16.988999999999997,58.062,66.97
16.990000000000002,58.1591,69.87
16.990999999999993,58.4788,72.8
16.991999999999997,58.6143,75.75
16.993000000000002,58.6493,78.73
16.993999999999993,58.4207,81.73
16.994999999999997,58.3792,84.75
16.996000000000002,58.4061,87.78
16.996999999999993,58.6417,90.82
16.997999999999998,58.9506,93.88
16.999000000000002,59.0139,96.94
16.999999999999993,58.6074,100.0
17.000999999999998,58.2967,103.06
17.002000000000002,58.254,106.12
17.002999999999993,58.6996,109.18
17.003999999999998,58.6868,112.22
17.005000000000003,58.7163,115.25
17.005999999999993,58.4521,118.27
17.006999999999998,58.6189,121.27
17.008000000000003,58.7681,124.25
17.008999999999993,59.0641,127.2
17.009999999999998,59.0216,130.13
17.011000000000003,58.627,133.03
17.011999999999993,58.2678,135.89
17.012999999999998,57.9098,138.72
17.014000000000003,58.0052,141.51
17.014999999999993,58.4173,144.26
17.016,58.5323,146.97
17.017000000000003,58.4578,149.63
17.017999999999994,58.1494,152.24
17.019,58.3623,154.8
17.020000000000003,58.6011,157.31
17.020999999999994,58.9328,159.76
17.022,58.8155,162.15
17.023000000000003,58.509,164.48
17.023999999999994,58.1802,166.74
17.025,58.0627,168.94
17.026000000000003,58.2622,171.07
17.026999999999994,58.5259,173.13
17.028,58.8171,175.12
17.029000000000003,58.7124,177.04
17.029999999999994,58.4384,178.88
17.031,58.448,180.64
17.032000000000004,58.7629,182.32
17.032999999999994,58.8707,183.92
17.034,58.7097,185.44
17.035000000000004,58.1643,186.87
17.035999999999994,58.2671,188.22
17.037,58.331,189.48
17.038000000000004,58.7469,190.65
17.038999999999994,58.6796,191.74
17.04,58.6359,192.73
17.041000000000004,58.3917,193.63
17.041999999999994,58.3189,194.44
17.043,58.7282,195.15
17.044000000000004,58.9479,195.77
17.044999999999995,59.1246,196.3
17.046,58.7642,196.73
17.047000000000004,58.2086,197.07
17.047999999999995,58.0942,197.31
17.049,58.4875,197.45
17.050000000000004,58.7886,197.5
17.050999999999995,58.5873,197.45
17.052,58.4661,197.31
17.053000000000004,58.2268,197.07
17.053999999999995,58.5588,196.73
17.055,58.6524,196.3
17.056000000000004,59.0121,195.77
17.056999999999995,59.0214,195.15
17.058,58.7765,194.44
17.05899999999999,58.4584,193.63
17.059999999999995,58.3263,192.73
17.061,58.4416,191.74
17.06199999999999,58.5795,190.65
17.062999999999995,58.49,189.48
17.064,58.0944,188.22
17.06499999999999,57.9982,186.87
17.065999999999995,58.4643,185.44
17.067,58.8896,183.92
17.06799999999999,59.0904,182.32
17.068999999999996,58.717,180.64
17.07,58.3697,178.88
17.07099999999999,58.0756,177.04
17.071999999999996,58.2813,175.12
17.073,58.5203,173.13
17.07399999999999,58.7063,171.07
17.074999999999996,58.4205,168.94
17.076,58.4474,166.74
17.07699999999999,58.4839,164.48
17.077999999999996,58.7751,162.15
17.079,58.7697,159.76
17.07999999999999,58.5739,157.31
17.080999999999996,58.2537,154.8
17.082,58.1897,152.24
17.08299999999999,58.2095,149.63
17.083999999999996,58.2552,146.97
17.085,58.5007,144.26
17.08599999999999,58.4389,141.51
17.086999999999996,58.3335,138.72
17.088,58.0724,135.89
17.08899999999999,58.3349,133.03
17.089999999999996,58.8718,130.13
17.091,58.9958,127.2
17.09199999999999,58.6207,124.25
17.092999999999996,58.3832,121.27
17.094,58.0904,118.27
17.09499999999999,58.2905,115.25
17.095999999999997,58.6084,112.22
17.097,58.7954,109.18
17.097999999999992,58.4777,106.12
17.098999999999997,58.2988,103.06
17.1,58.2011,100.0
17.100999999999992,58.5065,96.94
17.101999999999997,58.7802,93.88
17.103,58.7479,90.82
17.103999999999992,58.4374,87.78
17.104999999999997,57.8824,84.75
17.106,58.1002,81.73
17.106999999999992,58.4857,78.73
17.107999999999997,58.8726,75.75
17.109,58.7865,72.8
17.109999999999992,58.2923,69.87
17.110999999999997,58.2039,66.97
17.112000000000002,58.4046,64.11
17.112999999999992,58.7685,61.28
17.113999999999997,58.8851,58.49
17.115000000000002,58.5901,55.74
17.115999999999993,58.3127,53.03
17.116999999999997,58.0632,50.37
17.118000000000002,58.4375,47.76
17.118999999999993,58.8905,45.2
17.119999999999997,59.1444,42.69
17.121000000000002,58.5914,40.24
17.121999999999993,58.1091,37.85
17.122999999999998,58.1204,35.52
17.124000000000002,58.743,33.26
17.124999999999993,59.0389,31.06
17.125999999999998,59.0266,28.92
17.127000000000002,58.7542,26.86
17.127999999999993,58.067,24.87
17.128999999999998,57.8926,22.96
17.130000000000003,58.204,21.12
17.130999999999993,58.7222,19.36
17.131999999999998,58.9036,17.68
17.133000000000003,58.5385,16.08
17.133999999999993,58.13,14.56
17.134999999999998,58.1411,13.13
17.136000000000003,58.5673,11.78
17.136999999999993,58.9674,10.52
17.137999999999998,58.8026,9.35
17.139000000000003,58.4863,8.26
17.139999999999993,58.1717,7.27
17.141,58.1332,6.37
17.142000000000003,58.3884,5.56
17.142999999999994,58.4955,4.85
17.144,58.4188,4.23
17.145000000000003,58.2462,3.7
17.145999999999994,58.1292,3.27
17.147,58.5691,2.93
17.148000000000003,58.9701,2.69
17.148999999999994,59.1365,2.55
17.15,58.5603,2.5
17.151000000000003,57.9588,2.55
17.151999999999994,57.8679,2.69
17.153,58.1834,2.93
17.154000000000003,58.6777,3.27
17.154999999999994,58.7683,3.7
17.156,58.5597,4.23
17.157000000000004,58.3696,4.85
17.157999999999994,58.4131,5.56
17.159,58.4667,6.37
17.160000000000004,58.7204,7.27
17.160999999999994,58.6409,8.26
17.162,58.2395,9.35
17.163000000000004,58.0546,10.52
17.163999999999994,57.9434,11.78
17.165,58.1739,13.13
17.166000000000004,58.3192,14.56
17.166999999999994,58.2749,16.08
17.168,58.2227,17.68
17.169000000000004,58.207,19.36
17.169999999999995,58.5032,21.12
17.171,58.7924,22.96
17.172000000000004,59.1125,24.87
17.172999999999995,58.8464,26.86
17.174,58.675,28.92
17.175000000000004,58.2302,31.06
17.175999999999995,58.0321,33.26
17.177,58.4912,35.52
17.178000000000004,58.8361,37.85
17.178999999999995,58.8276,40.24
17.18,58.5833,42.69
17.181000000000004,58.5283,45.2
17.181999999999995,58.7422,47.76
17.183,59.0024,50.37
17.18399999999999,58.8791,53.03
17.184999999999995,58.3891,55.74
17.186,58.0086,58.49
17.18699999999999,58.1474,61.28
17.187999999999995,58.5899,64.11
17.189,58.8266,66.97
17.18999999999999,58.8088,69.87
17.190999999999995,58.6703,72.8
17.192,58.2361,75.75
17.19299999999999,58.2737,78.73
17.193999999999996,58.3885,81.73
17.195,58.9394,84.75
17.19599999999999,58.7849,87.78
17.196999999999996,58.379,90.82
17.198,57.8645,93.88
17.19899999999999,57.9468,96.94
17.199999999999996,58.1333,100.0
17.201,58.4698,103.06
17.20199999999999,58.4287,106.12
17.202999999999996,58.279,109.18
17.204,58.2615,112.22
17.20499999999999,58.6682,115.25
17.205999999999996,59.1047,118.27
17.207,59.2237,121.27
17.20799999999999,58.8074,124.25
17.208999999999996,58.0842,127.2
17.21,57.8266,130.13
17.21099999999999,58.0673,133.03
17.211999999999996,58.5702,135.89
17.213,58.723,138.72
17.21399999999999,58.4501,141.51
17.214999999999996,58.2112,144.26
17.216,58.265,146.97
17.21699999999999,58.4927,149.63
17.217999999999996,58.6517,152.24
17.219,58.6336,154.8
17.21999999999999,58.3873,157.31
17.220999999999997,57.9941,159.76
17.222,57.9399,162.15
17.222999999999992,58.1614,164.48
17.223999999999997,58.6179,166.74
17.225,58.807,168.94
17.225999999999992,58.5156,171.07
17.226999999999997,58.3493,173.13
17.228,58.4142,175.12
17.228999999999992,58.7916,177.04
17.229999999999997,59.0052,178.88
17.231,58.7762,180.64
17.231999999999992,58.265,182.32
17.232999999999997,57.9238,183.92
17.234,57.9577,185.44
17.234999999999992,58.2951,186.87
17.235999999999997,58.396,188.22
17.237000000000002,58.448,189.48
17.237999999999992,58.2611,190.65
17.238999999999997,58.4445,191.74
17.240000000000002,58.6948,192.73
17.240999999999993,59.0081,193.63
17.241999999999997,58.9181,194.44
17.243000000000002,58.4763,195.15
17.243999999999993,58.1461,195.77
17.244999999999997,58.1498,196.3
17.246000000000002,58.3684,196.73
17.246999999999993,58.5199,197.07
17.247999999999998,58.381,197.31
17.249000000000002,58.3368,197.45
17.249999999999993,58.0952,197.5
17.250999999999998,58.2218,197.45
17.252000000000002,58.4238,197.31
17.252999999999993,58.7356,197.07
17.253999999999998,58.7275,196.73
17.255000000000003,58.5249,196.3
17.255999999999993,57.9598,195.77
17.256999999999998,57.8917,195.15
17.258000000000003,58.1207,194.44
17.258999999999993,58.556,193.63
17.259999999999998,58.4761,192.73
17.261000000000003,58.2494,191.74
17.261999999999993,58.0519,190.65
17.262999999999998,58.5555,189.48
17.264000000000003,58.8376,188.22
17.264999999999993,58.9833,186.87
17.266,58.6507,185.44
17.267000000000003,58.3298,183.92
17.267999999999994,58.0488,182.32
17.269,58.1347,180.64
17.270000000000003,58.4454,178.88
17.270999999999994,58.654,177.04
17.272,58.4244,175.12
17.273000000000003,58.0796,173.13
17.273999999999994,58.1339,171.07
17.275,58.6196,168.94
17.276000000000003,59.0617,166.74
17.276999999999994,58.7857,164.48
17.278,58.5142,162.15
17.279000000000003,58.1724,159.76
17.279999999999994,58.3573,157.31
17.281,58.6034,154.8
17.282000000000004,58.6428,152.24
17.282999999999994,58.5362,149.63
17.284,58.1957,146.97
17.285000000000004,58.2281,144.26
17.285999999999994,58.4236,141.51
17.287,58.7385,138.72
17.288000000000004,59.0282,135.89
17.288999999999994,58.883,133.03
17.29,58.3742,130.13
17.291000000000004,58.1351,127.2
17.291999999999994,58.3216,124.25
17.293,58.752,121.27
17.294000000000004,58.8137,118.27
17.294999999999995,58.5274,115.25
17.296,58.0738,112.22
17.297000000000004,58.255,109.18
17.297999999999995,58.7549,106.12
17.299,59.0664,103.06
17.300000000000004,58.7455,100.0
17.300999999999995,58.3154,96.94
17.302,58.1133,93.88
17.303000000000004,58.1509,90.82
17.303999999999995,58.296,87.78
17.305,58.4879,84.75
17.306000000000004,58.6674,81.73
17.306999999999995,58.2822,78.73
17.308,58.1372,75.75
17.30899999999999,58.1209,72.8
17.309999999999995,58.7469,69.87
17.311,59.0209,66.97
17.31199999999999,59.0538,64.11
17.312999999999995,58.4077,61.28
17.314,58.0273,58.49
17.31499999999999,57.9462,55.74
17.315999999999995,58.4658,53.03
17.317,58.708,50.37
17.31799999999999,58.6467,47.76
17.318999999999996,58.5614,45.2
17.32,58.4274,42.69
17.32099999999999,58.5792,40.24
17.321999999999996,58.817,37.85
17.323,58.8058,35.52
17.32399999999999,58.3317,33.26
17.324999999999996,58.0315,31.06
17.326,58.0017,28.92
17.32699999999999,58.3573,26.86
17.327999999999996,58.5967,24.87
17.329,58.5357,22.96
17.32999999999999,58.2371,21.12
17.330999999999996,58.0289,19.36
17.332,58.158,17.68
17.33299999999999,58.4126,16.08
17.333999999999996,58.6347,14.56
17.335,58.6401,13.13
17.33599999999999,58.3997,11.78
17.336999999999996,58.2335,10.52
17.338,58.3809,9.35
17.33899999999999,58.8355,8.26
17.339999999999996,59.0555,7.27
17.341,58.6837,6.37
17.34199999999999,58.232,5.56
17.342999999999996,58.086,4.85
17.344,58.3141,4.23
17.34499999999999,58.6376,3.7
17.345999999999997,58.6387,3.27
17.347,58.4128,2.93
17.347999999999992,57.972,2.69
17.348999999999997,57.9875,2.55
17.35,58.2302,2.5
17.350999999999992,58.583,2.55
17.351999999999997,58.7064,2.69
17.353,58.6788,2.93
17.353999999999992,58.3062,3.27
17.354999999999997,58.4181,3.7
17.356,58.3726,4.23
17.356999999999992,58.6011,4.85
17.357999999999997,58.5224,5.56
17.359,58.3645,6.37
17.359999999999992,58.0939,7.27
17.360999999999997,57.9056,8.26
17.362000000000002,58.2196,9.35
17.362999999999992,58.3581,10.52
17.363999999999997,58.4604,11.78
17.365000000000002,58.0471,13.13
17.365999999999993,57.9576,14.56
17.366999999999997,58.1073,16.08
17.368000000000002,58.2895,17.68
17.368999999999993,58.5375,19.36
17.369999999999997,58.5305,21.12
17.371000000000002,58.3304,22.96
17.371999999999993,58.2193,24.87
17.372999999999998,58.1296,26.86
17.374000000000002,58.2633,28.92
17.374999999999993,58.4914,31.06
17.375999999999998,58.5428,33.26
17.377000000000002,58.3061,35.52
17.377999999999993,58.2168,37.85
17.378999999999998,58.5425,40.24
17.380000000000003,58.9622,42.69
17.380999999999993,58.875,45.2
17.381999999999998,58.4162,47.76
17.383000000000003,57.9254,50.37
17.383999999999993,57.9442,53.03
17.384999999999998,57.9838,55.74
17.386000000000003,58.3145,58.49
17.386999999999993,58.3548,61.28
17.387999999999998,58.3433,64.11
17.389000000000003,58.2219,66.97
17.389999999999993,58.1256,69.87
17.391,58.4996,72.8
17.392000000000003,58.5666,75.75
17.392999999999994,58.5823,78.73
17.394,58.0335,81.73
17.395000000000003,57.7561,84.75
17.395999999999994,57.8269,87.78
17.397,58.1901,90.82
17.398000000000003,58.3893,93.88
17.398999999999994,58.2786,96.94
17.4,58.1395,100.0
17.401000000000003,57.9977,103.06
17.401999999999994,58.1182,106.12
17.403,58.6216,109.18
17.404000000000003,59.0394,112.22
17.404999999999994,59.0025,115.25
17.406,58.592,118.27
17.407000000000004,58.1481,121.27
17.407999999999994,58.2371,124.25
17.409,58.4619,127.2
17.410000000000004,58.7094,130.13
17.410999999999994,58.553,133.03
17.412,58.3431,135.89
17.413000000000004,58.2419,138.72
17.413999999999994,58.3966,141.51
17.415,58.5455,144.26
17.416000000000004,58.6509,146.97
17.416999999999994,58.4706,149.63
17.418,58.1929,152.24
17.419000000000004,58.1068,154.8
17.419999999999995,58.2477,157.31
17.421,58.5809,159.76
17.422000000000004,58.6481,162.15
17.422999999999995,58.4919,164.48
17.424,58.2508,166.74
17.425000000000004,58.3841,168.94
17.425999999999995,58.6005,171.07
17.427,58.5613,173.13
17.428000000000004,58.1449,175.12
17.428999999999995,57.8767,177.04
17.43,57.8736,178.88
17.431000000000004,58.1108,180.64
17.431999999999995,58.3848,182.32
17.433,58.707,183.92
17.43399999999999,58.7812,185.44
17.434999999999995,58.3728,186.87
17.436,58.1643,188.22
17.43699999999999,58.2924,189.48
17.437999999999995,58.6376,190.65
17.439,58.7412,191.74
17.43999999999999,58.5146,192.73
17.440999999999995,58.1879,193.63
17.442,57.9977,194.44
17.44299999999999,58.3315,195.15
17.443999999999996,58.5863,195.77
17.445,58.5394,196.3
17.44599999999999,58.2382,196.73
17.446999999999996,58.0032,197.07
17.448,58.1157,197.31
17.44899999999999,58.3135,197.45
17.449999999999996,58.6944,197.5
17.451,58.56,197.45
17.45199999999999,58.4212,197.31
17.452999999999996,57.908,197.07
17.454,57.8098,196.73
17.45499999999999,57.8441,196.3
17.455999999999996,58.2712,195.77
17.457,58.3724,195.15
17.45799999999999,58.274,194.44
17.458999999999996,58.1603,193.63
17.46,58.4025,192.73
17.46099999999999,58.7719,191.74
17.461999999999996,59.0107,190.65
17.463,58.6972,189.48
17.46399999999999,58.132,188.22
17.464999999999996,57.9497,186.87
17.466,57.7917,185.44
17.46699999999999,58.1233,183.92
17.467999999999996,58.2224,182.32
17.469,57.9958,180.64
17.46999999999999,57.8973,178.88
17.470999999999997,58.0632,177.04
17.472,58.5619,175.12
17.472999999999992,58.8897,173.13
17.473999999999997,58.7654,171.07
17.475,58.4689,168.94
17.475999999999992,57.8386,166.74
17.476999999999997,57.8176,164.48
17.478,58.0395,162.15
17.478999999999992,58.2978,159.76
17.479999999999997,58.3369,157.31
17.481,58.2213,154.8
17.481999999999992,58.1115,152.24
17.482999999999997,58.4549,149.63
17.484,58.6343,146.97
17.484999999999992,58.7079,144.26
17.485999999999997,58.4472,141.51
17.487000000000002,58.1178,138.72
17.487999999999992,57.646,135.89
17.488999999999997,57.6789,133.03
17.490000000000002,57.9917,130.13
17.490999999999993,58.5991,127.2
17.491999999999997,58.7697,124.25
17.493000000000002,58.4653,121.27
17.493999999999993,58.3873,118.27
17.494999999999997,58.2365,115.25
17.496000000000002,58.6594,112.22
17.496999999999993,58.7282,109.18
17.497999999999998,58.4077,106.12
17.499000000000002,58.2558,103.06
17.499999999999993,57.8698,100.0
17.500999999999998,58.0084,96.94
17.502000000000002,58.2595,93.88
17.502999999999993,58.2266,90.82
17.503999999999998,58.1126,87.78
17.505000000000003,57.9375,84.75
17.505999999999993,58.0976,81.73
17.506999999999998,58.5147,78.73
17.508000000000003,58.7751,75.75
17.508999999999993,58.7338,72.8
17.509999999999998,58.2082,69.87
17.511000000000003,57.8877,66.97
17.511999999999993,57.7643,64.11
17.512999999999998,57.9741,61.28
17.514000000000003,58.146,58.49
17.514999999999993,58.3336,55.74
17.516,58.2125,53.03
17.517000000000003,58.2224,50.37
17.517999999999994,58.3422,47.76
17.519,58.5336,45.2
17.520000000000003,58.5937,42.69
17.520999999999994,58.2629,40.24
17.522,58.0163,37.85
17.523000000000003,57.9331,35.52
17.523999999999994,58.2431,33.26
17.525,58.4816,31.06
17.526000000000003,58.5155,28.92
17.526999999999994,58.1087,26.86
17.528,57.8373,24.87
17.529000000000003,57.8203,22.96
17.529999999999994,58.1037,21.12
17.531,58.5616,19.36
17.532000000000004,58.5147,17.68
17.532999999999994,58.1297,16.08
17.534,57.5818,14.56
17.535000000000004,57.5055,13.13
17.535999999999994,57.9612,11.78
17.537,58.4977,10.52
17.538000000000004,58.5384,9.35
17.538999999999994,58.3893,8.26
17.54,58.1454,7.27
17.541000000000004,58.3447,6.37
17.541999999999994,58.6336,5.56
17.543,58.8251,4.85
17.544000000000004,58.5115,4.23
17.544999999999995,58.2349,3.7
17.546,57.7206,3.27
17.547000000000004,57.8882,2.93
17.547999999999995,58.3681,2.69
17.549,58.5938,2.55
17.550000000000004,58.4586,2.5
17.550999999999995,58.2533,2.55
17.552,58.1037,2.69
17.553000000000004,58.0975,2.93
17.553999999999995,58.3935,3.27
17.555,58.7766,3.7
17.556000000000004,58.5561,4.23
17.556999999999995,58.0754,4.85
17.558,57.7619,5.56
17.55899999999999,58.1652,6.37
17.559999999999995,58.4442,7.27
17.561,58.3475,8.26
17.56199999999999,58.3477,9.35
17.562999999999995,57.9189,10.52
17.564,58.0626,11.78
17.56499999999999,58.2751,13.13
17.565999999999995,58.6309,14.56
17.567,58.5321,16.08
17.56799999999999,58.108,17.68
17.568999999999996,57.8743,19.36
17.57,57.896,21.12
17.57099999999999,58.1313,22.96
17.571999999999996,58.242,24.87
17.573,58.1596,26.86
17.57399999999999,58.1433,28.92
17.574999999999996,58.1169,31.06
17.576,58.6126,33.26
17.57699999999999,58.8308,35.52
17.577999999999996,58.9926,37.85
17.579,58.6716,40.24
17.57999999999999,58.216,42.69
17.580999999999996,57.7625,45.2
17.582,57.8272,47.76
17.58299999999999,58.2681,50.37
17.583999999999996,58.3394,53.03
17.585,58.2452,55.74
17.58599999999999,57.8682,58.49
17.586999999999996,58.1232,61.28
17.588,58.4502,64.11
17.58899999999999,58.7285,66.97
17.589999999999996,58.5032,69.87
17.591,58.2642,72.8
17.59199999999999,57.7108,75.75
17.592999999999996,57.6898,78.73
17.594,57.6693,81.73
17.59499999999999,58.0516,84.75
17.595999999999997,58.2572,87.78
17.597,58.0749,90.82
17.597999999999992,57.9308,93.88
17.598999999999997,58.0934,96.94
17.6,58.3676,100.0
17.600999999999992,58.7243,103.06
17.601999999999997,58.6096,106.12
17.603,58.5029,109.18
17.603999999999992,58.0432,112.22
17.604999999999997,58.2305,115.25
17.606,58.3878,118.27
17.606999999999992,58.5515,121.27
17.607999999999997,58.4197,124.25
17.609,58.3996,127.2
17.609999999999992,58.4746,130.13
17.610999999999997,58.5865,133.03
17.612000000000002,58.8799,135.89
17.612999999999992,58.5053,138.72
17.613999999999997,58.2214,141.51
17.615000000000002,57.8072,144.26
17.615999999999993,57.9209,146.97
17.616999999999997,58.173,149.63
17.618000000000002,58.4143,152.24
17.618999999999993,58.4127,154.8
17.619999999999997,58.0588,157.31
17.621000000000002,58.0225,159.76
17.621999999999993,58.1945,162.15
17.622999999999998,58.6574,164.48
17.624000000000002,58.8381,166.74
17.624999999999993,58.5626,168.94
17.625999999999998,58.5076,171.07
17.627000000000002,57.8487,173.13
17.627999999999993,57.7174,175.12
17.628999999999998,57.8376,177.04
17.630000000000003,58.3066,178.88
17.630999999999993,58.1299,180.64
17.631999999999998,57.96,182.32
17.633000000000003,57.8403,183.92
17.633999999999993,58.1787,185.44
17.634999999999998,58.6082,186.87
17.636000000000003,58.7261,188.22
17.636999999999993,58.6196,189.48
17.637999999999998,58.2421,190.65
17.639000000000003,58.1275,191.74
17.639999999999993,58.1705,192.73
17.641,58.4375,193.63
17.642000000000003,58.6277,194.44
17.642999999999994,58.2469,195.15
17.644,57.9243,195.77
17.645000000000003,57.9612,196.3
17.645999999999994,58.4947,196.73
17.647,58.8873,197.07
17.648000000000003,58.8345,197.31
17.648999999999994,58.3163,197.45
17.65,57.8687,197.5
17.651000000000003,57.76,197.45
17.651999999999994,58.0712,197.31
17.653,58.3424,197.07
17.654000000000003,58.3494,196.73
17.654999999999994,58.3121,196.3
17.656,58.1442,195.77
17.657000000000004,58.3068,195.15
17.657999999999994,58.5293,194.44
17.659,58.7341,193.63
17.660000000000004,58.5234,192.73
17.660999999999994,57.9868,191.74
17.662,57.6722,190.65
17.663000000000004,57.8181,189.48
17.663999999999994,58.0443,188.22
17.665,58.4327,186.87
17.666000000000004,58.3679,185.44
17.666999999999994,58.2907,183.92
17.668,58.0996,182.32
17.669000000000004,58.2903,180.64
17.669999999999995,58.615,178.88
17.671,58.6678,177.04
17.672000000000004,58.5354,175.12
17.672999999999995,58.0025,173.13
17.674,58.0541,171.07
17.675000000000004,58.0363,168.94
17.675999999999995,58.556,166.74
17.677,58.7848,164.48
17.678000000000004,58.5109,162.15
17.678999999999995,58.0529,159.76
17.68,58.1441,157.31
17.681000000000004,58.5499,154.8
17.681999999999995,58.746,152.24
17.683,58.2962,149.63
17.68399999999999,58.0846,146.97
17.684999999999995,57.8337,144.26
17.686,57.9482,141.51
17.68699999999999,58.0811,138.72
17.687999999999995,58.3247,135.89
17.689,58.1786,133.03
17.68999999999999,58.0281,130.13
17.690999999999995,58.0095,127.2
17.692,58.2649,124.25
17.69299999999999,58.7869,121.27
17.693999999999996,58.8858,118.27
17.695,58.6094,115.25
17.69599999999999,58.296,112.22
17.696999999999996,57.9425,109.18
17.698,58.1484,106.12
17.69899999999999,58.5356,103.06
17.699999999999996,58.862,100.0
17.701,58.5239,96.94
17.70199999999999,58.0901,93.88
17.702999999999996,58.0315,90.82
17.704,58.3026,87.78
17.70499999999999,58.5817,84.75
17.705999999999996,58.3601,81.73
17.707,58.2046,78.73
17.70799999999999,57.9877,75.75
17.708999999999996,57.8011,72.8
17.71,58.203,69.87
17.71099999999999,58.0619,66.97
17.711999999999996,57.9967,64.11
17.713,57.7534,61.28
17.71399999999999,57.8979,58.49
17.714999999999996,58.0882,55.74
17.716,58.4536,53.03
17.71699999999999,58.6371,50.37
17.717999999999996,58.3735,47.76
17.719,57.9508,45.2
17.71999999999999,57.861,42.69
17.720999999999997,58.021,40.24
17.722,58.4388,37.85
17.722999999999992,58.4796,35.52
17.723999999999997,58.4939,33.26
17.725,58.1941,31.06
17.725999999999992,57.9733,28.92
17.726999999999997,58.2129,26.86
17.728,58.4593,24.87
17.728999999999992,58.789,22.96
17.729999999999997,58.4822,21.12
17.731,58.2093,19.36
17.731999999999992,58.0396,17.68
17.732999999999997,58.1572,16.08
17.734,58.4675,14.56
17.734999999999992,58.3632,13.13
17.735999999999997,58.1168,11.78
17.737000000000002,57.862,10.52
17.737999999999992,57.9444,9.35
17.738999999999997,58.028,8.26
17.740000000000002,58.3153,7.27
17.740999999999993,58.227,6.37
17.741999999999997,58.1878,5.56
17.743000000000002,57.6907,4.85
17.743999999999993,57.796,4.23
17.744999999999997,57.9235,3.7
17.746000000000002,58.2036,3.27
17.746999999999993,57.981,2.93
17.747999999999998,57.883,2.69
17.749000000000002,58.0149,2.55
17.749999999999993,58.4491,2.5
17.750999999999998,58.8207,2.55
17.752000000000002,58.7696,2.69
17.752999999999993,58.3164,2.93
17.753999999999998,58.0023,3.27
17.755000000000003,57.7514,3.7
17.755999999999993,57.8883,4.23
17.756999999999998,58.0311,4.85
17.758000000000003,58.1705,5.56
17.758999999999993,57.9788,6.37
17.759999999999998,57.8602,7.27
17.761000000000003,57.9737,8.26
17.761999999999993,58.3199,9.35
17.762999999999998,58.579,10.52
17.764000000000003,58.561,11.78
17.764999999999993,58.2644,13.13
17.766,57.8558,14.56
17.767000000000003,57.6952,16.08
17.767999999999994,57.9123,17.68
17.769,58.2905,19.36
17.770000000000003,58.378,21.12
17.770999999999994,58.1561,22.96
17.772,58.1736,24.87
17.773000000000003,58.3406,26.86
17.773999999999994,58.629,28.92
17.775,58.7035,31.06
17.776000000000003,58.3435,33.26
17.776999999999994,57.8836,35.52
17.778,57.6686,37.85
17.779000000000003,57.7677,40.24
17.779999999999994,58.0812,42.69
17.781,58.3976,45.2
17.782000000000004,58.3704,47.76
17.782999999999994,58.0812,50.37
17.784,57.8046,53.03
17.785000000000004,58.154,55.74
17.785999999999994,58.6671,58.49
17.787,58.6981,61.28
17.788000000000004,58.5381,64.11
17.788999999999994,58.1034,66.97
17.79,57.8845,69.87
17.791000000000004,58.1123,72.8
17.791999999999994,58.4001,75.75
17.793,58.3179,78.73
17.794000000000004,58.1502,81.73
17.794999999999995,57.9493,84.75
17.796,58.2515,87.78
17.797000000000004,58.6315,90.82
17.797999999999995,59.0162,93.88
17.799,58.6139,96.94
17.800000000000004,58.1058,100.0
17.800999999999995,57.9186,103.06
17.802,58.1745,106.12
17.803000000000004,58.4455,109.18
17.803999999999995,58.5727,112.22
17.805,58.4095,115.25
17.806000000000004,58.0513,118.27
17.806999999999995,57.8264,121.27
17.808,58.0097,124.25
17.80899999999999,58.2325,127.2
17.809999999999995,58.4417,130.13
17.811,58.1584,133.03
17.81199999999999,57.8211,135.89
17.812999999999995,57.9373,138.72
17.814,58.1925,141.51
17.81499999999999,58.4424,144.26
17.815999999999995,58.2875,146.97
17.817,57.7607,149.63
17.81799999999999,57.4293,152.24
17.818999999999996,57.5163,154.8
17.82,57.7992,157.31
17.82099999999999,58.2241,159.76
17.821999999999996,58.5155,162.15
17.823,58.2379,164.48
17.82399999999999,57.8868,166.74
17.824999999999996,57.835,168.94
17.826,58.0622,171.07
17.82699999999999,58.2171,173.13
17.827999999999996,58.0658,175.12
17.829,57.9158,177.04
17.82999999999999,57.8112,178.88
17.830999999999996,58.0621,180.64
17.832,58.5016,182.32
17.83299999999999,58.6473,183.92
17.833999999999996,58.3244,185.44
17.835,57.859,186.87
17.83599999999999,57.5727,188.22
17.836999999999996,57.6699,189.48
17.838,58.1525,190.65
17.83899999999999,58.3786,191.74
17.839999999999996,58.4427,192.73
17.841,58.0612,193.63
17.84199999999999,58.14,194.44
17.842999999999996,58.2759,195.15
17.844,58.5481,195.77
17.84499999999999,58.5137,196.3
17.845999999999997,58.061,196.73
17.847,57.6702,197.07
17.847999999999992,57.5426,197.31
17.848999999999997,58.0174,197.45
17.85,58.2633,197.5
17.850999999999992,58.1413,197.45
17.851999999999997,58.0123,197.31
17.853,57.9813,197.07
17.853999999999992,57.875,196.73
17.854999999999997,58.3733,196.3
17.856,58.5705,195.77
17.856999999999992,58.5208,195.15
17.857999999999997,58.0959,194.44
17.859,57.7782,193.63
17.859999999999992,57.7741,192.73
17.860999999999997,58.1977,191.74
17.862000000000002,58.329,190.65
17.862999999999992,58.3919,189.48
17.863999999999997,58.2002,188.22
17.865000000000002,58.1474,186.87
17.865999999999993,58.3229,185.44
17.866999999999997,58.3432,183.92
17.868000000000002,58.3502,182.32
17.868999999999993,58.3006,180.64
17.869999999999997,57.874,178.88
17.871000000000002,57.8543,177.04
17.871999999999993,58.0957,175.12
17.872999999999998,58.3933,173.13
17.874000000000002,58.5325,171.07
17.874999999999993,58.1399,168.94
17.875999999999998,57.8665,166.74
17.877000000000002,57.6456,164.48
17.877999999999993,58.2749,162.15
17.878999999999998,58.5153,159.76
17.880000000000003,58.5609,157.31
17.880999999999993,57.8007,154.8
17.881999999999998,57.5231,152.24
17.883000000000003,57.6203,149.63
17.883999999999993,57.9753,146.97
17.884999999999998,58.1726,144.26
17.886000000000003,58.197,141.51
17.886999999999993,58.205,138.72
17.887999999999998,58.0355,135.89
17.889000000000003,58.1811,133.03
17.889999999999993,58.4675,130.13
17.891,58.3975,127.2
17.892000000000003,58.1554,124.25
17.892999999999994,57.8191,121.27
17.894,57.6884,118.27
17.895000000000003,57.6888,115.25
17.895999999999994,57.7802,112.22
17.897,57.9107,109.18
17.898000000000003,57.9165,106.12
17.898999999999994,57.8014,103.06
17.9,57.9591,100.0
17.901000000000003,58.1318,96.94
17.901999999999994,58.4788,93.88
17.903,58.5737,90.82
17.904000000000003,58.1162,87.78
17.904999999999994,57.7381,84.75
17.906,57.7824,81.73
17.907000000000004,58.1181,78.73
17.907999999999994,58.4171,75.75
17.909,58.3234,72.8
17.910000000000004,58.2208,69.87
17.910999999999994,58.031,66.97
17.912,58.0506,64.11
17.913000000000004,58.2856,61.28
17.913999999999994,58.4912,58.49
17.915,58.4572,55.74
17.916000000000004,57.8871,53.03
17.916999999999994,57.5019,50.37
17.918,57.4858,47.76
17.919000000000004,57.957,45.2
17.919999999999995,58.2918,42.69
17.921,58.121,40.24
17.922000000000004,57.867,37.85
17.922999999999995,57.8647,35.52
17.924,58.1773,33.26
17.925000000000004,58.4535,31.06
17.925999999999995,58.5329,28.92
17.927,58.1314,26.86
17.928000000000004,57.5109,24.87
17.928999999999995,57.3675,22.96
17.93,57.5959,21.12
17.931000000000004,58.1414,19.36
17.931999999999995,58.0939,17.68
17.933,58.0569,16.08
17.93399999999999,57.9294,14.56
17.934999999999995,57.9386,13.13
17.936,58.4419,11.78
17.93699999999999,58.6814,10.52
17.937999999999995,58.5736,9.35
17.939,57.9747,8.26
17.93999999999999,57.6344,7.27
17.940999999999995,57.5654,6.37
17.942,57.9626,5.56
17.94299999999999,58.0697,4.85
17.943999999999996,58.1687,4.23
17.945,58.0948,3.7
17.94599999999999,58.094,3.27
17.946999999999996,58.3016,2.93
17.948,58.3903,2.69
17.94899999999999,58.4876,2.55
17.949999999999996,58.3236,2.5
17.951,57.9941,2.55
17.95199999999999,57.6836,2.69
17.952999999999996,57.8068,2.93
17.954,58.0285,3.27
17.95499999999999,58.3303,3.7
17.955999999999996,58.2154,4.23
17.957,58.0694,4.85
17.95799999999999,58.0411,5.56
17.958999999999996,58.3174,6.37
17.96,58.4643,7.27
17.96099999999999,58.401,8.26
17.961999999999996,57.8947,9.35
17.963,57.626,10.52
17.96399999999999,57.5849,11.78
17.964999999999996,57.8055,13.13
17.966,58.0753,14.56
17.96699999999999,58.2241,16.08
17.967999999999996,57.9927,17.68
17.969,57.9533,19.36
17.96999999999999,57.902,21.12
17.970999999999997,58.4811,22.96
17.972,58.6188,24.87
17.972999999999992,58.5271,26.86
17.973999999999997,57.8956,28.92
17.975,57.8413,31.06
17.975999999999992,57.9422,33.26
17.976999999999997,58.3514,35.52
17.978,58.3506,37.85
17.978999999999992,58.2922,40.24
17.979999999999997,57.9349,42.69
17.981,57.9474,45.2
17.981999999999992,58.2472,47.76
17.982999999999997,58.5497,50.37
17.984,58.6683,53.03
17.984999999999992,58.278,55.74
17.985999999999997,57.7626,58.49
17.987000000000002,57.6881,61.28
17.987999999999992,57.767,64.11
17.988999999999997,58.0955,66.97
17.990000000000002,57.9881,69.87
17.990999999999993,57.9739,72.8
17.991999999999997,57.8233,75.75
17.993000000000002,57.9221,78.73
17.993999999999993,58.2307,81.73
17.994999999999997,58.5158,84.75
17.996000000000002,58.344,87.78
17.996999999999993,57.8218,90.82
17.997999999999998,57.541,93.88
17.999000000000002,57.3834,96.94
17.999999999999993,57.8635,100.0
18.000999999999998,58.3106,103.06
18.002000000000002,58.3909,106.12
18.002999999999993,58.1248,109.18
18.003999999999998,58.1148,112.22
18.005000000000003,58.2257,115.25
18.005999999999993,58.563,118.27
18.006999999999998,58.5212,121.27
18.008000000000003,58.3053,124.25
18.008999999999993,57.8154,127.2
18.009999999999998,57.5523,130.13
18.011000000000003,57.6101,133.03
18.011999999999993,57.9183,135.89
18.012999999999998,58.1002,138.72
18.014000000000003,58.1713,141.51
18.014999999999993,58.0959,144.26
18.016,58.0213,146.97
18.017000000000003,58.1487,149.63
18.017999999999994,58.2579,152.24
18.019,58.328,154.8
18.020000000000003,57.9482,157.31
18.020999999999994,57.7542,159.76
18.022,57.5251,162.15
18.023000000000003,57.8749,164.48
18.023999999999994,57.9922,166.74
18.025,57.9892,168.94
18.026000000000003,57.8574,171.07
18.026999999999994,57.7792,173.13
18.028,58.0148,175.12
18.029000000000003,58.2902,177.04
18.029999999999994,58.3415,178.88
18.031,58.4822,180.64
18.032000000000004,58.1574,182.32
18.032999999999994,57.9694,183.92
18.034,57.8552,185.44
18.035000000000004,58.0856,186.87
18.035999999999994,58.2036,188.22
18.037,57.9523,189.48
18.038000000000004,57.6402,190.65
18.038999999999994,57.5779,191.74
18.04,58.0462,192.73
18.041000000000004,58.3425,193.63
18.041999999999994,58.3528,194.44
18.043,58.0778,195.15
18.044000000000004,57.6669,195.77
18.044999999999995,57.5507,196.3
18.046,57.6002,196.73
18.047000000000004,58.1011,197.07
18.047999999999995,58.1441,197.31
18.049,58.1051,197.45
18.050000000000004,57.9091,197.5
18.050999999999995,57.7899,197.45
18.052,58.0888,197.31
18.053000000000004,58.4109,197.07
18.053999999999995,58.7174,196.73
18.055,58.3223,196.3
18.056000000000004,57.9525,195.77
18.056999999999995,58.0462,195.15
18.058,58.3544,194.44
18.05899999999999,58.5008,193.63
18.059999999999995,58.1462,192.73
18.061,58.0932,191.74
18.06199999999999,57.8958,190.65
18.062999999999995,58.0324,189.48
18.064,58.2536,188.22
18.06499999999999,58.3006,186.87
18.065999999999995,58.1389,185.44
18.067,57.8127,183.92
18.06799999999999,57.5828,182.32
18.068999999999996,57.8604,180.64
18.07,58.1675,178.88
18.07099999999999,58.1679,177.04
18.071999999999996,57.8491,175.12
18.073,57.6453,173.13
18.07399999999999,57.9933,171.07
18.074999999999996,58.3537,168.94
18.076,58.6708,166.74
18.07699999999999,58.3472,164.48
18.077999999999996,58.1956,162.15
18.079,57.7921,159.76
18.07999999999999,57.6761,157.31
18.080999999999996,58.0435,154.8
18.082,58.3794,152.24
18.08299999999999,58.432,149.63
18.083999999999996,58.0501,146.97
18.085,57.8252,144.26
18.08599999999999,58.0562,141.51
18.086999999999996,58.2479,138.72
18.088,58.5758,135.89
18.08899999999999,58.1667,133.03
18.089999999999996,57.8994,130.13
18.091,57.5127,127.2
18.09199999999999,57.8966,124.25
18.092999999999996,58.1693,121.27
18.094,58.202,118.27
18.09499999999999,58.125,115.25
18.095999999999997,57.752,112.22
18.097,57.6174,109.18
18.097999999999992,57.8212,106.12
18.098999999999997,58.2678,103.06
18.1,58.6157,100.0
18.100999999999992,58.3328,96.94
18.101999999999997,57.8003,93.88
18.103,57.6742,90.82
18.103999999999992,57.7764,87.78
18.104999999999997,58.0339,84.75
18.106,57.939,81.73
18.106999999999992,57.9608,78.73
18.107999999999997,57.8752,75.75
18.109,58.0938,72.8
18.109999999999992,58.3145,69.87
18.110999999999997,58.4175,66.97
18.112000000000002,58.4969,64.11
18.112999999999992,57.9635,61.28
18.113999999999997,57.5687,58.49
18.115000000000002,57.3304,55.74
18.115999999999993,57.5987,53.03
18.116999999999997,58.0315,50.37
18.118000000000002,58.1188,47.76
18.118999999999993,58.072,45.2
18.119999999999997,57.8467,42.69
18.121000000000002,58.1217,40.24
18.121999999999993,58.2342,37.85
18.122999999999998,58.3933,35.52
18.124000000000002,58.0193,33.26
18.124999999999993,57.7099,31.06
18.125999999999998,57.4843,28.92
18.127000000000002,57.5498,26.86
18.127999999999993,58.0406,24.87
18.128999999999998,58.4201,22.96
18.130000000000003,58.3045,21.12
18.130999999999993,58.1072,19.36
18.131999999999998,57.9658,17.68
18.133000000000003,58.3047,16.08
18.133999999999993,58.5464,14.56
18.134999999999998,58.3963,13.13
18.136000000000003,58.034,11.78
18.136999999999993,57.6462,10.52
18.137999999999998,57.7356,9.35
18.139000000000003,58.1811,8.26
18.139999999999993,58.3219,7.27
18.141,58.2142,6.37
18.142000000000003,57.8437,5.56
18.142999999999994,57.9044,4.85
18.144,58.0691,4.23
18.145000000000003,58.1599,3.7
18.145999999999994,58.4024,3.27
18.147,58.2036,2.93
18.148000000000003,57.9864,2.69
18.148999999999994,57.5312,2.55
18.15,57.5408,2.5
18.151000000000003,57.8019,2.55
18.151999999999994,58.2475,2.69
18.153,58.2584,2.93
18.154000000000003,58.0986,3.27
18.154999999999994,58.0401,3.7
18.156,58.2984,4.23
18.157000000000004,58.419,4.85
18.157999999999994,58.2411,5.56
18.159,58.0458,6.37
18.160000000000004,57.606,7.27
18.160999999999994,57.4947,8.26
18.162,57.6529,9.35
18.163000000000004,58.1014,10.52
18.163999999999994,58.1517,11.78
18.165,57.7242,13.13
18.166000000000004,57.4608,14.56
18.166999999999994,57.5195,16.08
18.168,58.0993,17.68
18.169000000000004,58.3623,19.36
18.169999999999995,58.361,21.12
18.171,57.7658,22.96
18.172000000000004,57.4424,24.87
18.172999999999995,57.5428,26.86
18.174,57.9849,28.92
18.175000000000004,58.1409,31.06
18.175999999999995,58.0963,33.26
18.177,57.9952,35.52
18.178000000000004,57.8117,37.85
18.178999999999995,58.0593,40.24
18.18,58.4234,42.69
18.181000000000004,58.4606,45.2
18.181999999999995,58.2406,47.76
18.183,57.6281,50.37
18.18399999999999,57.5284,53.03
18.184999999999995,57.5933,55.74
18.186,58.1325,58.49
18.18699999999999,58.1726,61.28
18.187999999999995,58.0142,64.11
18.189,57.6618,66.97
18.18999999999999,57.9377,69.87
18.190999999999995,58.2138,72.8
18.192,58.3424,75.75
18.19299999999999,58.2046,78.73
18.193999999999996,57.7862,81.73
18.195,57.4866,84.75
18.19599999999999,57.2937,87.78
18.196999999999996,57.6663,90.82
18.198,58.0136,93.88
18.19899999999999,58.3175,96.94
18.199999999999996,58.135,100.0
18.201,58.1446,103.06
18.20199999999999,58.3584,106.12
18.202999999999996,58.4651,109.18
18.204,58.3966,112.22
18.20499999999999,57.9986,115.25
18.205999999999996,57.5299,118.27
18.207,57.2987,121.27
18.20799999999999,57.3332,124.25
18.208999999999996,57.6372,127.2
18.21,57.8847,130.13
18.21099999999999,57.8279,133.03
18.211999999999996,57.5977,135.89
18.213,57.5459,138.72
18.21399999999999,57.8161,141.51
18.214999999999996,58.219,144.26
18.216,58.3268,146.97
18.21699999999999,58.0324,149.63
18.217999999999996,57.5665,152.24
18.219,57.589,154.8
18.21999999999999,57.969,157.31
18.220999999999997,58.1991,159.76
18.222,58.0376,162.15
18.222999999999992,57.7422,164.48
18.223999999999997,57.6843,166.74
18.225,57.8814,168.94
18.225999999999992,58.2727,171.07
18.226999999999997,58.4018,173.13
18.228,58.3649,175.12
18.228999999999992,57.9344,177.04
18.229999999999997,57.5482,178.88
18.231,57.3876,180.64
18.231999999999992,57.8819,182.32
18.232999999999997,58.0777,183.92
18.234,58.1895,185.44
18.234999999999992,57.6869,186.87
18.235999999999997,57.7866,188.22
18.237000000000002,57.7691,189.48
18.237999999999992,58.0509,190.65
18.238999999999997,57.9937,191.74
18.240000000000002,57.8523,192.73
18.240999999999993,57.5885,193.63
18.241999999999997,57.5197,194.44
18.243000000000002,57.8319,195.15
18.243999999999993,58.0006,195.77
18.244999999999997,58.1581,196.3
18.246000000000002,57.8282,196.73
18.246999999999993,57.8267,197.07
18.247999999999998,57.6951,197.31
18.249000000000002,58.0202,197.45
18.249999999999993,58.1792,197.5
18.250999999999998,58.2402,197.45
18.252000000000002,58.1107,197.31
18.252999999999993,57.8941,197.07
18.253999999999998,57.9977,196.73
18.255000000000003,58.2923,196.3
18.255999999999993,58.2387,195.77
18.256999999999998,58.1206,195.15
18.258000000000003,57.7757,194.44
18.258999999999993,57.6586,193.63
18.259999999999998,58.0241,192.73
18.261000000000003,58.3862,191.74
18.261999999999993,58.3988,190.65
18.262999999999998,57.9226,189.48
18.264000000000003,57.4862,188.22
18.264999999999993,57.3484,186.87
18.266,57.7833,185.44
18.267000000000003,58.1305,183.92
18.267999999999994,58.2094,182.32
18.269,57.8937,180.64
18.270000000000003,57.7065,178.88
18.270999999999994,57.9326,177.04
18.272,58.1579,175.12
18.273000000000003,58.5484,173.13
18.273999999999994,58.3566,171.07
18.275,57.9711,168.94
18.276000000000003,57.5631,166.74
18.276999999999994,57.5996,164.48
18.278,57.8143,162.15
18.279000000000003,58.167,159.76
18.279999999999994,58.2871,157.31
18.281,58.069,154.8
18.282000000000004,57.9474,152.24
18.282999999999994,58.0026,149.63
18.284,58.2602,146.97
18.285000000000004,58.4094,144.26
18.285999999999994,58.1662,141.51
18.287,57.7545,138.72
18.288000000000004,57.4274,135.89
18.288999999999994,57.4828,133.03
18.29,57.851,130.13
18.291000000000004,58.0546,127.2
18.291999999999994,58.1741,124.25
18.293,58.0123,121.27
18.294000000000004,57.8542,118.27
18.294999999999995,57.8451,115.25
18.296,58.1033,112.22
18.297000000000004,58.2622,109.18
18.297999999999995,58.2201,106.12
18.299,57.6866,103.06
18.300000000000004,57.5435,100.0
18.300999999999995,57.5959,96.94
18.302,57.9146,93.88
18.303000000000004,58.1312,90.82
18.303999999999995,58.0301,87.78
18.305,57.9508,84.75
18.306000000000004,57.9349,81.73
18.306999999999995,58.2501,78.73
18.308,58.5082,75.75
18.30899999999999,58.486,72.8
18.309999999999995,57.9739,69.87
18.311,57.7511,66.97
18.31199999999999,57.5845,64.11
18.312999999999995,58.0522,61.28
18.314,58.1996,58.49
18.31499999999999,58.085,55.74
18.315999999999995,57.7854,53.03
18.317,57.6607,50.37
18.31799999999999,58.0266,47.76
18.318999999999996,58.2934,45.2
18.32,58.328,42.69
18.32099999999999,58.2091,40.24
18.321999999999996,57.749,37.85
18.323,57.5769,35.52
18.32399999999999,57.5895,33.26
18.324999999999996,57.9382,31.06
18.326,58.1119,28.92
18.32699999999999,58.0162,26.86
18.327999999999996,57.5885,24.87
18.329,57.5653,22.96
18.32999999999999,57.8094,21.12
18.330999999999996,58.3123,19.36
18.332,58.2291,17.68
18.33299999999999,57.631,16.08
18.333999999999996,57.3412,14.56
18.335,57.4311,13.13
18.33599999999999,58.0677,11.78
18.336999999999996,58.1577,10.52
18.338,58.2327,9.35
18.33899999999999,57.9978,8.26
18.339999999999996,57.8731,7.27
18.341,58.0443,6.37
18.34199999999999,58.3729,5.56
18.342999999999996,58.4418,4.85
18.344,58.0552,4.23
18.34499999999999,57.6409,3.7
18.345999999999997,57.2844,3.27
18.347,57.5383,2.93
18.347999999999992,58.025,2.69
18.348999999999997,58.3268,2.55
18.35,58.0288,2.5
18.350999999999992,57.5838,2.55
18.351999999999997,57.6883,2.69
18.353,58.0934,2.93
18.353999999999992,58.5963,3.27
18.354999999999997,58.7907,3.7
18.356,58.2098,4.23
18.356999999999992,57.5452,4.85
18.357999999999997,57.2817,5.56
18.359,57.5969,6.37
18.359999999999992,57.9745,7.27
18.360999999999997,58.08,8.26
18.362000000000002,57.98,9.35
18.362999999999992,57.7772,10.52
18.363999999999997,57.8998,11.78
18.365000000000002,58.2484,13.13
18.365999999999993,58.4874,14.56
18.366999999999997,58.2153,16.08
18.368000000000002,57.7424,17.68
18.368999999999993,57.7214,19.36
18.369999999999997,57.6407,21.12
18.371000000000002,57.8571,22.96
18.371999999999993,57.9893,24.87
18.372999999999998,57.8776,26.86
18.374000000000002,57.5085,28.92
18.374999999999993,57.4512,31.06
18.375999999999998,57.5666,33.26
18.377000000000002,58.1734,35.52
18.377999999999993,58.3407,37.85
18.378999999999998,58.3098,40.24
18.380000000000003,57.8472,42.69
18.380999999999993,57.5981,45.2
18.381999999999998,57.703,47.76
18.383000000000003,58.0437,50.37
18.383999999999993,57.9996,53.03
18.384999999999998,57.8575,55.74
18.386000000000003,57.7251,58.49
18.386999999999993,57.8396,61.28
18.387999999999998,58.0543,64.11
18.389000000000003,58.4046,66.97
18.389999999999993,58.2474,69.87
18.391,58.0938,72.8
18.392000000000003,57.6556,75.75
18.392999999999994,57.5977,78.73
18.394,57.9314,81.73
18.395000000000003,58.29,84.75
18.395999999999994,58.3953,87.78
18.397,57.9938,90.82
18.398000000000003,57.7667,93.88
18.398999999999994,57.9199,96.94
18.4,58.1871,100.0
18.401000000000003,58.4115,103.06
18.401999999999994,58.2075,106.12
18.403,57.6417,109.18
18.404000000000003,57.4014,112.22
18.404999999999994,57.4502,115.25
18.406,57.7969,118.27
18.407000000000004,57.7289,121.27
18.407999999999994,57.6427,124.25
18.409,57.5029,127.2
18.410000000000004,57.7258,130.13
18.410999999999994,58.1061,133.03
18.412,58.2562,135.89
18.413000000000004,58.0858,138.72
18.413999999999994,57.67,141.51
18.415,57.5351,144.26
18.416000000000004,57.7248,146.97
18.416999999999994,58.0512,149.63
18.418,58.1047,152.24
18.419000000000004,57.8315,154.8
18.419999999999995,57.6933,157.31
18.421,57.4944,159.76
18.422000000000004,57.8692,162.15
18.422999999999995,58.1236,164.48
18.424,58.4656,166.74
18.425000000000004,58.2628,168.94
18.425999999999995,57.8783,171.07
18.427,57.3579,173.13
18.428000000000004,57.3802,175.12
18.428999999999995,57.7782,177.04
18.43,58.1209,178.88
18.431000000000004,58.0368,180.64
18.431999999999995,57.6615,182.32
18.433,57.6921,183.92
18.43399999999999,57.9008,185.44
18.434999999999995,58.0357,186.87
18.436,58.1142,188.22
18.43699999999999,58.0176,189.48
18.437999999999995,57.8125,190.65
18.439,57.5888,191.74
18.43999999999999,57.644,192.73
18.440999999999995,58.0474,193.63
18.442,58.1403,194.44
18.44299999999999,58.0668,195.15
18.443999999999996,57.9212,195.77
18.445,58.0852,196.3
18.44599999999999,58.3286,196.73
18.446999999999996,58.2724,197.07
18.448,58.2627,197.31
18.44899999999999,57.9174,197.45
18.449999999999996,57.7214,197.5
18.451,57.5306,197.45
18.45199999999999,57.5172,197.31
18.452999999999996,57.7339,197.07
18.454,57.8154,196.73
18.45499999999999,57.757,196.3
18.455999999999996,57.7327,195.77
18.457,57.664,195.15
18.45799999999999,57.9999,194.44
18.458999999999996,58.1784,193.63
18.46,58.1775,192.73
18.46099999999999,57.8549,191.74
18.461999999999996,57.4134,190.65
18.463,57.3957,189.48
18.46399999999999,57.4952,188.22
18.464999999999996,57.719,186.87
18.466,57.6925,185.44
18.46699999999999,57.5021,183.92
18.467999999999996,57.5693,182.32
18.469,58.1419,180.64
18.46999999999999,58.6205,178.88
18.470999999999997,58.5865,177.04
18.472,58.0528,175.12
18.472999999999992,57.6215,173.13
18.473999999999997,57.4761,171.07
18.475,57.7855,168.94
18.475999999999992,57.9431,166.74
18.476999999999997,58.1019,164.48
18.478,57.8149,162.15
18.478999999999992,57.591,159.76
18.479999999999997,57.6133,157.31
18.481,58.0158,154.8
18.481999999999992,58.0849,152.24
18.482999999999997,58.3078,149.63
18.484,57.8884,146.97
18.484999999999992,57.665,144.26
18.485999999999997,57.5669,141.51
18.487000000000002,57.9628,138.72
18.487999999999992,58.3421,135.89
18.488999999999997,58.1707,133.03
18.490000000000002,57.8037,130.13
18.490999999999993,57.714,127.2
18.491999999999997,57.8323,124.25
18.493000000000002,58.2782,121.27
18.493999999999993,58.2691,118.27
18.494999999999997,57.8308,115.25
18.496000000000002,57.5255,112.22
18.496999999999993,57.3089,109.18
18.497999999999998,57.5777,106.12
18.499000000000002,57.9572,103.06
18.499999999999993,58.026,100.0
18.500999999999998,57.8533,96.94
18.502000000000002,57.8108,93.88
18.502999999999993,57.9979,90.82
18.503999999999998,58.3318,87.78
18.505000000000003,58.5432,84.75
18.505999999999993,58.2226,81.73
18.506999999999998,57.7898,78.73
18.508000000000003,57.4291,75.75
18.508999999999993,57.4928,72.8
18.509999999999998,57.6431,69.87
18.511000000000003,57.8386,66.97
18.511999999999993,57.8677,64.11
18.512999999999998,57.8047,61.28
18.514000000000003,57.8811,58.49
18.514999999999993,57.9347,55.74
18.516,58.1587,53.03
18.517000000000003,58.202,50.37
18.517999999999994,57.985,47.76
18.519,57.571,45.2
18.520000000000003,57.3972,42.69
18.520999999999994,57.6413,40.24
18.522,58.0424,37.85
18.523000000000003,58.0799,35.52
18.523999999999994,57.7999,33.26
18.525,57.4659,31.06
18.526000000000003,57.6752,28.92
18.526999999999994,57.9498,26.86
18.528,58.1981,24.87
18.529000000000003,58.1417,22.96
18.529999999999994,57.8528,21.12
18.531,57.6742,19.36
18.532000000000004,57.676,17.68
18.532999999999994,57.7292,16.08
18.534,57.9862,14.56
18.535000000000004,57.8988,13.13
18.535999999999994,57.8385,11.78
18.537,57.8685,10.52
18.538000000000004,57.862,9.35
18.538999999999994,57.8526,8.26
18.54,57.9346,7.27
18.541000000000004,57.9164,6.37
18.541999999999994,57.7893,5.56
18.543,57.3636,4.85
18.544000000000004,57.5285,4.23
18.544999999999995,57.7284,3.7
18.546,57.8568,3.27
18.547000000000004,57.8223,2.93
18.547999999999995,57.7769,2.69
18.549,57.6875,2.55
18.550000000000004,57.9386,2.5
18.550999999999995,58.2111,2.55
18.552,58.3007,2.69
18.553000000000004,57.8969,2.93
18.553999999999995,57.3693,3.27
18.555,57.0987,3.7
18.556000000000004,57.3393,4.23
18.556999999999995,57.779,4.85
18.558,57.8786,5.56
18.55899999999999,57.7605,6.37
18.559999999999995,57.4984,7.27
18.561,57.4976,8.26
18.56199999999999,57.9658,9.35
18.562999999999995,58.2239,10.52
18.564,58.3551,11.78
18.56499999999999,58.1184,13.13
18.565999999999995,57.6325,14.56
18.567,57.4489,16.08
18.56799999999999,57.7042,17.68
18.568999999999996,57.7369,19.36
18.57,57.8029,21.12
18.57099999999999,57.8198,22.96
18.571999999999996,57.8898,24.87
18.573,58.043,26.86
18.57399999999999,58.2112,28.92
18.574999999999996,58.0599,31.06
18.576,57.7576,33.26
18.57699999999999,57.2935,35.52
18.577999999999996,57.3185,37.85
18.579,57.5848,40.24
18.57999999999999,57.7154,42.69
18.580999999999996,58.0394,45.2
18.582,57.8613,47.76
18.58299999999999,57.7982,50.37
18.583999999999996,57.7696,53.03
18.585,58.0121,55.74
18.58599999999999,58.23,58.49
18.586999999999996,58.2143,61.28
18.588,58.0299,64.11
18.58899999999999,57.6991,66.97
18.589999999999996,57.7611,69.87
18.591,57.9557,72.8
18.59199999999999,58.1914,75.75
18.592999999999996,57.9995,78.73
18.594,58.022,81.73
18.59499999999999,57.9022,84.75
18.595999999999997,58.1671,87.78
18.597,58.0539,90.82
18.597999999999992,58.139,93.88
18.598999999999997,58.0171,96.94
18.6,57.7322,100.0
18.600999999999992,57.3134,103.06
18.601999999999997,57.2472,106.12
18.603,57.9137,109.18
18.603999999999992,58.2231,112.22
18.604999999999997,58.3033,115.25
18.606,57.6631,118.27
18.606999999999992,57.5234,121.27
18.607999999999997,57.7805,124.25
18.609,58.1907,127.2
18.609999999999992,58.1545,130.13
18.610999999999997,57.7242,133.03
18.612000000000002,57.5266,135.89
18.612999999999992,57.6185,138.72
18.613999999999997,57.796,141.51
18.615000000000002,58.242,144.26
18.615999999999993,58.0139,146.97
18.616999999999997,57.81,149.63
18.618000000000002,57.7322,152.24
18.618999999999993,58.0743,154.8
18.619999999999997,58.1573,157.31
18.621000000000002,58.1887,159.76
18.621999999999993,57.8901,162.15
18.622999999999998,57.8586,164.48
18.624000000000002,57.4404,166.74
18.624999999999993,57.5545,168.94
18.625999999999998,57.5177,171.07
18.627000000000002,57.7312,173.13
18.627999999999993,57.7452,175.12
18.628999999999998,57.562,177.04
18.630000000000003,57.4947,178.88
18.630999999999993,57.5782,180.64
18.631999999999998,57.9682,182.32
18.633000000000003,58.083,183.92
18.633999999999993,57.8465,185.44
18.634999999999998,57.5363,186.87
18.636000000000003,57.333,188.22
18.636999999999993,57.5964,189.48
18.637999999999998,57.8043,190.65
18.639000000000003,58.0419,191.74
18.639999999999993,57.6041,192.73
18.641,57.3189,193.63
18.642000000000003,57.1549,194.44
18.642999999999994,57.756,195.15
18.644,57.9847,195.77
18.645000000000003,58.1165,196.3
18.645999999999994,57.9646,196.73
18.647,57.6188,197.07
18.648000000000003,57.5313,197.31
18.648999999999994,57.5173,197.45
18.65,57.7227,197.5
18.651000000000003,57.7998,197.45
18.651999999999994,57.8422,197.31
18.653,57.695,197.07
18.654000000000003,57.6717,196.73
18.654999999999994,58.0112,196.3
18.656,58.33,195.77
18.657000000000004,58.3551,195.15
18.657999999999994,57.8297,194.44
18.659,57.5578,193.63
18.660000000000004,57.5267,192.73
18.660999999999994,57.8491,191.74
18.662,58.2255,190.65
18.663000000000004,57.9522,189.48
18.663999999999994,57.663,188.22
18.665,57.61,186.87
18.666000000000004,58.0081,185.44
18.666999999999994,58.4387,183.92
18.668,58.4094,182.32
18.669000000000004,57.8446,180.64
18.669999999999995,57.4816,178.88
18.671,57.2532,177.04
18.672000000000004,57.7398,175.12
18.672999999999995,57.9966,173.13
18.674,58.3419,171.07
18.675000000000004,58.1486,168.94
18.675999999999995,57.974,166.74
18.677,57.924,164.48
18.678000000000004,58.2093,162.15
18.678999999999995,58.5762,159.76
18.68,58.1727,157.31
18.681000000000004,57.5781,154.8
18.681999999999995,57.1695,152.24
18.683,57.4582,149.63
18.68399999999999,57.6041,146.97
18.684999999999995,57.7322,144.26
18.686,57.641,141.51
18.68699999999999,57.7527,138.72
18.687999999999995,57.7433,135.89
18.689,57.8162,133.03
18.68999999999999,58.2086,130.13
18.690999999999995,58.252,127.2
18.692,58.2252,124.25
18.69299999999999,57.8191,121.27
18.693999999999996,57.3443,118.27
18.695,57.4364,115.25
18.69599999999999,57.5747,112.22
18.696999999999996,57.918,109.18
18.698,57.8064,106.12
18.69899999999999,57.8425,103.06
18.699999999999996,57.672,100.0
18.701,57.9644,96.94
18.70199999999999,58.202,93.88
18.702999999999996,58.1791,90.82
18.704,57.7308,87.78
18.70499999999999,57.3509,84.75
18.705999999999996,57.3377,81.73
18.707,57.8657,78.73
18.70799999999999,58.2629,75.75
18.708999999999996,58.2459,72.8
18.71,58.1967,69.87
18.71099999999999,57.897,66.97
18.711999999999996,57.8051,64.11
18.713,57.8163,61.28
18.71399999999999,58.1091,58.49
18.714999999999996,58.2151,55.74
18.716,57.9902,53.03
18.71699999999999,57.5247,50.37
18.717999999999996,57.4615,47.76
18.719,57.7603,45.2
18.71999999999999,58.2039,42.69
18.720999999999997,58.1085,40.24
18.722,57.688,37.85
18.722999999999992,57.6005,35.52
18.723999999999997,57.7833,33.26
18.725,57.9475,31.06
18.725999999999992,58.0967,28.92
18.726999999999997,57.7282,26.86
18.728,57.3766,24.87
18.728999999999992,57.3476,22.96
18.729999999999997,57.6419,21.12
18.731,58.098,19.36
18.731999999999992,58.0613,17.68
18.732999999999997,57.9223,16.08
18.734,57.7181,14.56
18.734999999999992,57.9533,13.13
18.735999999999997,58.3836,11.78
18.737000000000002,58.4009,10.52
18.737999999999992,57.913,9.35
18.738999999999997,57.4178,8.26
18.740000000000002,57.1856,7.27
18.740999999999993,57.1926,6.37
18.741999999999997,57.764,5.56
18.743000000000002,58.0251,4.85
18.743999999999993,57.915,4.23
18.744999999999997,57.6483,3.7
18.746000000000002,57.4851,3.27
18.746999999999993,57.7211,2.93
18.747999999999998,58.0453,2.69
18.749000000000002,58.1406,2.55
18.749999999999993,57.8458,2.5
18.750999999999998,57.2967,2.55
18.752000000000002,57.095,2.69
18.752999999999993,57.2841,2.93
18.753999999999998,57.7654,3.27
18.755000000000003,57.8868,3.7
18.755999999999993,57.8712,4.23
18.756999999999998,57.7719,4.85
18.758000000000003,57.8996,5.56
18.758999999999993,58.1389,6.37
18.759999999999998,58.4434,7.27
18.761000000000003,58.2718,8.26
18.761999999999993,58.0584,9.35
18.762999999999998,57.78,10.52
18.764000000000003,57.9202,11.78
18.764999999999993,57.932,13.13
18.766,58.0585,14.56
18.767000000000003,57.8509,16.08
18.767999999999994,57.6315,17.68
18.769,57.6702,19.36
18.770000000000003,57.7541,21.12
18.770999999999994,58.0974,22.96
18.772,57.9556,24.87
18.773000000000003,57.8143,26.86
18.773999999999994,57.5912,28.92
18.775,57.3213,31.06
18.776000000000003,57.4711,33.26
18.776999999999994,57.6897,35.52
18.778,58.1586,37.85
18.779000000000003,57.9816,40.24
18.779999999999994,57.7816,42.69
18.781,57.59,45.2
18.782000000000004,57.9319,47.76
18.782999999999994,58.0813,50.37
18.784,57.9619,53.03
18.785000000000004,57.5546,55.74
18.785999999999994,57.2093,58.49
18.787,57.3472,61.28
18.788000000000004,57.6404,64.11
18.788999999999994,57.8114,66.97
18.79,57.9336,69.87
18.791000000000004,57.7691,72.8
18.791999999999994,57.592,75.75
18.793,57.642,78.73
18.794000000000004,57.9234,81.73
18.794999999999995,58.2511,84.75
18.796,58.2101,87.78
18.797000000000004,57.8493,90.82
18.797999999999995,57.4892,93.88
18.799,57.3645,96.94
18.800000000000004,57.6609,100.0
18.800999999999995,57.7593,103.06
18.802,57.8628,106.12
18.803000000000004,57.6698,109.18
18.803999999999995,57.7778,112.22
18.805,57.9306,115.25
18.806000000000004,57.9074,118.27
18.806999999999995,57.9643,121.27
18.808,57.8059,124.25
18.80899999999999,57.5921,127.2
18.809999999999995,57.4389,130.13
18.811,57.5387,133.03
18.81199999999999,57.9208,135.89
18.812999999999995,57.8922,138.72
18.814,57.7107,141.51
18.81499999999999,57.4232,144.26
18.815999999999995,57.5827,146.97
18.817,57.8515,149.63
18.81799999999999,58.1331,152.24
18.818999999999996,58.1266,154.8
18.82,57.6811,157.31
18.82099999999999,57.307,159.76
18.821999999999996,57.3147,162.15
18.823,57.5766,164.48
18.82399999999999,57.9708,166.74
18.824999999999996,57.8548,168.94
18.826,57.6438,171.07
18.82699999999999,57.5973,173.13
18.827999999999996,57.8355,175.12
18.829,58.1935,177.04
18.82999999999999,58.4314,178.88
18.830999999999996,58.0857,180.64
18.832,57.4904,182.32
18.83299999999999,57.0845,183.92
18.833999999999996,57.3407,185.44
18.835,57.6706,186.87
18.83599999999999,57.9655,188.22
18.836999999999996,57.8222,189.48
18.838,57.7309,190.65
18.83899999999999,57.5959,191.74
18.839999999999996,57.873,192.73
18.841,58.2502,193.63
18.84199999999999,58.1215,194.44
18.842999999999996,57.679,195.15
18.844,57.1873,195.77
18.84499999999999,57.3093,196.3
18.845999999999997,57.5613,196.73
18.847,57.8625,197.07
18.847999999999992,57.9654,197.31
18.848999999999997,57.8117,197.45
18.85,57.6406,197.5
18.850999999999992,57.7056,197.45
18.851999999999997,58.1582,197.31
18.853,58.3665,197.07
18.853999999999992,58.2482,196.73
18.854999999999997,57.9793,196.3
18.856,57.4219,195.77
18.856999999999992,57.452,195.15
18.857999999999997,57.4956,194.44
18.859,57.8176,193.63
18.859999999999992,57.8212,192.73
18.860999999999997,57.6032,191.74
18.862000000000002,57.5438,190.65
18.862999999999992,57.578,189.48
18.863999999999997,57.9433,188.22
18.865000000000002,58.125,186.87
18.865999999999993,57.7786,185.44
18.866999999999997,57.4102,183.92
18.868000000000002,57.2579,182.32
18.868999999999993,57.8117,180.64
18.869999999999997,57.8621,178.88
18.871000000000002,58.0862,177.04
18.871999999999993,57.8682,175.12
18.872999999999998,57.7365,173.13
18.874000000000002,57.7567,171.07
18.874999999999993,57.9812,168.94
18.875999999999998,58.0263,166.74
18.877000000000002,57.9042,164.48
18.877999999999993,57.5952,162.15
18.878999999999998,57.0247,159.76
18.880000000000003,57.3372,157.31
18.880999999999993,57.5128,154.8
18.881999999999998,58.1327,152.24
18.883000000000003,57.7859,149.63
18.883999999999993,57.4923,146.97
18.884999999999998,57.4212,144.26
18.886000000000003,57.4066,141.51
18.886999999999993,57.792,138.72
18.887999999999998,58.2802,135.89
18.889000000000003,58.1227,133.03
18.889999999999993,57.8377,130.13
18.891,57.2579,127.2
18.892000000000003,57.36,124.25
18.892999999999994,57.6238,121.27
18.894,57.9452,118.27
18.895000000000003,57.8011,115.25
18.895999999999994,57.5123,112.22
18.897,57.597,109.18
18.898000000000003,57.7469,106.12
18.898999999999994,58.0496,103.06
18.9,57.8919,100.0
18.901000000000003,57.7252,96.94
18.901999999999994,57.4866,93.88
18.903,57.4399,90.82
18.904000000000003,57.677,87.78
18.904999999999994,57.9885,84.75
18.906,57.9372,81.73
18.907000000000004,57.734,78.73
18.907999999999994,57.5936,75.75
18.909,57.682,72.8
18.910000000000004,57.9962,69.87
18.910999999999994,57.9904,66.97
18.912,57.867,64.11
18.913000000000004,57.3479,61.28
18.913999999999994,57.1832,58.49
18.915,57.255,55.74
18.916000000000004,57.6229,53.03
18.916999999999994,57.8073,50.37
18.918,57.6945,47.76
18.919000000000004,57.6905,45.2
18.919999999999995,57.6352,42.69
18.921,57.9689,40.24
18.922000000000004,58.207,37.85
18.922999999999995,58.3096,35.52
18.924,57.9357,33.26
18.925000000000004,57.4955,31.06
18.925999999999995,57.1838,28.92
18.927,57.4345,26.86
18.928000000000004,57.7221,24.87
18.928999999999995,57.9437,22.96
18.93,57.5115,21.12
18.931000000000004,57.4317,19.36
18.931999999999995,57.4979,17.68
18.933,58.0802,16.08
18.93399999999999,58.1627,14.56
18.934999999999995,58.2162,13.13
18.936,57.741,11.78
18.93699999999999,57.2644,10.52
18.937999999999995,57.2208,9.35
18.939,57.6605,8.26
18.93999999999999,57.819,7.27
18.940999999999995,57.9201,6.37
18.942,57.4686,5.56
18.94299999999999,57.2524,4.85
18.943999999999996,57.3771,4.23
18.945,57.897,3.7
18.94599999999999,58.2468,3.27
18.946999999999996,57.9719,2.93
18.948,57.609,2.69
18.94899999999999,57.4599,2.55
18.949999999999996,57.6441,2.5
18.951,57.6812,2.55
18.95199999999999,57.8376,2.69
18.952999999999996,57.6906,2.93
18.954,57.4776,3.27
18.95499999999999,57.3332,3.7
18.955999999999996,57.5774,4.23
18.957,57.8861,4.85
18.95799999999999,58.2591,5.56
18.958999999999996,58.0815,6.37
18.96,57.6213,7.27
18.96099999999999,57.3916,8.26
18.961999999999996,57.5156,9.35
18.963,57.7758,10.52
18.96399999999999,57.633,11.78
18.964999999999996,57.4139,13.13
18.966,57.2472,14.56
18.96699999999999,57.3115,16.08
18.967999999999996,57.7947,17.68
18.969,57.9762,19.36
18.96999999999999,57.9382,21.12
18.970999999999997,57.5282,22.96
18.972,57.4053,24.87
18.972999999999992,57.578,26.86
18.973999999999997,57.9049,28.92
18.975,57.9571,31.06
18.975999999999992,57.7544,33.26
18.976999999999997,57.504,35.52
18.978,57.3916,37.85
18.978999999999992,57.7261,40.24
18.979999999999997,58.1311,42.69
18.981,58.2777,45.2
18.981999999999992,57.8218,47.76
18.982999999999997,57.4328,50.37
18.984,57.1049,53.03
18.984999999999992,57.1366,55.74
18.985999999999997,57.5388,58.49
18.987000000000002,57.7156,61.28
18.987999999999992,57.3547,64.11
18.988999999999997,57.2372,66.97
18.990000000000002,57.2539,69.87
18.990999999999993,57.8809,72.8
18.991999999999997,58.2221,75.75
18.993000000000002,58.2647,78.73
18.993999999999993,57.8931,81.73
18.994999999999997,57.6306,84.75
18.996000000000002,57.5226,87.78
18.996999999999993,57.8386,90.82
18.997999999999998,57.8182,93.88
18.999000000000002,57.744,96.94
18.999999999999993,57.4545,100.0
19.000999999999998,57.2916,103.06
19.002000000000002,57.5199,106.12
19.002999999999993,57.7805,109.18
19.003999999999998,57.9284,112.22
19.005000000000003,57.7697,115.25
19.005999999999993,57.5793,118.27
19.006999999999998,57.3954,121.27
19.008000000000003,57.5645,124.25
19.008999999999993,57.9121,127.2
19.009999999999998,58.1669,130.13
19.011000000000003,58.0585,133.03
19.011999999999993,57.5592,135.89
19.012999999999998,57.4612,138.72
19.014000000000003,57.7571,141.51
19.014999999999993,58.2426,144.26
19.016,58.3841,146.97
19.017000000000003,57.9011,149.63
19.017999999999994,57.1746,152.24
19.019,56.9369,154.8
19.020000000000003,57.0415,157.31
19.020999999999994,57.6088,159.76
19.022,57.8395,162.15
19.023000000000003,57.8123,164.48
19.023999999999994,57.7179,166.74
19.025,57.7648,168.94
19.026000000000003,58.1394,171.07
19.026999999999994,58.0396,173.13
19.028,57.5844,175.12
19.029000000000003,57.1722,177.04
19.029999999999994,57.0727,178.88
19.031,57.6193,180.64
19.032000000000004,57.7106,182.32
19.032999999999994,57.944,183.92
19.034,57.7946,185.44
19.035000000000004,57.42,186.87
19.035999999999994,57.2477,188.22
19.037,57.5247,189.48
19.038000000000004,58.1431,190.65
19.038999999999994,58.1891,191.74
19.04,57.888,192.73
19.041000000000004,57.5894,193.63
19.041999999999994,57.5458,194.44
19.043,57.9133,195.15
19.044000000000004,57.8699,195.77
19.044999999999995,57.8397,196.3
19.046,57.4075,196.73
19.047000000000004,57.5238,197.07
19.047999999999995,57.5798,197.31
19.049,57.6862,197.45
19.050000000000004,57.9534,197.5
19.050999999999995,58.0732,197.45
19.052,57.9218,197.31
19.053000000000004,57.5258,197.07
19.053999999999995,57.4616,196.73
19.055,57.6355,196.3
19.056000000000004,57.8053,195.77
19.056999999999995,57.6864,195.15
19.058,57.4721,194.44
19.05899999999999,57.3277,193.63
19.059999999999995,57.5035,192.73
19.061,57.8398,191.74
19.06199999999999,57.8933,190.65
19.062999999999995,57.5259,189.48
19.064,57.5578,188.22
19.06499999999999,57.3223,186.87
19.065999999999995,57.5798,185.44
19.067,57.7376,183.92
19.06799999999999,57.897,182.32
19.068999999999996,57.702,180.64
19.07,57.4751,178.88
19.07099999999999,57.4115,177.04
19.071999999999996,57.7343,175.12
19.073,57.8961,173.13
19.07399999999999,58.0204,171.07
19.074999999999996,57.5215,168.94
19.076,57.2774,166.74
19.07699999999999,57.2513,164.48
19.077999999999996,57.6437,162.15
19.079,57.8078,159.76
19.07999999999999,57.7091,157.31
19.080999999999996,57.5195,154.8
19.082,57.3632,152.24
19.08299999999999,57.3957,149.63
19.083999999999996,57.7307,146.97
19.085,58.0219,144.26
19.08599999999999,58.0071,141.51
19.086999999999996,57.5037,138.72
19.088,57.2009,135.89
19.08899999999999,57.2134,133.03
19.089999999999996,57.483,130.13
19.091,57.6089,127.2
19.09199999999999,57.349,124.25
19.092999999999996,57.5192,121.27
19.094,57.3666,118.27
19.09499999999999,57.743,115.25
19.095999999999997,57.8542,112.22
19.097,58.0037,109.18
19.097999999999992,57.8833,106.12
19.098999999999997,57.419,103.06
19.1,57.3326,100.0
19.100999999999992,57.62,96.94
19.101999999999997,58.1204,93.88
19.103,58.0652,90.82
19.103999999999992,57.9565,87.78
19.104999999999997,57.7078,84.75
19.106,57.6295,81.73
19.106999999999992,57.6408,78.73
19.107999999999997,57.7513,75.75
19.109,57.7431,72.8
19.109999999999992,57.615,69.87
19.110999999999997,57.345,66.97
19.112000000000002,57.387,64.11
19.112999999999992,57.678,61.28
19.113999999999997,57.8353,58.49
19.115000000000002,57.9447,55.74
19.115999999999993,57.6763,53.03
19.116999999999997,57.4596,50.37
19.118000000000002,57.5905,47.76
19.118999999999993,57.852,45.2
19.119999999999997,58.226,42.69
19.121000000000002,57.8695,40.24
19.121999999999993,57.4502,37.85
19.122999999999998,57.093,35.52
19.124000000000002,57.3438,33.26
19.124999999999993,57.6327,31.06
19.125999999999998,57.8888,28.92
19.127000000000002,57.6412,26.86
19.127999999999993,57.492,24.87
19.128999999999998,57.5706,22.96
19.130000000000003,57.7298,21.12
19.130999999999993,58.045,19.36
19.131999999999998,58.0906,17.68
19.133000000000003,57.5565,16.08
19.133999999999993,57.2273,14.56
19.134999999999998,57.1527,13.13
19.136000000000003,57.5259,11.78
19.136999999999993,57.8355,10.52
19.137999999999998,57.9651,9.35
19.139000000000003,57.7051,8.26
19.139999999999993,57.4321,7.27
19.141,57.4582,6.37
19.142000000000003,57.8953,5.56
19.142999999999994,58.2707,4.85
19.144,57.8804,4.23
19.145000000000003,57.6638,3.7
19.145999999999994,57.2299,3.27
19.147,57.2719,2.93
19.148000000000003,57.4253,2.69
19.148999999999994,57.549,2.55
19.15,57.6294,2.5
19.151000000000003,57.3036,2.55
19.151999999999994,57.3924,2.69
19.153,57.7372,2.93
19.154000000000003,58.116,3.27
19.154999999999994,58.0788,3.7
19.156,57.7075,4.23
19.157000000000004,57.5128,4.85
19.157999999999994,57.6197,5.56
19.159,57.6774,6.37
19.160000000000004,58.0205,7.27
19.160999999999994,57.9718,8.26
19.162,57.9712,9.35
19.163000000000004,57.3828,10.52
19.163999999999994,57.4081,11.78
19.165,57.5857,13.13
19.166000000000004,58.0055,14.56
19.166999999999994,57.8391,16.08
19.168,57.5774,17.68
19.169000000000004,57.3305,19.36
19.169999999999995,57.2735,21.12
19.171,57.4372,22.96
19.172000000000004,57.4397,24.87
19.172999999999995,57.7729,26.86
19.174,57.5895,28.92
19.175000000000004,57.8513,31.06
19.175999999999995,57.9086,33.26
19.177,58.1327,35.52
19.178000000000004,58.4314,37.85
19.178999999999995,57.9849,40.24
19.18,57.3878,42.69
19.181000000000004,56.9309,45.2
19.181999999999995,57.3241,47.76
19.183,57.667,50.37
19.18399999999999,58.0176,53.03
19.184999999999995,57.6878,55.74
19.186,57.4525,58.49
19.18699999999999,57.491,61.28
19.187999999999995,58.0065,64.11
19.189,58.3422,66.97
19.18999999999999,58.1339,69.87
19.190999999999995,57.4978,72.8
19.192,57.1167,75.75
19.19299999999999,57.2123,78.73
19.193999999999996,57.3573,81.73
19.195,57.8319,84.75
19.19599999999999,57.7553,87.78
19.196999999999996,57.5732,90.82
19.198,57.3533,93.88
19.19899999999999,57.5802,96.94
19.199999999999996,57.6852,100.0
19.201,57.8493,103.06
19.20199999999999,57.7476,106.12
19.202999999999996,57.5509,109.18
19.204,57.2957,112.22
19.20499999999999,57.3199,115.25
19.205999999999996,57.7627,118.27
19.207,57.8058,121.27
19.20799999999999,57.7226,124.25
19.208999999999996,57.4953,127.2
19.21,57.3673,130.13
19.21099999999999,57.6288,133.03
19.211999999999996,57.8987,135.89
19.213,58.2001,138.72
19.21399999999999,57.8569,141.51
19.214999999999996,57.5186,144.26
19.216,57.1914,146.97
19.21699999999999,57.2985,149.63
19.217999999999996,57.4358,152.24
19.219,57.4342,154.8
19.21999999999999,57.5669,157.31
19.220999999999997,57.4193,159.76
19.222,57.7056,162.15
19.222999999999992,57.9905,164.48
19.223999999999997,58.2326,166.74
19.225,57.9783,168.94
19.225999999999992,57.4919,171.07
19.226999999999997,57.1423,173.13
19.228,57.2964,175.12
19.228999999999992,57.6461,177.04
19.229999999999997,57.8953,178.88
19.231,57.6801,180.64
19.231999999999992,57.3521,182.32
19.232999999999997,57.2011,183.92
19.234,57.6208,185.44
19.234999999999992,58.1844,186.87
19.235999999999997,58.4072,188.22
19.237000000000002,57.8417,189.48
19.237999999999992,57.4862,190.65
19.238999999999997,57.2823,191.74
19.240000000000002,57.838,192.73
19.240999999999993,58.1842,193.63
19.241999999999997,58.1846,194.44
19.243000000000002,57.7758,195.15
19.243999999999993,57.3204,195.77
19.244999999999997,57.3471,196.3
19.246000000000002,57.9095,196.73
19.246999999999993,58.1268,197.07
19.247999999999998,57.781,197.31
19.249000000000002,57.4245,197.45
19.249999999999993,57.1541,197.5
19.250999999999998,57.4704,197.45
19.252000000000002,57.6855,197.31
19.252999999999993,57.9813,197.07
19.253999999999998,57.9118,196.73
19.255000000000003,57.8074,196.3
19.255999999999993,57.732,195.77
19.256999999999998,57.8551,195.15
19.258000000000003,57.9166,194.44
19.258999999999993,58.1994,193.63
19.259999999999998,57.9654,192.73
19.261000000000003,57.6282,191.74
19.261999999999993,57.2249,190.65
19.262999999999998,57.3453,189.48
19.264000000000003,57.6262,188.22
19.264999999999993,57.786,186.87
19.266,57.7336,185.44
19.267000000000003,57.5469,183.92
19.267999999999994,57.5457,182.32
19.269,57.8942,180.64
19.270000000000003,58.0493,178.88
19.270999999999994,57.9021,177.04
19.272,57.6016,175.12
19.273000000000003,57.3145,173.13
19.273999999999994,57.2718,171.07
19.275,57.4899,168.94
19.276000000000003,57.7099,166.74
19.276999999999994,57.8164,164.48
19.278,57.4663,162.15
19.279000000000003,57.0931,159.76
19.279999999999994,57.3004,157.31
19.281,57.7784,154.8
19.282000000000004,58.1718,152.24
19.282999999999994,57.8401,149.63
19.284,57.3723,146.97
19.285000000000004,57.1705,144.26
19.285999999999994,57.4769,141.51
19.287,57.5392,138.72
19.288000000000004,57.7585,135.89
19.288999999999994,57.5012,133.03
19.29,57.5214,130.13
19.291000000000004,57.3567,127.2
19.291999999999994,57.5508,124.25
19.293,57.7894,121.27
19.294000000000004,57.9447,118.27
19.294999999999995,57.5253,115.25
19.296,57.1022,112.22
19.297000000000004,57.1494,109.18
19.297999999999995,57.5428,106.12
19.299,57.9821,103.06
19.300000000000004,57.919,100.0
19.300999999999995,57.6279,96.94
19.302,57.3791,93.88
19.303000000000004,57.5761,90.82
19.303999999999995,57.8504,87.78
19.305,57.8029,84.75
19.306000000000004,57.8374,81.73
19.306999999999995,57.4774,78.73
19.308,57.2019,75.75
19.30899999999999,57.2941,72.8
19.309999999999995,57.5037,69.87
19.311,57.8044,66.97
19.31199999999999,57.6703,64.11
19.312999999999995,57.5646,61.28
19.314,57.4414,58.49
19.31499999999999,57.8163,55.74
19.315999999999995,57.8546,53.03
19.317,57.7721,50.37
19.31799999999999,57.4505,47.76
19.318999999999996,57.319,45.2
19.32,57.1974,42.69
19.32099999999999,57.2482,40.24
19.321999999999996,57.222,37.85
19.323,57.3629,35.52
19.32399999999999,57.3589,33.26
19.324999999999996,57.2545,31.06
19.326,57.345,28.92
19.32699999999999,57.4662,26.86
19.327999999999996,57.7293,24.87
19.329,57.8202,22.96
19.32999999999999,57.3468,21.12
19.330999999999996,56.9716,19.36
19.332,56.9422,17.68
19.33299999999999,57.5336,16.08
19.333999999999996,57.9669,14.56
19.335,57.7498,13.13
19.33599999999999,57.4606,11.78
19.336999999999996,57.1142,10.52
19.338,57.3309,9.35
19.33899999999999,57.4356,8.26
19.339999999999996,57.9274,7.27
19.341,57.8911,6.37
19.34199999999999,57.514,5.56
19.342999999999996,57.0427,4.85
19.344,57.0872,4.23
19.34499999999999,57.6311,3.7
19.345999999999997,57.9901,3.27
19.347,57.8118,2.93
19.347999999999992,57.4091,2.69
19.348999999999997,57.3382,2.55
19.35,57.6486,2.5
19.350999999999992,58.0104,2.55
19.351999999999997,58.068,2.69
19.353,57.7182,2.93
19.353999999999992,57.1914,3.27
19.354999999999997,56.9847,3.7
19.356,57.0795,4.23
19.356999999999992,57.4727,4.85
19.357999999999997,57.5664,5.56
19.359,57.4685,6.37
19.359999999999992,57.3625,7.27
19.360999999999997,57.6269,8.26
19.362000000000002,57.9729,9.35
19.362999999999992,58.046,10.52
19.363999999999997,57.839,11.78
19.365000000000002,57.3263,13.13
19.365999999999993,57.1423,14.56
19.366999999999997,57.1859,16.08
19.368000000000002,57.6736,17.68
19.368999999999993,57.7884,19.36
19.369999999999997,57.6273,21.12
19.371000000000002,57.3875,22.96
19.371999999999993,57.2778,24.87
19.372999999999998,57.6179,26.86
19.374000000000002,58.0068,28.92
19.374999999999993,57.9202,31.06
19.375999999999998,57.6773,33.26
19.377000000000002,57.1021,35.52
19.377999999999993,57.0439,37.85
19.378999999999998,57.1116,40.24
19.380000000000003,57.5352,42.69
19.380999999999993,57.686,45.2
19.381999999999998,57.602,47.76
19.383000000000003,57.4058,50.37
19.383999999999993,57.3765,53.03
19.384999999999998,57.6793,55.74
19.386000000000003,57.878,58.49
19.386999999999993,57.8268,61.28
19.387999999999998,57.7416,64.11
19.389000000000003,57.4733,66.97
19.389999999999993,57.3421,69.87
19.391,57.4406,72.8
19.392000000000003,57.5695,75.75
19.392999999999994,57.7217,78.73
19.394,57.4331,81.73
19.395000000000003,57.2543,84.75
19.395999999999994,57.2563,87.78
19.397,57.6988,90.82
19.398000000000003,57.8833,93.88
19.398999999999994,57.8389,96.94
19.4,57.3945,100.0
19.401000000000003,57.2667,103.06
19.401999999999994,57.3516,106.12
19.403,57.5608,109.18
19.404000000000003,57.9545,112.22
19.404999999999994,58.0269,115.25
19.406,57.5853,118.27
19.407000000000004,57.2779,121.27
19.407999999999994,57.2586,124.25
19.409,57.6227,127.2
19.410000000000004,57.8772,130.13
19.410999999999994,57.7446,133.03
19.412,57.4663,135.89
19.413000000000004,57.3083,138.72
19.413999999999994,57.5542,141.51
19.415,57.8571,144.26
19.416000000000004,57.7838,146.97
19.416999999999994,57.3816,149.63
19.418,57.1667,152.24
19.419000000000004,57.1945,154.8
19.419999999999995,57.7112,157.31
19.421,57.868,159.76
19.422000000000004,57.7595,162.15
19.422999999999995,57.3153,164.48
19.424,57.0559,166.74
19.425000000000004,57.1616,168.94
19.425999999999995,57.5972,171.07
19.427,57.9036,173.13
19.428000000000004,57.8307,175.12
19.428999999999995,57.4272,177.04
19.43,57.4034,178.88
19.431000000000004,57.5993,180.64
19.431999999999995,57.995,182.32
19.433,57.6846,183.92
19.43399999999999,57.4736,185.44
19.434999999999995,57.2645,186.87
19.436,57.3097,188.22
19.43699999999999,57.4017,189.48
19.437999999999995,57.5903,190.65
19.439,57.3918,191.74
19.43999999999999,57.5147,192.73
19.440999999999995,57.3731,193.63
19.442,57.4791,194.44
19.44299999999999,57.5943,195.15
19.443999999999996,57.9857,195.77
19.445,57.9249,196.3
19.44599999999999,57.5954,196.73
19.446999999999996,57.1607,197.07
19.448,57.1222,197.31
19.44899999999999,57.3985,197.45
19.449999999999996,57.5557,197.5
19.451,57.5769,197.45
19.45199999999999,57.625,197.31
19.452999999999996,57.2397,197.07
19.454,57.1803,196.73
19.45499999999999,57.0788,196.3
19.455999999999996,57.5378,195.77
19.457,57.4588,195.15
19.45799999999999,57.3318,194.44
19.458999999999996,57.0847,193.63
19.46,57.404,192.73
19.46099999999999,57.6429,191.74
19.461999999999996,57.6465,190.65
19.463,57.4702,189.48
19.46399999999999,57.3994,188.22
19.464999999999996,57.5785,186.87
19.466,57.8197,185.44
19.46699999999999,57.8777,183.92
19.467999999999996,57.9831,182.32
19.469,57.6316,180.64
19.46999999999999,57.5253,178.88
19.470999999999997,57.3673,177.04
19.472,57.8116,175.12
19.472999999999992,57.9119,173.13
19.473999999999997,58.0818,171.07
19.475,57.8585,168.94
19.475999999999992,57.5871,166.74
19.476999999999997,57.7214,164.48
19.478,57.7846,162.15
19.478999999999992,58.005,159.76
19.479999999999997,57.6798,157.31
19.481,57.3972,154.8
19.481999999999992,57.0989,152.24
19.482999999999997,57.2881,149.63
19.484,57.3975,146.97
19.484999999999992,57.7275,144.26
19.485999999999997,57.4679,141.51
19.487000000000002,57.1494,138.72
19.487999999999992,56.9974,135.89
19.488999999999997,57.3094,133.03
19.490000000000002,57.6,130.13
19.490999999999993,57.858,127.2
19.491999999999997,57.5524,124.25
19.493000000000002,57.2449,121.27
19.493999999999993,57.0303,118.27
19.494999999999997,57.3643,115.25
19.496000000000002,57.5234,112.22
19.496999999999993,57.6693,109.18
19.497999999999998,57.4932,106.12
19.499000000000002,57.4515,103.06
19.499999999999993,57.2566,100.0
19.500999999999998,57.5175,96.94
19.502000000000002,57.8514,93.88
19.502999999999993,57.9664,90.82
19.503999999999998,57.6075,87.78
19.505000000000003,57.16,84.75
19.505999999999993,57.1705,81.73
19.506999999999998,57.3347,78.73
19.508000000000003,57.5706,75.75
19.508999999999993,57.3589,72.8
19.509999999999998,57.1712,69.87
19.511000000000003,57.0802,66.97
19.511999999999993,57.2841,64.11
19.512999999999998,57.635,61.28
19.514000000000003,57.5686,58.49
19.514999999999993,57.3709,55.74
19.516,57.0873,53.03
19.517000000000003,56.9702,50.37
19.517999999999994,57.0053,47.76
19.519,57.4118,45.2
19.520000000000003,57.6515,42.69
19.520999999999994,57.7924,40.24
19.522,57.6122,37.85
19.523000000000003,57.571,35.52
19.523999999999994,57.8031,33.26
19.525,58.074,31.06
19.526000000000003,58.139,28.92
19.526999999999994,57.6157,26.86
19.528,57.3562,24.87
19.529000000000003,57.142,22.96
19.529999999999994,57.3865,21.12
19.531,57.5063,19.36
19.532000000000004,57.5063,17.68
19.532999999999994,57.4898,16.08
19.534,57.3002,14.56
19.535000000000004,57.3788,13.13
19.535999999999994,57.9282,11.78
19.537,58.2514,10.52
19.538000000000004,58.1329,9.35
19.538999999999994,57.5003,8.26
19.54,57.2254,7.27
19.541000000000004,57.261,6.37
19.541999999999994,57.5546,5.56
19.543,57.7305,4.85
19.544000000000004,57.5207,4.23
19.544999999999995,57.0574,3.7
19.546,56.9826,3.27
19.547000000000004,57.4509,2.93
19.547999999999995,57.8737,2.69
19.549,57.9587,2.55
19.550000000000004,57.757,2.5
19.550999999999995,57.2052,2.55
19.552,56.9662,2.69
19.553000000000004,57.0886,2.93
19.553999999999995,57.6581,3.27
19.555,57.7633,3.7
19.556000000000004,57.7562,4.23
19.556999999999995,57.3112,4.85
19.558,57.669,5.56
19.55899999999999,57.8739,6.37
19.559999999999995,58.3437,7.27
19.561,57.943,8.26
19.56199999999999,57.502,9.35
19.562999999999995,57.0865,10.52
19.564,57.1962,11.78
19.56499999999999,57.4112,13.13
19.565999999999995,57.5407,14.56
19.567,57.6153,16.08
19.56799999999999,57.2865,17.68
19.568999999999996,57.4663,19.36
19.57,57.6147,21.12
19.57099999999999,57.6841,22.96
19.571999999999996,57.78,24.87
19.573,57.4399,26.86
19.57399999999999,57.258,28.92
19.574999999999996,57.0598,31.06
19.576,57.2324,33.26
19.57699999999999,57.5735,35.52
19.577999999999996,57.5978,37.85
19.579,57.6427,40.24
19.57999999999999,57.4254,42.69
19.580999999999996,57.3503,45.2
19.582,57.2525,47.76
19.58299999999999,57.742,50.37
19.583999999999996,57.9741,53.03
19.585,57.7418,55.74
19.58599999999999,57.3031,58.49
19.586999999999996,57.1622,61.28
19.588,57.5945,64.11
19.58899999999999,57.6497,66.97
19.589999999999996,57.6534,69.87
19.591,57.3763,72.8
19.59199999999999,57.3371,75.75
19.592999999999996,57.3542,78.73
19.594,57.5853,81.73
19.59499999999999,57.7116,84.75
19.595999999999997,57.647,87.78
19.597,57.3984,90.82
19.597999999999992,56.9817,93.88
19.598999999999997,56.9787,96.94
19.6,57.455,100.0
19.600999999999992,57.6323,103.06
19.601999999999997,57.4089,106.12
19.603,57.2668,109.18
19.603999999999992,57.3077,112.22
19.604999999999997,57.5515,115.25
19.606,57.8211,118.27
19.606999999999992,57.861,121.27
19.607999999999997,57.6831,124.25
19.609,57.2123,127.2
19.609999999999992,57.0415,130.13
19.610999999999997,57.0967,133.03
19.612000000000002,57.4386,135.89
19.612999999999992,57.5464,138.72
19.613999999999997,57.501,141.51
19.615000000000002,57.211,144.26
19.615999999999993,57.2529,146.97
19.616999999999997,57.533,149.63
19.618000000000002,57.7892,152.24
19.618999999999993,57.7698,154.8
19.619999999999997,57.3687,157.31
19.621000000000002,56.9417,159.76
19.621999999999993,57.0306,162.15
19.622999999999998,57.2998,164.48
19.624000000000002,57.6852,166.74
19.624999999999993,57.4622,168.94
19.625999999999998,57.244,171.07
19.627000000000002,57.3451,173.13
19.627999999999993,57.3765,175.12
19.628999999999998,57.7695,177.04
19.630000000000003,57.7586,178.88
19.630999999999993,57.7531,180.64
19.631999999999998,57.128,182.32
19.633000000000003,57.0669,183.92
19.633999999999993,57.0944,185.44
19.634999999999998,57.5049,186.87
19.636000000000003,57.5081,188.22
19.636999999999993,57.358,189.48
19.637999999999998,57.3263,190.65
19.639000000000003,57.3915,191.74
19.639999999999993,57.7999,192.73
19.641,58.0184,193.63
19.642000000000003,57.9007,194.44
19.642999999999994,57.3904,195.15
19.644,56.964,195.77
19.645000000000003,57.2345,196.3
19.645999999999994,57.2619,196.73
19.647,57.381,197.07
19.648000000000003,57.5121,197.31
19.648999999999994,57.2575,197.45
19.65,57.2046,197.5
19.651000000000003,57.3595,197.45
19.651999999999994,57.7331,197.31
19.653,58.0144,197.07
19.654000000000003,57.7293,196.73
19.654999999999994,57.4476,196.3
19.656,57.1006,195.77
19.657000000000004,57.0125,195.15
19.657999999999994,57.276,194.44
19.659,57.3911,193.63
19.660000000000004,57.3198,192.73
19.660999999999994,57.1274,191.74
19.662,57.0662,190.65
19.663000000000004,57.4797,189.48
19.663999999999994,57.7388,188.22
19.665,57.8421,186.87
19.666000000000004,57.5342,185.44
19.666999999999994,57.2186,183.92
19.668,56.8538,182.32
19.669000000000004,57.2321,180.64
19.669999999999995,57.5313,178.88
19.671,57.9426,177.04
19.672000000000004,57.4756,175.12
19.672999999999995,57.314,173.13
19.674,57.4641,171.07
19.675000000000004,57.7982,168.94
19.675999999999995,58.0065,166.74
19.677,57.5979,164.48
19.678000000000004,57.4885,162.15
19.678999999999995,57.2136,159.76
19.68,57.0793,157.31
19.681000000000004,57.1751,154.8
19.681999999999995,57.6239,152.24
19.683,57.6687,149.63
19.68399999999999,57.6309,146.97
19.684999999999995,57.4874,144.26
19.686,57.6217,141.51
19.68699999999999,57.7735,138.72
19.687999999999995,57.6717,135.89
19.689,57.3463,133.03
19.68999999999999,56.9239,130.13
19.690999999999995,56.9395,127.2
19.692,57.3353,124.25
19.69299999999999,57.7459,121.27
19.693999999999996,57.8586,118.27
19.695,57.7058,115.25
19.69599999999999,57.3704,112.22
19.696999999999996,57.2544,109.18
19.698,57.5713,106.12
19.69899999999999,57.9134,103.06
19.699999999999996,57.9257,100.0
19.701,57.5753,96.94
19.70199999999999,57.1009,93.88
19.702999999999996,57.213,90.82
19.704,57.4128,87.78
19.70499999999999,57.6142,84.75
19.705999999999996,57.4796,81.73
19.707,57.2739,78.73
19.70799999999999,57.2144,75.75
19.708999999999996,57.344,72.8
19.71,57.4628,69.87
19.71099999999999,57.9677,66.97
19.711999999999996,57.8194,64.11
19.713,57.5403,61.28
19.71399999999999,57.0306,58.49
19.714999999999996,57.3738,55.74
19.716,57.4748,53.03
19.71699999999999,57.5367,50.37
19.717999999999996,57.283,47.76
19.719,57.0886,45.2
19.71999999999999,57.0555,42.69
19.720999999999997,57.3708,40.24
19.722,57.8004,37.85
19.722999999999992,57.8618,35.52
19.723999999999997,57.4196,33.26
19.725,57.025,31.06
19.725999999999992,56.926,28.92
19.726999999999997,57.275,26.86
19.728,57.528,24.87
19.728999999999992,57.6793,22.96
19.729999999999997,57.4994,21.12
19.731,57.4125,19.36
19.731999999999992,57.4233,17.68
19.732999999999997,57.6131,16.08
19.734,57.8885,14.56
19.734999999999992,58.0112,13.13
19.735999999999997,57.4398,11.78
19.737000000000002,57.0392,10.52
19.737999999999992,56.9974,9.35
19.738999999999997,57.4346,8.26
19.740000000000002,57.669,7.27
19.740999999999993,57.6711,6.37
19.741999999999997,57.5823,5.56
19.743000000000002,57.3804,4.85
19.743999999999993,57.3851,4.23
19.744999999999997,57.7771,3.7
19.746000000000002,57.9,3.27
19.746999999999993,57.6187,2.93
19.747999999999998,56.8711,2.69
19.749000000000002,56.7114,2.55
19.749999999999993,57.0121,2.5
19.750999999999998,57.5599,2.55
19.752000000000002,57.5844,2.69
19.752999999999993,57.3116,2.93
19.753999999999998,57.2478,3.27
19.755000000000003,57.325,3.7
19.755999999999993,57.8512,4.23
19.756999999999998,58.0406,4.85
19.758000000000003,57.8739,5.56
19.758999999999993,57.4992,6.37
19.759999999999998,57.0146,7.27
19.761000000000003,56.9952,8.26
19.761999999999993,57.581,9.35
19.762999999999998,57.9087,10.52
19.764000000000003,57.7081,11.78
19.764999999999993,57.2206,13.13
19.766,56.9707,14.56
19.767000000000003,57.2654,16.08
19.767999999999994,57.5124,17.68
19.769,57.6692,19.36
19.770000000000003,57.4872,21.12
19.770999999999994,57.212,22.96
19.772,56.8498,24.87
19.773000000000003,56.9716,26.86
19.773999999999994,57.1546,28.92
19.775,57.2669,31.06
19.776000000000003,57.2776,33.26
19.776999999999994,56.9623,35.52
19.778,57.0772,37.85
19.779000000000003,57.3236,40.24
19.779999999999994,57.7567,42.69
19.781,57.9572,45.2
19.782000000000004,57.6616,47.76
19.782999999999994,57.1923,50.37
19.784,56.996,53.03
19.785000000000004,57.1826,55.74
19.785999999999994,57.4213,58.49
19.787,57.4765,61.28
19.788000000000004,57.2653,64.11
19.788999999999994,57.2353,66.97
19.79,57.3592,69.87
19.791000000000004,57.7276,72.8
19.791999999999994,57.8399,75.75
19.793,57.8605,78.73
19.794000000000004,57.3822,81.73
19.794999999999995,57.1645,84.75
19.796,57.0836,87.78
19.797000000000004,57.373,90.82
19.797999999999995,57.4512,93.88
19.799,57.3956,96.94
19.800000000000004,57.1175,100.0
19.800999999999995,57.2034,103.06
19.802,57.3025,106.12
19.803000000000004,57.537,109.18
19.803999999999995,57.6252,112.22
19.805,57.3383,115.25
19.806000000000004,57.0421,118.27
19.806999999999995,56.8962,121.27
19.808,57.0204,124.25
19.80899999999999,57.4232,127.2
19.809999999999995,57.4602,130.13
19.811,57.2946,133.03
19.81199999999999,56.9128,135.89
19.812999999999995,57.0574,138.72
19.814,57.4864,141.51
19.81499999999999,57.9596,144.26
19.815999999999995,57.8498,146.97
19.817,57.1023,149.63
19.81799999999999,56.6912,152.24
19.818999999999996,56.6572,154.8
19.82,57.1452,157.31
19.82099999999999,57.4792,159.76
19.821999999999996,57.6881,162.15
19.823,57.7256,164.48
19.82399999999999,57.4283,166.74
19.824999999999996,57.4062,168.94
19.826,57.5066,171.07
19.82699999999999,57.6754,173.13
19.827999999999996,57.5397,175.12
19.829,57.2063,177.04
19.82999999999999,57.1097,178.88
19.830999999999996,57.2676,180.64
19.832,57.5562,182.32
19.83299999999999,57.7499,183.92
19.833999999999996,57.5173,185.44
19.835,57.2908,186.87
19.83599999999999,57.0744,188.22
19.836999999999996,57.4434,189.48
19.838,57.7949,190.65
19.83899999999999,57.7096,191.74
19.839999999999996,57.3633,192.73
19.841,56.9981,193.63
19.84199999999999,57.2152,194.44
19.842999999999996,57.3897,195.15
19.844,57.5321,195.77
19.84499999999999,57.5314,196.3
19.845999999999997,57.3297,196.73
19.847,57.1561,197.07
19.847999999999992,57.2215,197.31
19.848999999999997,57.5456,197.45
19.85,57.8765,197.5
19.850999999999992,57.6704,197.45
19.851999999999997,57.2948,197.31
19.853,56.9883,197.07
19.853999999999992,57.0488,196.73
19.854999999999997,57.3061,196.3
19.856,57.4426,195.77
19.856999999999992,57.4041,195.15
19.857999999999997,57.1559,194.44
19.859,57.0502,193.63
19.859999999999992,57.1854,192.73
19.860999999999997,57.5265,191.74
19.862000000000002,57.9118,190.65
19.862999999999992,57.6312,189.48
19.863999999999997,57.3233,188.22
19.865000000000002,56.8308,186.87
19.865999999999993,57.0271,185.44
19.866999999999997,57.4161,183.92
19.868000000000002,57.6637,182.32
19.868999999999993,57.4733,180.64
19.869999999999997,57.3331,178.88
19.871000000000002,57.3485,177.04
19.871999999999993,57.585,175.12
19.872999999999998,57.7904,173.13
19.874000000000002,57.7344,171.07
19.874999999999993,57.3316,168.94
19.875999999999998,57.0613,166.74
19.877000000000002,57.0937,164.48
19.877999999999993,57.1875,162.15
19.878999999999998,57.3394,159.76
19.880000000000003,57.4144,157.31
19.880999999999993,57.4338,154.8
19.881999999999998,57.2325,152.24
19.883000000000003,57.3047,149.63
19.883999999999993,57.4552,146.97
19.884999999999998,57.7905,144.26
19.886000000000003,57.3782,141.51
19.886999999999993,56.9895,138.72
19.887999999999998,56.8521,135.89
19.889000000000003,57.0018,133.03
19.889999999999993,57.4073,130.13
19.891,57.5487,127.2
19.892000000000003,57.5783,124.25
19.892999999999994,57.2686,121.27
19.894,57.2426,118.27
19.895000000000003,57.2748,115.25
19.895999999999994,57.6729,112.22
19.897,57.703,109.18
19.898000000000003,57.5132,106.12
19.898999999999994,56.9492,103.06
19.9,56.9544,100.0
19.901000000000003,57.2622,96.94
19.901999999999994,57.7,93.88
19.903,57.8753,90.82
19.904000000000003,57.8386,87.78
19.904999999999994,57.6728,84.75
19.906,57.3891,81.73
19.907000000000004,57.4806,78.73
19.907999999999994,57.3826,75.75
19.909,57.5029,72.8
19.910000000000004,57.1434,69.87
19.910999999999994,56.9415,66.97
19.912,56.8825,64.11
19.913000000000004,57.2475,61.28
19.913999999999994,57.5279,58.49
19.915,57.3113,55.74
19.916000000000004,57.1155,53.03
19.916999999999994,57.2285,50.37
19.918,57.6442,47.76
19.919000000000004,58.1706,45.2
19.919999999999995,58.0602,42.69
19.921,57.8287,40.24
19.922000000000004,57.1587,37.85
19.922999999999995,56.5759,35.52
19.924,56.7067,33.26
19.925000000000004,57.2903,31.06
19.925999999999995,57.7867,28.92
19.927,57.6317,26.86
19.928000000000004,57.5047,24.87
19.928999999999995,57.3807,22.96
19.93,57.6211,21.12
19.931000000000004,57.8309,19.36
19.931999999999995,57.6914,17.68
19.933,57.2888,16.08
19.93399999999999,56.6809,14.56
19.934999999999995,56.7824,13.13
19.936,56.9668,11.78
19.93699999999999,57.4171,10.52
19.937999999999995,57.6234,9.35
19.939,57.4702,8.26
19.93999999999999,57.4606,7.27
19.940999999999995,57.572,6.37
19.942,57.7646,5.56
19.94299999999999,57.7403,4.85
19.943999999999996,57.4934,4.23
19.945,56.9752,3.7
19.94599999999999,56.6558,3.27
19.946999999999996,56.8522,2.93
19.948,57.2506,2.69
19.94899999999999,57.3206,2.55
19.949999999999996,57.2124,2.5
19.951,57.1355,2.55
19.95199999999999,57.5076,2.69
19.952999999999996,57.8393,2.93
19.954,58.1778,3.27
19.95499999999999,58.2356,3.7
19.955999999999996,57.6565,4.23
19.957,57.1835,4.85
19.95799999999999,57.0206,5.56
19.958999999999996,57.2036,6.37
19.96,57.5046,7.27
19.96099999999999,57.4507,8.26
19.961999999999996,57.3007,9.35
19.963,57.0828,10.52
19.96399999999999,57.1889,11.78
19.964999999999996,57.5371,13.13
19.966,57.584,14.56
19.96699999999999,57.4573,16.08
19.967999999999996,57.1128,17.68
19.969,56.883,19.36
19.96999999999999,56.9456,21.12
19.970999999999997,56.9852,22.96
19.972,57.0362,24.87
19.972999999999992,57.1587,26.86
19.973999999999997,57.0451,28.92
19.975,57.2674,31.06
19.975999999999992,57.2573,33.26
19.976999999999997,57.5184,35.52
19.978,57.5083,37.85
19.978999999999992,57.6287,40.24
19.979999999999997,57.3099,42.69
19.981,57.149,45.2
19.981999999999992,57.1682,47.76
19.982999999999997,57.2549,50.37
19.984,57.1327,53.03
19.984999999999992,57.0542,55.74
19.985999999999997,56.979,58.49
19.987000000000002,57.0934,61.28
19.987999999999992,57.3936,64.11
19.988999999999997,57.5724,66.97
19.990000000000002,57.6495,69.87
19.990999999999993,57.5107,72.8
19.991999999999997,57.1445,75.75
19.993000000000002,57.1423,78.73
19.993999999999993,57.3066,81.73
19.994999999999997,57.6685,84.75
19.996000000000002,57.5132,87.78
19.996999999999993,57.2765,90.82
19.997999999999998,57.1397,93.88
19.999000000000002,57.5354,96.94
19.999999999999993,57.8468,100.0
20.000999999999998,57.9836,103.06
20.002000000000002,57.5854,106.12
20.002999999999993,57.1831,109.18
20.003999999999998,56.8021,112.22
20.005000000000003,57.1334,115.25
20.005999999999993,57.4917,118.27
20.006999999999998,57.7828,121.27
20.008000000000003,57.4369,124.25
20.008999999999993,57.0749,127.2
20.009999999999998,56.9791,130.13
20.011000000000003,57.4383,133.03
20.011999999999993,57.8056,135.89
20.012999999999998,57.6046,138.72
20.014000000000003,57.3474,141.51
20.014999999999993,56.9192,144.26
20.016,57.0111,146.97
20.017000000000003,57.0873,149.63
20.017999999999994,57.4663,152.24
20.019,57.6909,154.8
20.020000000000003,57.1879,157.31
20.020999999999994,56.8302,159.76
20.022,56.7297,162.15
20.023000000000003,57.3403,164.48
20.023999999999994,57.6608,166.74
20.025,57.4209,168.94
20.026000000000003,56.9817,171.07
20.026999999999994,56.7648,173.13
20.028,57.1121,175.12
20.029000000000003,57.531,177.04
20.029999999999994,57.7575,178.88
20.031,57.5353,180.64
20.032000000000004,57.2358,182.32
20.032999999999994,57.2262,183.92
20.034,57.5666,185.44
20.035000000000004,57.8337,186.87
20.035999999999994,57.8118,188.22
20.037,57.423,189.48
20.038000000000004,56.9608,190.65
20.038999999999994,56.7821,191.74
20.04,57.0641,192.73
20.041000000000004,57.4133,193.63
20.041999999999994,57.7835,194.44
20.043,57.4503,195.15
20.044000000000004,57.1974,195.77
20.044999999999995,57.096,196.3
20.046,57.4543,196.73
20.047000000000004,57.4207,197.07
20.047999999999995,57.4262,197.31
20.049,57.0869,197.45
20.050000000000004,57.0137,197.5
20.050999999999995,57.0064,197.45
20.052,56.9429,197.31
20.053000000000004,57.084,197.07
20.053999999999995,57.1719,196.73
20.055,56.8921,196.3
20.056000000000004,56.9419,195.77
20.056999999999995,57.2025,195.15
20.058,57.7468,194.44
20.05899999999999,57.8049,193.63
20.059999999999995,57.4145,192.73
20.061,56.7899,191.74
20.06199999999999,56.658,190.65
20.062999999999995,57.0748,189.48
20.064,57.5581,188.22
20.06499999999999,57.7876,186.87
20.065999999999995,57.6654,185.44
20.067,57.3846,183.92
20.06799999999999,57.2237,182.32
20.068999999999996,57.452,180.64
20.07,57.9625,178.88
20.07099999999999,57.9537,177.04
20.071999999999996,57.8082,175.12
20.073,57.1698,173.13
20.07399999999999,56.7554,171.07
20.074999999999996,56.77,168.94
20.076,56.9006,166.74
20.07699999999999,57.3216,164.48
20.077999999999996,57.0308,162.15
20.079,57.0865,159.76
20.07999999999999,57.2348,157.31
20.080999999999996,57.8268,154.8
20.082,57.9266,152.24
20.08299999999999,57.8565,149.63
20.083999999999996,57.3978,146.97
20.085,57.0392,144.26
20.08599999999999,56.9898,141.51
20.086999999999996,57.2782,138.72
20.088,57.4065,135.89
20.08899999999999,57.3776,133.03
20.089999999999996,57.1408,130.13
20.091,57.2233,127.2
20.09199999999999,57.4212,124.25
20.092999999999996,57.6226,121.27
20.094,57.5348,118.27
20.09499999999999,57.2314,115.25
20.095999999999997,57.0515,112.22
20.097,57.0449,109.18
20.097999999999992,57.0575,106.12
20.098999999999997,57.268,103.06
20.1,57.3827,100.0
20.100999999999992,57.2776,96.94
20.101999999999997,57.1737,93.88
20.103,57.102,90.82
20.103999999999992,57.479,87.78
20.104999999999997,57.6585,84.75
20.106,57.5549,81.73
20.106999999999992,56.9777,78.73
20.107999999999997,56.6033,75.75
20.109,56.5844,72.8
20.109999999999992,57.0143,69.87
20.110999999999997,57.3079,66.97
20.112000000000002,57.1987,64.11
20.112999999999992,56.7892,61.28
20.113999999999997,56.7635,58.49
20.115000000000002,56.8357,55.74
20.115999999999993,57.4654,53.03
20.116999999999997,57.7776,50.37
20.118000000000002,57.8336,47.76
20.118999999999993,57.4767,45.2
20.119999999999997,56.9924,42.69
20.121000000000002,57.1283,40.24
20.121999999999993,57.3138,37.85
20.122999999999998,57.5947,35.52
20.124000000000002,57.1368,33.26
20.124999999999993,56.9213,31.06
20.125999999999998,57.0651,28.92
20.127000000000002,57.4675,26.86
20.127999999999993,57.7034,24.87
20.128999999999998,57.5901,22.96
20.130000000000003,57.2933,21.12
20.130999999999993,56.9797,19.36
20.131999999999998,56.5915,17.68
20.133000000000003,56.9139,16.08
20.133999999999993,57.2193,14.56
20.134999999999998,57.449,13.13
20.136000000000003,57.2595,11.78
20.136999999999993,57.1878,10.52
20.137999999999998,57.3054,9.35
20.139000000000003,57.6074,8.26
20.139999999999993,57.6926,7.27
20.141,57.3266,6.37
20.142000000000003,56.9273,5.56
20.142999999999994,56.7907,4.85
20.144,57.1133,4.23
20.145000000000003,57.3887,3.7
20.145999999999994,57.4115,3.27
20.147,57.3781,2.93
20.148000000000003,57.2639,2.69
20.148999999999994,57.3275,2.55
20.15,57.6295,2.5
20.151000000000003,57.8045,2.55
20.151999999999994,57.7248,2.69
20.153,57.2851,2.93
20.154000000000003,57.0635,3.27
20.154999999999994,57.0696,3.7
20.156,57.3653,4.23
20.157000000000004,57.6531,4.85
20.157999999999994,57.6535,5.56
20.159,57.3289,6.37
20.160000000000004,57.006,7.27
20.160999999999994,57.0261,8.26
20.162,57.3562,9.35
20.163000000000004,57.5485,10.52
20.163999999999994,57.5732,11.78
20.165,57.4754,13.13
20.166000000000004,57.0097,14.56
20.166999999999994,56.849,16.08
20.168,57.0864,17.68
20.169000000000004,57.1328,19.36
20.169999999999995,57.2381,21.12
20.171,56.8364,22.96
20.172000000000004,56.922,24.87
20.172999999999995,57.1503,26.86
20.174,57.5657,28.92
20.175000000000004,57.9289,31.06
20.175999999999995,57.4343,33.26
20.177,57.0005,35.52
20.178000000000004,56.8598,37.85
20.178999999999995,56.9664,40.24
20.18,57.3505,42.69
20.181000000000004,57.5103,45.2
20.181999999999995,57.3245,47.76
20.183,57.1351,50.37
20.18399999999999,57.0665,53.03
20.184999999999995,57.4498,55.74
20.186,57.7206,58.49
20.18699999999999,57.7346,61.28
20.187999999999995,57.1112,64.11
20.189,56.5874,66.97
20.18999999999999,56.6057,69.87
20.190999999999995,57.1432,72.8
20.192,57.5039,75.75
20.19299999999999,57.6015,78.73
20.193999999999996,57.1183,81.73
20.195,57.0321,84.75
20.19599999999999,57.0963,87.78
20.196999999999996,57.4857,90.82
20.198,57.5341,93.88
20.19899999999999,57.3367,96.94
20.199999999999996,56.8082,100.0
20.201,56.5498,103.06
20.20199999999999,56.7544,106.12
20.202999999999996,57.1446,109.18
20.204,57.3978,112.22
20.20499999999999,57.105,115.25
20.205999999999996,56.8391,118.27
20.207,57.1581,121.27
20.20799999999999,57.5703,124.25
20.208999999999996,57.8772,127.2
20.21,57.6512,130.13
20.21099999999999,57.4241,133.03
20.211999999999996,57.1175,135.89
20.213,56.7586,138.72
20.21399999999999,56.8903,141.51
20.214999999999996,57.2977,144.26
20.216,57.5173,146.97
20.21699999999999,57.2115,149.63
20.217999999999996,56.8594,152.24
20.219,56.8402,154.8
20.21999999999999,57.2025,157.31
20.220999999999997,57.5842,159.76
20.222,57.3542,162.15
20.222999999999992,57.1303,164.48
20.223999999999997,56.5629,166.74
20.225,56.7965,168.94
20.225999999999992,56.9955,171.07
20.226999999999997,57.1741,173.13
20.228,57.2611,175.12
20.228999999999992,57.1063,177.04
20.229999999999997,57.241,178.88
20.231,57.5135,180.64
20.231999999999992,57.9113,182.32
20.232999999999997,57.8451,183.92
20.234,57.6799,185.44
20.234999999999992,56.9477,186.87
20.235999999999997,56.7304,188.22
20.237000000000002,56.7404,189.48
20.237999999999992,57.2773,190.65
20.238999999999997,57.2699,191.74
20.240000000000002,57.1062,192.73
20.240999999999993,56.9214,193.63
20.241999999999997,57.2919,194.44
20.243000000000002,57.4581,195.15
20.243999999999993,57.7375,195.77
20.244999999999997,57.7564,196.3
20.246000000000002,57.2298,196.73
20.246999999999993,56.742,197.07
20.247999999999998,56.6765,197.31
20.249000000000002,57.0356,197.45
20.249999999999993,57.3998,197.5
20.250999999999998,57.3243,197.45
20.252000000000002,57.2683,197.31
20.252999999999993,57.1105,197.07
20.253999999999998,57.5468,196.73
20.255000000000003,57.7925,196.3
20.255999999999993,57.9201,195.77
20.256999999999998,57.3635,195.15
20.258000000000003,56.9193,194.44
20.258999999999993,56.7515,193.63
20.259999999999998,56.8803,192.73
20.261000000000003,57.0364,191.74
20.261999999999993,57.1269,190.65
20.262999999999998,56.8891,189.48
20.264000000000003,56.916,188.22
20.264999999999993,56.9615,186.87
20.266,57.198,185.44
20.267000000000003,57.4947,183.92
20.267999999999994,57.503,182.32
20.269,57.2227,180.64
20.270000000000003,56.7512,178.88
20.270999999999994,56.709,177.04
20.272,57.0058,175.12
20.273000000000003,57.2337,173.13
20.273999999999994,57.269,171.07
20.275,56.933,168.94
20.276000000000003,56.8457,166.74
20.276999999999994,56.8009,164.48
20.278,56.9099,162.15
20.279000000000003,57.269,159.76
20.279999999999994,57.4035,157.31
20.281,57.4052,154.8
20.282000000000004,57.1507,152.24
20.282999999999994,57.1606,149.63
20.284,57.2891,146.97
20.285000000000004,57.5079,144.26
20.285999999999994,57.2771,141.51
20.287,57.1431,138.72
20.288000000000004,57.0009,135.89
20.288999999999994,57.2028,133.03
20.29,57.317,130.13
20.291000000000004,57.3167,127.2
20.291999999999994,57.3392,124.25
20.293,57.0096,121.27
20.294000000000004,56.7905,118.27
20.294999999999995,56.7271,115.25
20.296,57.1114,112.22
20.297000000000004,57.1687,109.18
20.297999999999995,57.3739,106.12
20.299,57.4009,103.06
20.300000000000004,57.4042,100.0
20.300999999999995,57.5085,96.94
20.302,57.5398,93.88
20.303000000000004,57.3573,90.82
20.303999999999995,57.0075,87.78
20.305,56.6058,84.75
20.306000000000004,56.8927,81.73
20.306999999999995,57.288,78.73
20.308,57.3194,75.75
20.30899999999999,57.4226,72.8
20.309999999999995,57.0991,69.87
20.311,56.9278,66.97
20.31199999999999,57.238,64.11
20.312999999999995,57.3409,61.28
20.314,57.5276,58.49
20.31499999999999,57.1192,55.74
20.315999999999995,56.9491,53.03
20.317,56.7289,50.37
20.31799999999999,56.9094,47.76
20.318999999999996,57.2406,45.2
20.32,57.4412,42.69
20.32099999999999,57.1945,40.24
20.321999999999996,56.8737,37.85
20.323,56.9596,35.52
20.32399999999999,57.1006,33.26
20.324999999999996,57.4489,31.06
20.326,57.4231,28.92
20.32699999999999,57.2142,26.86
20.327999999999996,56.9844,24.87
20.329,56.8632,22.96
20.32999999999999,57.0992,21.12
20.330999999999996,57.5193,19.36
20.332,57.5668,17.68
20.33299999999999,57.265,16.08
20.333999999999996,57.0876,14.56
20.335,57.2207,13.13
20.33599999999999,57.5397,11.78
20.336999999999996,57.5572,10.52
20.338,57.2611,9.35
20.33899999999999,56.868,8.26
20.339999999999996,56.7034,7.27
20.341,56.8991,6.37
20.34199999999999,56.9927,5.56
20.342999999999996,57.2927,4.85
20.344,57.0922,4.23
20.34499999999999,57.0484,3.7
20.345999999999997,56.9105,3.27
20.347,57.1851,2.93
20.347999999999992,57.4353,2.69
20.348999999999997,57.6604,2.55
20.35,57.4362,2.5
20.350999999999992,57.2139,2.55
20.351999999999997,57.0949,2.69
20.353,57.3227,2.93
20.353999999999992,57.5315,3.27
20.354999999999997,57.4729,3.7
20.356,57.2523,4.23
20.356999999999992,56.9171,4.85
20.357999999999997,57.1398,5.56
20.359,57.2745,6.37
20.359999999999992,57.4871,7.27
20.360999999999997,57.4664,8.26
20.362000000000002,57.1028,9.35
20.362999999999992,56.5635,10.52
20.363999999999997,56.6042,11.78
20.365000000000002,56.9373,13.13
20.365999999999993,57.2742,14.56
20.366999999999997,57.0733,16.08
20.368000000000002,56.8531,17.68
20.368999999999993,56.8568,19.36
20.369999999999997,57.0389,21.12
20.371000000000002,57.3906,22.96
20.371999999999993,57.5333,24.87
20.372999999999998,57.5182,26.86
20.374000000000002,57.2527,28.92
20.374999999999993,56.9841,31.06
20.375999999999998,56.9452,33.26
20.377000000000002,57.1955,35.52
20.377999999999993,57.3101,37.85
20.378999999999998,57.3787,40.24
20.380000000000003,57.0892,42.69
20.380999999999993,57.2406,45.2
20.381999999999998,57.4632,47.76
20.383000000000003,57.7204,50.37
20.383999999999993,57.6942,53.03
20.384999999999998,57.1314,55.74
20.386000000000003,57.0134,58.49
20.386999999999993,56.6911,61.28
20.387999999999998,57.1456,64.11
20.389000000000003,57.1395,66.97
20.389999999999993,57.1508,69.87
20.391,57.1902,72.8
20.392000000000003,57.333,75.75
20.392999999999994,57.2924,78.73
20.394,57.487,81.73
20.395000000000003,57.5295,84.75
20.395999999999994,57.4507,87.78
20.397,57.2135,90.82
20.398000000000003,56.8965,93.88
20.398999999999994,57.0657,96.94
20.4,57.107,100.0
20.401000000000003,57.1212,103.06
20.401999999999994,56.9178,106.12
20.403,56.7678,109.18
20.404000000000003,56.9747,112.22
20.404999999999994,57.1161,115.25
20.406,57.5348,118.27
20.407000000000004,57.6063,121.27
20.407999999999994,57.2928,124.25
20.409,56.79,127.2
20.410000000000004,56.7753,130.13
20.410999999999994,56.9885,133.03
20.412,57.383,135.89
20.413000000000004,57.3778,138.72
20.413999999999994,57.1323,141.51
20.415,56.894,144.26
20.416000000000004,57.0829,146.97
20.416999999999994,57.3179,149.63
20.418,57.6248,152.24
20.419000000000004,57.4107,154.8
20.419999999999995,57.0257,157.31
20.421,56.819,159.76
20.422000000000004,56.5974,162.15
20.422999999999995,56.9684,164.48
20.424,57.2898,166.74
20.425000000000004,57.3968,168.94
20.425999999999995,57.0957,171.07
20.427,56.9804,173.13
20.428000000000004,57.1249,175.12
20.428999999999995,57.4984,177.04
20.43,57.8746,178.88
20.431000000000004,57.6676,180.64
20.431999999999995,57.2348,182.32
20.433,56.9928,183.92
20.43399999999999,57.0095,185.44
20.434999999999995,57.3702,186.87
20.436,57.431,188.22
20.43699999999999,57.3718,189.48
20.437999999999995,57.0925,190.65
20.439,56.998,191.74
20.43999999999999,57.4158,192.73
20.440999999999995,57.5874,193.63
20.442,57.5704,194.44
20.44299999999999,57.0655,195.15
20.443999999999996,57.0779,195.77
20.445,56.8413,196.3
20.44599999999999,57.2553,196.73
20.446999999999996,57.282,197.07
20.448,57.4399,197.31
20.44899999999999,57.0362,197.45
20.449999999999996,56.7387,197.5
20.451,56.8541,197.45
20.45199999999999,57.271,197.31
20.452999999999996,57.5555,197.07
20.454,57.4157,196.73
20.45499999999999,57.1659,196.3
20.455999999999996,56.8311,195.77
20.457,56.7798,195.15
20.45799999999999,56.9463,194.44
20.458999999999996,57.1286,193.63
20.46,56.9816,192.73
20.46099999999999,56.9565,191.74
20.461999999999996,57.0861,190.65
20.463,57.4886,189.48
20.46399999999999,57.6092,188.22
20.464999999999996,57.6715,186.87
20.466,57.3462,185.44
20.46699999999999,56.8878,183.92
20.467999999999996,56.9256,182.32
20.469,56.9816,180.64
20.46999999999999,57.1312,178.88
20.470999999999997,57.1591,177.04
20.472,56.9269,175.12
20.472999999999992,56.9399,173.13
20.473999999999997,57.0758,171.07
20.475,57.351,168.94
20.475999999999992,57.5601,166.74
20.476999999999997,57.4259,164.48
20.478,57.1843,162.15
20.478999999999992,56.74,159.76
20.479999999999997,56.7361,157.31
20.481,56.7397,154.8
20.481999999999992,57.0012,152.24
20.482999999999997,56.9109,149.63
20.484,56.9683,146.97
20.484999999999992,56.9922,144.26
20.485999999999997,57.0486,141.51
20.487000000000002,57.2763,138.72
20.487999999999992,57.6926,135.89
20.488999999999997,57.5104,133.03
20.490000000000002,57.1089,130.13
20.490999999999993,56.7854,127.2
20.491999999999997,56.9644,124.25
20.493000000000002,57.3405,121.27
20.493999999999993,57.4508,118.27
20.494999999999997,57.2219,115.25
20.496000000000002,56.7617,112.22
20.496999999999993,56.9069,109.18
20.497999999999998,57.1914,106.12
20.499000000000002,57.8251,103.06
20.499999999999993,57.5942,100.0
20.500999999999998,57.0173,96.94
20.502000000000002,56.9281,93.88
20.502999999999993,56.7089,90.82
20.503999999999998,57.0642,87.78
20.505000000000003,57.0826,84.75
20.505999999999993,57.1153,81.73
20.506999999999998,56.6991,78.73
20.508000000000003,56.795,75.75
20.508999999999993,56.873,72.8
20.509999999999998,57.2928,69.87
20.511000000000003,57.4361,66.97
20.511999999999993,57.4743,64.11
20.512999999999998,57.1032,61.28
20.514000000000003,56.8484,58.49
20.514999999999993,56.713,55.74
20.516,57.1365,53.03
20.517000000000003,57.2449,50.37
20.517999999999994,57.1714,47.76
20.519,56.8006,45.2
20.520000000000003,56.8297,42.69
20.520999999999994,57.1704,40.24
20.522,57.5546,37.85
20.523000000000003,57.6494,35.52
20.523999999999994,57.4859,33.26
20.525,57.216,31.06
20.526000000000003,56.8083,28.92
20.526999999999994,57.0711,26.86
20.528,57.1652,24.87
20.529000000000003,57.3209,22.96
20.529999999999994,56.9654,21.12
20.531,57.0132,19.36
20.532000000000004,57.3209,17.68
20.532999999999994,57.6775,16.08
20.534,57.9024,14.56
20.535000000000004,57.6152,13.13
20.535999999999994,57.1893,11.78
20.537,56.8227,10.52
20.538000000000004,56.9432,9.35
20.538999999999994,57.3174,8.26
20.54,57.3649,7.27
20.541000000000004,57.3222,6.37
20.541999999999994,57.0335,5.56
20.543,57.1637,4.85
20.544000000000004,57.433,4.23
20.544999999999995,57.6926,3.7
20.546,57.7845,3.27
20.547000000000004,57.4981,2.93
20.547999999999995,57.0533,2.69
20.549,56.7682,2.55
20.550000000000004,56.8381,2.5
20.550999999999995,57.0859,2.55
20.552,57.3169,2.69
20.553000000000004,57.3602,2.93
20.553999999999995,57.1659,3.27
20.555,57.2418,3.7
20.556000000000004,57.4951,4.23
20.556999999999995,57.7342,4.85
20.558,57.4163,5.56
20.55899999999999,56.9433,6.37
20.559999999999995,56.6447,7.27
20.561,56.7046,8.26
20.56199999999999,57.0837,9.35
20.562999999999995,57.1969,10.52
20.564,57.0959,11.78
20.56499999999999,56.8695,13.13
20.565999999999995,57.0023,14.56
20.567,56.992,16.08
20.56799999999999,57.2918,17.68
20.568999999999996,57.4196,19.36
20.57,57.2805,21.12
20.57099999999999,56.7975,22.96
20.571999999999996,56.7073,24.87
20.573,56.8653,26.86
20.57399999999999,57.2432,28.92
20.574999999999996,57.175,31.06
20.576,56.8984,33.26
20.57699999999999,56.8141,35.52
20.577999999999996,57.12,37.85
20.579,57.5054,40.24
20.57999999999999,57.7634,42.69
20.580999999999996,57.4494,45.2
20.582,57.093,47.76
20.58299999999999,56.76,50.37
20.583999999999996,56.5995,53.03
20.585,56.6688,55.74
20.58599999999999,57.0228,58.49
20.586999999999996,57.1595,61.28
20.588,56.8649,64.11
20.58899999999999,56.7297,66.97
20.589999999999996,56.8192,69.87
20.591,57.4233,72.8
20.59199999999999,57.4679,75.75
20.592999999999996,57.3662,78.73
20.594,56.9456,81.73
20.59499999999999,56.7068,84.75
20.595999999999997,56.8132,87.78
20.597,57.1071,90.82
20.597999999999992,57.2999,93.88
20.598999999999997,57.2946,96.94
20.6,57.0013,100.0
20.600999999999992,57.1096,103.06
20.601999999999997,57.3185,106.12
20.603,57.6874,109.18
20.603999999999992,57.8903,112.22
20.604999999999997,57.512,115.25
20.606,56.9344,118.27
20.606999999999992,56.7789,121.27
20.607999999999997,56.9778,124.25
20.609,57.3099,127.2
20.609999999999992,57.1915,130.13
20.610999999999997,57.0991,133.03
20.612000000000002,56.9765,135.89
20.612999999999992,57.0628,138.72
20.613999999999997,57.2668,141.51
20.615000000000002,57.37,144.26
20.615999999999993,57.2725,146.97
20.616999999999997,56.9529,149.63
20.618000000000002,56.637,152.24
20.618999999999993,56.5493,154.8
20.619999999999997,56.9608,157.31
20.621000000000002,57.3289,159.76
20.621999999999993,57.5012,162.15
20.622999999999998,57.0584,164.48
20.624000000000002,56.9802,166.74
20.624999999999993,57.1133,168.94
20.625999999999998,57.5004,171.07
20.627000000000002,57.6341,173.13
20.627999999999993,57.3731,175.12
20.628999999999998,57.079,177.04
20.630000000000003,56.8917,178.88
20.630999999999993,56.7531,180.64
20.631999999999998,57.0513,182.32
20.633000000000003,57.0424,183.92
20.633999999999993,57.263,185.44
20.634999999999998,56.9191,186.87
20.636000000000003,57.0139,188.22
20.636999999999993,57.0831,189.48
20.637999999999998,57.4832,190.65
20.639000000000003,57.3857,191.74
20.639999999999993,57.0007,192.73
20.641,56.6105,193.63
20.642000000000003,56.5787,194.44
20.642999999999994,56.9851,195.15
20.644,57.3472,195.77
20.645000000000003,57.4335,196.3
20.645999999999994,57.0973,196.73
20.647,57.1312,197.07
20.648000000000003,56.9815,197.31
20.648999999999994,57.2203,197.45
20.65,57.435,197.5
20.651000000000003,57.5895,197.45
20.651999999999994,57.3156,197.31
20.653,56.886,197.07
20.654000000000003,56.8884,196.73
20.654999999999994,57.1164,196.3
20.656,57.4128,195.77
20.657000000000004,57.2521,195.15
20.657999999999994,56.8611,194.44
20.659,56.966,193.63
20.660000000000004,57.1327,192.73
20.660999999999994,57.7017,191.74
20.662,57.6256,190.65
20.663000000000004,57.5172,189.48
20.663999999999994,57.2599,188.22
20.665,56.9076,186.87
20.666000000000004,56.832,185.44
20.666999999999994,56.9474,183.92
20.668,57.0457,182.32
20.669000000000004,56.9442,180.64
20.669999999999995,56.6559,178.88
20.671,56.9298,177.04
20.672000000000004,57.1934,175.12
20.672999999999995,57.6056,173.13
20.674,57.2852,171.07
20.675000000000004,56.9724,168.94
20.675999999999995,56.4511,166.74
20.677,56.5689,164.48
20.678000000000004,56.9037,162.15
20.678999999999995,57.4251,159.76
20.68,57.3613,157.31
20.681000000000004,57.0723,154.8
20.681999999999995,56.8917,152.24
20.683,56.9529,149.63
20.68399999999999,57.49,146.97
20.684999999999995,57.572,144.26
20.686,57.4538,141.51
20.68699999999999,56.9193,138.72
20.687999999999995,56.6662,135.89
20.689,56.6105,133.03
20.68999999999999,57.0709,130.13
20.690999999999995,57.0888,127.2
20.692,57.2509,124.25
20.69299999999999,56.8718,121.27
20.693999999999996,57.1405,118.27
20.695,57.2632,115.25
20.69599999999999,57.5401,112.22
20.696999999999996,57.5145,109.18
20.698,57.3292,106.12
20.69899999999999,56.6977,103.06
20.699999999999996,56.6812,100.0
20.701,56.8049,96.94
20.70199999999999,57.1464,93.88
20.702999999999996,57.2258,90.82
20.704,56.9041,87.78
20.70499999999999,56.818,84.75
20.705999999999996,57.0462,81.73
20.707,57.5125,78.73
20.70799999999999,57.6554,75.75
20.708999999999996,57.3817,72.8
20.71,56.8415,69.87
20.71099999999999,56.6577,66.97
20.711999999999996,56.6013,64.11
20.713,56.9263,61.28
20.71399999999999,57.1467,58.49
20.714999999999996,57.0668,55.74
20.716,56.7274,53.03
20.71699999999999,56.4717,50.37
20.717999999999996,56.7421,47.76
20.719,57.0984,45.2
20.71999999999999,57.3605,42.69
20.720999999999997,57.155,40.24
20.722,56.9066,37.85
20.722999999999992,56.8476,35.52
20.723999999999997,57.14,33.26
20.725,57.2787,31.06
20.725999999999992,57.113,28.92
20.726999999999997,56.7779,26.86
20.728,56.6532,24.87
20.728999999999992,56.8818,22.96
20.729999999999997,57.0293,21.12
20.731,57.3434,19.36
20.731999999999992,57.3228,17.68
20.732999999999997,57.1854,16.08
20.734,56.8325,14.56
20.734999999999992,56.7159,13.13
20.735999999999997,56.9588,11.78
20.737000000000002,57.0809,10.52
20.737999999999992,57.124,9.35
20.738999999999997,56.8238,8.26
20.740000000000002,56.953,7.27
20.740999999999993,57.0502,6.37
20.741999999999997,57.5102,5.56
20.743000000000002,57.4778,4.85
20.743999999999993,57.3373,4.23
20.744999999999997,56.975,3.7
20.746000000000002,56.5201,3.27
20.746999999999993,56.7565,2.93
20.747999999999998,57.0257,2.69
20.749000000000002,57.1893,2.55
20.749999999999993,57.0031,2.5
20.750999999999998,57.0173,2.55
20.752000000000002,57.1855,2.69
20.752999999999993,57.5302,2.93
20.753999999999998,57.7793,3.27
20.755000000000003,57.4055,3.7
20.755999999999993,56.9673,4.23
20.756999999999998,56.2788,4.85
20.758000000000003,56.524,5.56
20.758999999999993,56.8041,6.37
20.759999999999998,57.1401,7.27
20.761000000000003,57.273,8.26
20.761999999999993,56.9765,9.35
20.762999999999998,56.7685,10.52
20.764000000000003,56.8138,11.78
20.764999999999993,57.2835,13.13
20.766,57.6218,14.56
20.767000000000003,57.3978,16.08
20.767999999999994,56.9467,17.68
20.769,56.6243,19.36
20.770000000000003,56.7446,21.12
20.770999999999994,56.9963,22.96
20.772,57.139,24.87
20.773000000000003,57.3691,26.86
20.773999999999994,57.1119,28.92
20.775,57.1285,31.06
20.776000000000003,57.1914,33.26
20.776999999999994,57.3554,35.52
20.778,57.7521,37.85
20.779000000000003,57.1793,40.24
20.779999999999994,56.7261,42.69
20.781,56.4428,45.2
20.782000000000004,56.9533,47.76
20.782999999999994,57.2032,50.37
20.784,57.2471,53.03
20.785000000000004,57.0721,55.74
20.785999999999994,56.9146,58.49
20.787,57.0038,61.28
20.788000000000004,57.2711,64.11
20.788999999999994,57.3878,66.97
20.79,57.2757,69.87
20.791000000000004,56.7738,72.8
20.791999999999994,56.544,75.75
20.793,56.5074,78.73
20.794000000000004,56.8755,81.73
20.794999999999995,57.4704,84.75
20.796,57.6883,87.78
20.797000000000004,57.4425,90.82
20.797999999999995,57.187,93.88
20.799,57.3261,96.94
20.800000000000004,57.6188,100.0
20.800999999999995,57.766,103.06
20.802,57.3093,106.12
20.803000000000004,56.9002,109.18
20.803999999999995,56.847,112.22
20.805,57.0858,115.25
20.806000000000004,57.2541,118.27
20.806999999999995,57.2016,121.27
20.808,57.1086,124.25
20.80899999999999,57.0307,127.2
20.809999999999995,57.0598,130.13
20.811,57.2494,133.03
20.81199999999999,57.2912,135.89
20.812999999999995,57.3824,138.72
20.814,57.1943,141.51
20.81499999999999,56.9957,144.26
20.815999999999995,56.8247,146.97
20.817,56.8195,149.63
20.81799999999999,57.111,152.24
20.818999999999996,57.1103,154.8
20.82,56.985,157.31
20.82099999999999,56.675,159.76
20.821999999999996,56.8086,162.15
20.823,57.1538,164.48
20.82399999999999,57.4743,166.74
20.824999999999996,57.2722,168.94
20.826,56.8449,171.07
20.82699999999999,56.4123,173.13
20.827999999999996,56.5874,175.12
20.829,57.1384,177.04
20.82999999999999,57.201,178.88
20.830999999999996,57.1325,180.64
20.832,56.8487,182.32
20.83299999999999,57.0541,183.92
20.833999999999996,57.2593,185.44
20.835,57.5763,186.87
20.83599999999999,57.5482,188.22
20.836999999999996,57.1523,189.48
20.838,56.7441,190.65
20.83899999999999,56.8436,191.74
20.839999999999996,57.1132,192.73
20.841,57.1904,193.63
20.84199999999999,57.1053,194.44
20.842999999999996,57.0583,195.15
20.844,56.7797,195.77
20.84499999999999,56.9095,196.3
20.845999999999997,57.073,196.73
20.847,57.3338,197.07
20.847999999999992,57.2492,197.31
20.848999999999997,56.9145,197.45
20.85,56.6381,197.5
20.850999999999992,56.6143,197.45
20.851999999999997,56.9346,197.31
20.853,57.2062,197.07
20.853999999999992,57.5418,196.73
20.854999999999997,57.3672,196.3
20.856,57.0967,195.77
20.856999999999992,57.1475,195.15
20.857999999999997,57.087,194.44
20.859,57.4961,193.63
20.859999999999992,57.3271,192.73
20.860999999999997,56.9838,191.74
20.862000000000002,56.6322,190.65
20.862999999999992,56.6758,189.48
20.863999999999997,57.0643,188.22
20.865000000000002,57.2329,186.87
20.865999999999993,57.1999,185.44
20.866999999999997,56.9484,183.92
20.868000000000002,57.0646,182.32
20.868999999999993,57.3515,180.64
20.869999999999997,57.4815,178.88
20.871000000000002,57.3335,177.04
20.871999999999993,56.9113,175.12
20.872999999999998,56.4606,173.13
20.874000000000002,56.4591,171.07
20.874999999999993,56.8077,168.94
20.875999999999998,57.1672,166.74
20.877000000000002,57.1421,164.48
20.877999999999993,57.0094,162.15
20.878999999999998,56.8069,159.76
20.880000000000003,57.0574,157.31
20.880999999999993,57.1347,154.8
20.881999999999998,57.3775,152.24
20.883000000000003,57.1142,149.63
20.883999999999993,56.9472,146.97
20.884999999999998,56.5121,144.26
20.886000000000003,56.8679,141.51
20.886999999999993,57.0493,138.72
20.887999999999998,57.4342,135.89
20.889000000000003,57.0941,133.03
20.889999999999993,56.9059,130.13
20.891,56.8127,127.2
20.892000000000003,57.0959,124.25
20.892999999999994,57.4389,121.27
20.894,57.737,118.27
20.895000000000003,57.2777,115.25
20.895999999999994,57.002,112.22
20.897,56.7334,109.18
20.898000000000003,56.9572,106.12
20.898999999999994,57.0118,103.06
20.9,56.8669,100.0
20.901000000000003,56.8696,96.94
20.901999999999994,56.8688,93.88
20.903,57.2831,90.82
20.904000000000003,57.432,87.78
20.904999999999994,57.6466,84.75
20.906,57.5364,81.73
20.907000000000004,56.9874,78.73
20.907999999999994,56.749,75.75
20.909,56.6769,72.8
20.910000000000004,57.1934,69.87
20.910999999999994,57.3454,66.97
20.912,57.2178,64.11
20.913000000000004,56.7215,61.28
20.913999999999994,56.7229,58.49
20.915,57.1122,55.74
20.916000000000004,57.4717,53.03
20.916999999999994,57.5987,50.37
20.918,57.2459,47.76
20.919000000000004,56.8117,45.2
20.919999999999995,56.6893,42.69
20.921,56.8962,40.24
20.922000000000004,56.9623,37.85
20.922999999999995,57.0857,35.52
20.924,57.1746,33.26
20.925000000000004,57.0471,31.06
20.925999999999995,57.151,28.92
20.927,57.116,26.86
20.928000000000004,57.6213,24.87
20.928999999999995,57.4269,22.96
20.93,57.102,21.12
20.931000000000004,56.4124,19.36
20.931999999999995,56.4929,17.68
20.933,57.0671,16.08
20.93399999999999,57.3498,14.56
20.934999999999995,57.1915,13.13
20.936,56.8709,11.78
20.93699999999999,57.0578,10.52
20.937999999999995,57.1028,9.35
20.939,57.4367,8.26
20.93999999999999,57.4379,7.27
20.940999999999995,57.3838,6.37
20.942,57.0284,5.56
20.94299999999999,56.798,4.85
20.943999999999996,56.8135,4.23
20.945,56.8789,3.7
20.94599999999999,57.0024,3.27
20.946999999999996,56.863,2.93
20.948,56.7799,2.69
20.94899999999999,57.024,2.55
20.949999999999996,57.2459,2.5
20.951,57.4508,2.55
20.95199999999999,57.2253,2.69
20.952999999999996,57.0963,2.93
20.954,56.8899,3.27
20.95499999999999,56.7455,3.7
20.955999999999996,56.7164,4.23
20.957,57.035,4.85
20.95799999999999,57.1831,5.56
20.958999999999996,57.106,6.37
20.96,56.6922,7.27
20.96099999999999,56.781,8.26
20.961999999999996,57.1666,9.35
20.963,57.4486,10.52
20.96399999999999,57.3454,11.78
20.964999999999996,56.6711,13.13
20.966,56.6047,14.56
20.96699999999999,56.647,16.08
20.967999999999996,57.1833,17.68
20.969,57.1871,19.36
20.96999999999999,57.1182,21.12
20.970999999999997,57.0844,22.96
20.972,56.9227,24.87
20.972999999999992,57.1181,26.86
20.973999999999997,57.3747,28.92
20.975,57.5741,31.06
20.975999999999992,57.3888,33.26
20.976999999999997,57.0443,35.52
20.978,56.9315,37.85
20.978999999999992,57.0229,40.24
20.979999999999997,57.0984,42.69
20.981,57.0577,45.2
20.981999999999992,56.9388,47.76
20.982999999999997,56.7456,50.37
20.984,56.807,53.03
20.984999999999992,57.1343,55.74
20.985999999999997,57.5189,58.49
20.987000000000002,57.5437,61.28
20.987999999999992,57.2558,64.11
20.988999999999997,56.8461,66.97
20.990000000000002,56.624,69.87
20.990999999999993,56.8559,72.8
20.991999999999997,57.2964,75.75
20.993000000000002,57.1963,78.73
20.993999999999993,57.2042,81.73
20.994999999999997,57.0118,84.75
20.996000000000002,57.1948,87.78
20.996999999999993,57.2223,90.82
20.997999999999998,57.2535,93.88
20.999000000000002,57.0176,96.94
20.999999999999993,56.7853,100.0
21.000999999999998,56.5331,103.06
21.002000000000002,56.7492,106.12
21.002999999999993,56.8658,109.18
21.003999999999998,57.1152,112.22
21.005000000000003,57.1098,115.25
21.005999999999993,57.1183,118.27
21.006999999999998,56.9401,121.27
21.008000000000003,57.1311,124.25
21.008999999999993,57.1407,127.2
21.009999999999998,57.2637,130.13
21.011000000000003,56.8846,133.03
21.011999999999993,56.7412,135.89
21.012999999999998,56.7367,138.72
21.014000000000003,57.0787,141.51
21.014999999999993,57.335,144.26
21.016,57.4591,146.97
21.017000000000003,57.0487,149.63
21.017999999999994,57.0725,152.24
21.019,56.9944,154.8
21.020000000000003,57.5829,157.31
21.020999999999994,57.8055,159.76
21.022,57.672,162.15
21.023000000000003,57.0907,164.48
21.023999999999994,56.5382,166.74
21.025,56.6349,168.94
21.026000000000003,56.9848,171.07
21.026999999999994,57.3049,173.13
21.028,57.2116,175.12
21.029000000000003,57.0016,177.04
21.029999999999994,56.9969,178.88
21.031,56.9799,180.64
21.032000000000004,57.1928,182.32
21.032999999999994,57.2697,183.92
21.034,57.0738,185.44
21.035000000000004,56.9024,186.87
21.035999999999994,56.6588,188.22
21.037,56.8642,189.48
21.038000000000004,57.118,190.65
21.038999999999994,57.3724,191.74
21.04,57.2098,192.73
21.041000000000004,57.0001,193.63
21.041999999999994,56.929,194.44
21.043,57.263,195.15
21.044000000000004,57.603,195.77
21.044999999999995,57.303,196.3
21.046,56.8286,196.73
21.047000000000004,56.5262,197.07
21.047999999999995,56.7658,197.31
21.049,57.0269,197.45
21.050000000000004,57.2383,197.5
21.050999999999995,57.2127,197.45
21.052,57.0917,197.31
21.053000000000004,56.9746,197.07
21.053999999999995,56.9913,196.73
21.055,57.2093,196.3
21.056000000000004,57.4198,195.77
21.056999999999995,57.2848,195.15
21.058,56.963,194.44
21.05899999999999,56.8754,193.63
21.059999999999995,56.9066,192.73
21.061,57.2986,191.74
21.06199999999999,57.1313,190.65
21.062999999999995,57.0549,189.48
21.064,56.6698,188.22
21.06499999999999,56.7435,186.87
21.065999999999995,57.0924,185.44
21.067,57.4456,183.92
21.06799999999999,57.544,182.32
21.068999999999996,57.2352,180.64
21.07,56.8225,178.88
21.07099999999999,56.7934,177.04
21.071999999999996,57.1429,175.12
21.073,57.414,173.13
21.07399999999999,57.1776,171.07
21.074999999999996,56.8544,168.94
21.076,56.6137,166.74
21.07699999999999,57.0273,164.48
21.077999999999996,57.4081,162.15
21.079,57.566,159.76
21.07999999999999,57.2367,157.31
21.080999999999996,56.8365,154.8
21.082,56.4427,152.24
21.08299999999999,56.6752,149.63
21.083999999999996,56.8609,146.97
21.085,56.8616,144.26
21.08599999999999,56.833,141.51
21.086999999999996,56.5524,138.72
21.088,56.5845,135.89
21.08899999999999,56.9425,133.03
21.089999999999996,57.3112,130.13
21.091,57.448,127.2
21.09199999999999,57.1303,124.25
21.092999999999996,56.5836,121.27
21.094,56.282,118.27
21.09499999999999,56.415,115.25
21.095999999999997,56.8068,112.22
21.097,57.13,109.18
21.097999999999992,56.9046,106.12
21.098999999999997,56.7703,103.06
21.1,56.731,100.0
21.100999999999992,57.0572,96.94
21.101999999999997,57.4708,93.88
21.103,57.308,90.82
21.103999999999992,56.8897,87.78
21.104999999999997,56.5177,84.75
21.106,56.5827,81.73
21.106999999999992,56.7737,78.73
21.107999999999997,57.0685,75.75
21.109,56.9887,72.8
21.109999999999992,56.7973,69.87
21.110999999999997,56.6544,66.97
21.112000000000002,56.9173,64.11
21.112999999999992,57.3243,61.28
21.113999999999997,57.3058,58.49
21.115000000000002,57.078,55.74
21.115999999999993,56.9941,53.03
21.116999999999997,56.678,50.37
21.118000000000002,56.63,47.76
21.118999999999993,56.8696,45.2
21.119999999999997,57.0516,42.69
21.121000000000002,56.9988,40.24
21.121999999999993,56.5489,37.85
21.122999999999998,56.4818,35.52
21.124000000000002,56.8443,33.26
21.124999999999993,57.0865,31.06
21.125999999999998,57.0651,28.92
21.127000000000002,56.6964,26.86
21.127999999999993,56.6201,24.87
21.128999999999998,56.5035,22.96
21.130000000000003,56.8432,21.12
21.130999999999993,57.1331,19.36
21.131999999999998,57.0523,17.68
21.133000000000003,57.0785,16.08
21.133999999999993,56.7018,14.56
21.134999999999998,56.9263,13.13
21.136000000000003,57.098,11.78
21.136999999999993,57.4858,10.52
21.137999999999998,57.3977,9.35
21.139000000000003,56.9158,8.26
21.139999999999993,56.7786,7.27
21.141,56.7397,6.37
21.142000000000003,57.2734,5.56
21.142999999999994,57.1743,4.85
21.144,56.7757,4.23
21.145000000000003,56.5762,3.7
21.145999999999994,56.7662,3.27
21.147,57.3814,2.93
21.148000000000003,57.3199,2.69
21.148999999999994,57.6549,2.55
21.15,56.6625,2.5
21.151000000000003,56.1223,2.55
21.151999999999994,55.7259,2.69
21.153,56.5913,2.93
21.154000000000003,57.0663,3.27
21.154999999999994,57.232,3.7
21.156,57.143,4.23
21.157000000000004,57.0625,4.85
21.157999999999994,57.2933,5.56
21.159,57.4881,6.37
21.160000000000004,57.4177,7.27
21.160999999999994,56.9873,8.26
21.162,56.8077,9.35
21.163000000000004,56.3658,10.52
21.163999999999994,56.6414,11.78
21.165,56.8535,13.13
21.166000000000004,57.438,14.56
21.166999999999994,57.2957,16.08
21.168,57.0386,17.68
21.169000000000004,56.4801,19.36
21.169999999999995,56.6528,21.12
21.171,56.985,22.96
21.172000000000004,57.2953,24.87
21.172999999999995,56.2544,26.86
21.174,57.1765,28.92
21.175000000000004,55.6775,31.06
21.175999999999995,56.9261,33.26
21.177,55.9557,35.52
21.178000000000004,57.3692,37.85
21.178999999999995,56.8247,40.24
21.18,56.8628,42.69
21.181000000000004,56.0672,45.2
21.181999999999995,56.2537,47.76
21.183,56.7601,50.37
21.18399999999999,56.6306,53.03
21.184999999999995,56.3119,55.74
21.186,55.7936,58.49
21.18699999999999,56.5292,61.28
21.187999999999995,56.67,64.11
21.189,57.1089,66.97
21.18999999999999,57.0859,69.87
21.190999999999995,56.8497,72.8
21.192,56.6362,75.75
21.19299999999999,56.7809,78.73
21.193999999999996,56.9873,81.73
21.195,57.1034,84.75
21.19599999999999,56.9579,87.78
21.196999999999996,56.767,90.82
21.198,56.5004,93.88
21.19899999999999,56.6093,96.94
21.199999999999996,56.9216,100.0
21.201,56.9702,103.06
21.20199999999999,56.7025,106.12
21.202999999999996,56.4788,109.18
21.204,56.822,112.22
21.20499999999999,57.2539,115.25
21.205999999999996,57.4895,118.27
21.207,57.3523,121.27
21.20799999999999,57.1571,124.25
21.208999999999996,56.7464,127.2
21.21,56.6738,130.13
21.21099999999999,56.5478,133.03
21.211999999999996,56.9025,135.89
21.213,56.8434,138.72
21.21399999999999,56.8785,141.51
21.214999999999996,56.6905,144.26
21.216,56.8688,146.97
21.21699999999999,57.1719,149.63
21.217999999999996,57.3859,152.24
21.219,57.3778,154.8
21.21999999999999,57.0056,157.31
21.220999999999997,56.5537,159.76
21.222,56.3828,162.15
21.222999999999992,56.7223,164.48
21.223999999999997,56.9638,166.74
21.225,57.0364,168.94
21.225999999999992,56.8504,171.07
21.226999999999997,56.9241,173.13
21.228,57.2642,175.12
21.228999999999992,57.2627,177.04
21.229999999999997,57.4699,178.88
21.231,57.2654,180.64
21.231999999999992,56.7136,182.32
21.232999999999997,56.3588,183.92
21.234,56.5312,185.44
21.234999999999992,56.7553,186.87
21.235999999999997,57.0117,188.22
21.237000000000002,56.6339,189.48
21.237999999999992,56.5749,190.65
21.238999999999997,56.6646,191.74
21.240000000000002,57.2168,192.73
21.240999999999993,57.3898,193.63
21.241999999999997,57.2146,194.44
21.243000000000002,56.8028,195.15
21.243999999999993,56.3184,195.77
21.244999999999997,56.2452,196.3
21.246000000000002,56.5942,196.73
21.246999999999993,57.0852,197.07
21.247999999999998,57.1397,197.31
21.249000000000002,57.0723,197.45
21.249999999999993,57.0026,197.5
21.250999999999998,57.3221,197.45
21.252000000000002,57.3978,197.31
21.252999999999993,57.2912,197.07
21.253999999999998,57.1343,196.73
21.255000000000003,56.7407,196.3
21.255999999999993,56.5708,195.77
21.256999999999998,56.5112,195.15
21.258000000000003,56.8935,194.44
21.258999999999993,57.1824,193.63
21.259999999999998,56.9331,192.73
21.261000000000003,56.6999,191.74
21.261999999999993,56.6421,190.65
21.262999999999998,56.6959,189.48
21.264000000000003,57.2683,188.22
21.264999999999993,57.0482,186.87
21.266,56.6925,185.44
21.267000000000003,56.1633,183.92
21.267999999999994,56.2863,182.32
21.269,56.59,180.64
21.270000000000003,57.1543,178.88
21.270999999999994,57.2229,177.04
21.272,57.1339,175.12
21.273000000000003,56.8565,173.13
21.273999999999994,56.9493,171.07
21.275,57.1405,168.94
21.276000000000003,57.2923,166.74
21.276999999999994,57.1638,164.48
21.278,56.9125,162.15
21.279000000000003,56.7094,159.76
21.279999999999994,56.5211,157.31
21.281,56.9822,154.8
21.282000000000004,57.1364,152.24
21.282999999999994,57.0235,149.63
21.284,56.6241,146.97
21.285000000000004,56.4196,144.26
21.285999999999994,56.8217,141.51
21.287,57.2438,138.72
21.288000000000004,57.4564,135.89
21.288999999999994,57.0907,133.03
21.29,56.51,130.13
21.291000000000004,56.3432,127.2
21.291999999999994,56.5147,124.25
21.293,56.9634,121.27
21.294000000000004,57.0375,118.27
21.294999999999995,57.1104,115.25
21.296,56.8415,112.22
21.297000000000004,56.6729,109.18
21.297999999999995,56.8684,106.12
21.299,57.4465,103.06
21.300000000000004,57.4649,100.0
21.300999999999995,57.1033,96.94
21.302,56.655,93.88
21.303000000000004,56.5303,90.82
21.303999999999995,56.9576,87.78
21.305,57.1197,84.75
21.306000000000004,57.4722,81.73
21.306999999999995,57.1779,78.73
21.308,56.8918,75.75
21.30899999999999,56.8005,72.8
21.309999999999995,56.9646,69.87
21.311,57.3829,66.97
21.31199999999999,57.3994,64.11
21.312999999999995,56.9629,61.28
21.314,56.5589,58.49
21.31499999999999,56.7768,55.74
21.315999999999995,57.2816,53.03
21.317,57.6899,50.37
21.31799999999999,57.459,47.76
21.318999999999996,57.0602,45.2
21.32,56.9338,42.69
21.32099999999999,57.0797,40.24
21.321999999999996,57.3556,37.85
21.323,57.2083,35.52
21.32399999999999,56.9835,33.26
21.324999999999996,56.6869,31.06
21.326,56.5171,28.92
21.32699999999999,56.5573,26.86
21.327999999999996,56.9196,24.87
21.329,57.0191,22.96
21.32999999999999,56.7913,21.12
21.330999999999996,56.6095,19.36
21.332,56.9278,17.68
21.33299999999999,57.3233,16.08
21.333999999999996,57.5414,14.56
21.335,57.1663,13.13
21.33599999999999,56.8586,11.78
21.336999999999996,56.5432,10.52
21.338,56.51,9.35
21.33899999999999,56.706,8.26
21.339999999999996,57.122,7.27
21.341,57.2294,6.37
21.34199999999999,56.9428,5.56
21.342999999999996,56.8523,4.85
21.344,56.8272,4.23
21.34499999999999,57.1291,3.7
21.345999999999997,57.3658,3.27
21.347,57.2768,2.93
21.347999999999992,56.9574,2.69
21.348999999999997,56.7015,2.55
21.35,56.8116,2.5
21.350999999999992,57.1969,2.55
21.351999999999997,57.275,2.69
21.353,57.1086,2.93
21.353999999999992,56.927,3.27
21.354999999999997,57.0049,3.7
21.356,57.2434,4.23
21.356999999999992,57.3825,4.85
21.357999999999997,57.4169,5.56
21.359,57.045,6.37
21.359999999999992,56.699,7.27
21.360999999999997,56.5025,8.26
21.362000000000002,56.8,9.35
21.362999999999992,57.0779,10.52
21.363999999999997,56.9868,11.78
21.365000000000002,56.869,13.13
21.365999999999993,56.7809,14.56
21.366999999999997,57.0325,16.08
21.368000000000002,57.2406,17.68
21.368999999999993,57.2427,19.36
21.369999999999997,57.014,21.12
21.371000000000002,56.6899,22.96
21.371999999999993,56.6343,24.87
21.372999999999998,56.8668,26.86
21.374000000000002,57.0289,28.92
21.374999999999993,57.0449,31.06
21.375999999999998,56.844,33.26
21.377000000000002,56.4872,35.52
21.377999999999993,56.5956,37.85
21.378999999999998,57.0568,40.24
21.380000000000003,57.4238,42.69
21.380999999999993,57.4601,45.2
21.381999999999998,57.0325,47.76
21.383000000000003,56.6936,50.37
21.383999999999993,56.629,53.03
21.384999999999998,56.9192,55.74
21.386000000000003,57.1343,58.49
21.386999999999993,57.1102,61.28
21.387999999999998,56.8778,64.11
21.389000000000003,56.6197,66.97
21.389999999999993,56.8334,69.87
21.391,56.9615,72.8
21.392000000000003,57.2972,75.75
21.392999999999994,57.2255,78.73
21.394,56.8219,81.73
21.395000000000003,56.3032,84.75
21.395999999999994,56.3967,87.78
21.397,56.7721,90.82
21.398000000000003,57.1512,93.88
21.398999999999994,57.1751,96.94
21.4,57.1142,100.0
21.401000000000003,57.0198,103.06
21.401999999999994,56.8519,106.12
21.403,57.027,109.18
21.404000000000003,57.198,112.22
21.404999999999994,57.1143,115.25
21.406,56.7117,118.27
21.407000000000004,56.4559,121.27
21.407999999999994,56.5697,124.25
21.409,57.0729,127.2
21.410000000000004,57.2791,130.13
21.410999999999994,57.1041,133.03
21.412,56.7638,135.89
21.413000000000004,56.6825,138.72
21.413999999999994,57.0452,141.51
21.415,57.421,144.26
21.416000000000004,57.5842,146.97
21.416999999999994,57.2473,149.63
21.418,56.7428,152.24
21.419000000000004,56.7037,154.8
21.419999999999995,56.9906,157.31
21.421,57.2762,159.76
21.422000000000004,57.1004,162.15
21.422999999999995,56.8781,164.48
21.424,56.6682,166.74
21.425000000000004,56.8253,168.94
21.425999999999995,57.2192,171.07
21.427,57.3645,173.13
21.428000000000004,57.2532,175.12
21.428999999999995,56.7428,177.04
21.43,56.6486,178.88
21.431000000000004,56.6295,180.64
21.431999999999995,57.1474,182.32
21.433,57.0289,183.92
21.43399999999999,56.9869,185.44
21.434999999999995,56.6305,186.87
21.436,57.0826,188.22
21.43699999999999,57.5364,189.48
21.437999999999995,57.7705,190.65
21.439,57.4745,191.74
21.43999999999999,56.9717,192.73
21.440999999999995,56.4028,193.63
21.442,56.3909,194.44
21.44299999999999,56.856,195.15
21.443999999999996,57.0801,195.77
21.445,57.0845,196.3
21.44599999999999,56.608,196.73
21.446999999999996,56.4129,197.07
21.448,56.4574,197.31
21.44899999999999,56.7449,197.45
21.449999999999996,57.3203,197.5
21.451,57.0481,197.45
21.45199999999999,56.7636,197.31
21.452999999999996,56.308,197.07
21.454,56.4033,196.73
21.45499999999999,56.703,196.3
21.455999999999996,57.0387,195.77
21.457,57.0821,195.15
21.45799999999999,56.8564,194.44
21.458999999999996,56.5878,193.63
21.46,56.7998,192.73
21.46099999999999,57.1119,191.74
21.461999999999996,57.511,190.65
21.463,57.0678,189.48
21.46399999999999,56.6249,188.22
21.464999999999996,56.3477,186.87
21.466,56.7382,185.44
21.46699999999999,56.9607,183.92
21.467999999999996,57.0708,182.32
21.469,56.813,180.64
21.46999999999999,56.8045,178.88
21.470999999999997,56.7562,177.04
21.472,57.0802,175.12
21.472999999999992,57.3909,173.13
21.473999999999997,57.4053,171.07
21.475,56.9793,168.94
21.475999999999992,56.5743,166.74
21.476999999999997,56.3862,164.48
21.478,56.7157,162.15
21.478999999999992,57.1177,159.76
21.479999999999997,57.2601,157.31
21.481,57.1078,154.8
21.481999999999992,56.8742,152.24
21.482999999999997,56.9801,149.63
21.484,57.2017,146.97
21.484999999999992,57.243,144.26
21.485999999999997,57.0353,141.51
21.487000000000002,56.7857,138.72
21.487999999999992,56.606,135.89
21.488999999999997,56.5856,133.03
21.490000000000002,56.9521,130.13
21.490999999999993,57.0537,127.2
21.491999999999997,56.9319,124.25
21.493000000000002,56.6656,121.27
21.493999999999993,56.8184,118.27
21.494999999999997,57.1851,115.25
21.496000000000002,57.6909,112.22
21.496999999999993,57.4796,109.18
21.497999999999998,57.098,106.12
21.499000000000002,56.7431,103.06
21.499999999999993,56.8397,100.0
21.500999999999998,57.0118,96.94
21.502000000000002,56.9659,93.88
21.502999999999993,56.6958,90.82
21.503999999999998,56.518,87.78
21.505000000000003,56.6017,84.75
21.505999999999993,56.832,81.73
21.506999999999998,57.2525,78.73
21.508000000000003,57.4579,75.75
21.508999999999993,57.2036,72.8
21.509999999999998,56.926,69.87
21.511000000000003,56.4131,66.97
21.511999999999993,56.6097,64.11
21.512999999999998,56.6934,61.28
21.514000000000003,56.9007,58.49
21.514999999999993,56.5955,55.74
21.516,56.586,53.03
21.517000000000003,56.7024,50.37
21.517999999999994,56.9759,47.76
21.519,57.0812,45.2
21.520000000000003,57.0325,42.69
21.520999999999994,56.9611,40.24
21.522,56.7284,37.85
21.523000000000003,56.687,35.52
21.523999999999994,56.6809,33.26
21.525,57.0634,31.06
21.526000000000003,57.0996,28.92
21.526999999999994,56.8055,26.86
21.528,56.4767,24.87
21.529000000000003,56.6418,22.96
21.529999999999994,57.0846,21.12
21.531,57.5866,19.36
21.532000000000004,57.3085,17.68
21.532999999999994,56.8973,16.08
21.534,56.3176,14.56
21.535000000000004,56.2676,13.13
21.535999999999994,56.3791,11.78
21.537,56.914,10.52
21.538000000000004,57.1007,9.35
21.538999999999994,56.8837,8.26
21.54,56.4915,7.27
21.541000000000004,56.5969,6.37
21.541999999999994,57.1334,5.56
21.543,57.457,4.85
21.544000000000004,57.2707,4.23
21.544999999999995,56.797,3.7
21.546,56.4513,3.27
21.547000000000004,56.581,2.93
21.547999999999995,56.9428,2.69
21.549,56.9946,2.55
21.550000000000004,56.9402,2.5
21.550999999999995,56.7675,2.55
21.552,56.9584,2.69
21.553000000000004,57.0104,2.93
21.553999999999995,57.3371,3.27
21.555,57.4539,3.7
21.556000000000004,57.024,4.23
21.556999999999995,56.5951,4.85
21.558,56.3228,5.56
21.55899999999999,56.7851,6.37
21.559999999999995,56.9117,7.27
21.561,57.0287,8.26
21.56199999999999,56.7973,9.35
21.562999999999995,56.7817,10.52
21.564,56.9134,11.78
21.56499999999999,57.1986,13.13
21.565999999999995,57.2585,14.56
21.567,57.1247,16.08
21.56799999999999,56.8123,17.68
21.568999999999996,56.7338,19.36
21.57,56.7211,21.12
21.57099999999999,56.974,22.96
21.571999999999996,57.1432,24.87
21.573,56.9451,26.86
21.57399999999999,56.645,28.92
21.574999999999996,56.4663,31.06
21.576,56.8341,33.26
21.57699999999999,57.0597,35.52
21.577999999999996,57.1936,37.85
21.579,56.7791,40.24
21.57999999999999,56.5304,42.69
21.580999999999996,56.4021,45.2
21.582,56.6832,47.76
21.58299999999999,56.9347,50.37
21.583999999999996,56.8976,53.03
21.585,56.8915,55.74
21.58599999999999,56.7895,58.49
21.586999999999996,56.8886,61.28
21.588,57.2332,64.11
21.58899999999999,57.4233,66.97
21.589999999999996,57.2278,69.87
21.591,57.003,72.8
21.59199999999999,56.5439,75.75
21.592999999999996,56.7319,78.73
21.594,56.7996,81.73
21.59499999999999,57.0009,84.75
21.595999999999997,56.7508,87.78
21.597,56.6505,90.82
21.597999999999992,56.7664,93.88
21.598999999999997,57.0431,96.94
21.6,57.3642,100.0
21.600999999999992,57.3951,103.06
21.601999999999997,57.0995,106.12
21.603,56.6684,109.18
21.603999999999992,56.26,112.22
21.604999999999997,56.4144,115.25
21.606,56.7134,118.27
21.606999999999992,56.9033,121.27
21.607999999999997,56.6556,124.25
21.609,56.3579,127.2
21.609999999999992,56.4269,130.13
21.610999999999997,56.8242,133.03
21.612000000000002,57.1366,135.89
21.612999999999992,57.2349,138.72
21.613999999999997,57.0313,141.51
21.615000000000002,56.8947,144.26
21.615999999999993,56.6709,146.97
21.616999999999997,56.6228,149.63
21.618000000000002,56.9135,152.24
21.618999999999993,56.8644,154.8
21.619999999999997,56.7591,157.31
21.621000000000002,56.502,159.76
21.621999999999993,56.9026,162.15
21.622999999999998,57.1466,164.48
21.624000000000002,57.2385,166.74
21.624999999999993,56.9109,168.94
21.625999999999998,56.425,171.07
21.627000000000002,56.3881,173.13
21.627999999999993,56.5074,175.12
21.628999999999998,57.0709,177.04
21.630000000000003,57.1364,178.88
21.630999999999993,56.8593,180.64
21.631999999999998,56.6346,182.32
21.633000000000003,56.7439,183.92
21.633999999999993,56.9732,185.44
21.634999999999998,57.2616,186.87
21.636000000000003,57.228,188.22
21.636999999999993,56.7336,189.48
21.637999999999998,56.2717,190.65
21.639000000000003,56.2663,191.74
21.639999999999993,56.7352,192.73
21.641,57.1953,193.63
21.642000000000003,57.1268,194.44
21.642999999999994,56.9423,195.15
21.644,56.6804,195.77
21.645000000000003,56.8771,196.3
21.645999999999994,56.9547,196.73
21.647,57.129,197.07
21.648000000000003,57.0112,197.31
21.648999999999994,56.9354,197.45
21.65,56.4652,197.5
21.651000000000003,56.3374,197.45
21.651999999999994,56.4815,197.31
21.653,56.9413,197.07
21.654000000000003,56.9936,196.73
21.654999999999994,56.8306,196.3
21.656,56.6828,195.77
21.657000000000004,56.8231,195.15
21.657999999999994,57.1068,194.44
21.659,57.2113,193.63
21.660000000000004,56.7995,192.73
21.660999999999994,56.535,191.74
21.662,56.3947,190.65
21.663000000000004,56.9427,189.48
21.663999999999994,57.1442,188.22
21.665,57.3153,186.87
21.666000000000004,57.0937,185.44
21.666999999999994,56.6827,183.92
21.668,56.5972,182.32
21.669000000000004,57.0528,180.64
21.669999999999995,57.4254,178.88
21.671,57.5042,177.04
21.672000000000004,57.0657,175.12
21.672999999999995,56.6789,173.13
21.674,56.5477,171.07
21.675000000000004,56.7079,168.94
21.675999999999995,56.7876,166.74
21.677,56.7553,164.48
21.678000000000004,56.5109,162.15
21.678999999999995,56.695,159.76
21.68,57.0679,157.31
21.681000000000004,57.3365,154.8
21.681999999999995,57.5769,152.24
21.683,57.4476,149.63
21.68399999999999,57.0264,146.97
21.684999999999995,56.6202,144.26
21.686,56.4864,141.51
21.68699999999999,56.7542,138.72
21.687999999999995,57.0011,135.89
21.689,57.0278,133.03
21.68999999999999,56.7328,130.13
21.690999999999995,56.6619,127.2
21.692,56.7834,124.25
21.69299999999999,57.151,121.27
21.693999999999996,57.1293,118.27
21.695,56.8017,115.25
21.69599999999999,56.4244,112.22
21.696999999999996,56.3011,109.18
21.698,56.4024,106.12
21.69899999999999,56.8959,103.06
21.699999999999996,57.0797,100.0
21.701,57.0623,96.94
21.70199999999999,56.7834,93.88
21.702999999999996,56.9171,90.82
21.704,56.8551,87.78
21.70499999999999,57.2664,84.75
21.705999999999996,57.1701,81.73
21.707,57.332,78.73
21.70799999999999,56.7344,75.75
21.708999999999996,56.8059,72.8
21.71,56.8318,69.87
21.71099999999999,56.9135,66.97
21.711999999999996,56.8403,64.11
21.713,56.5271,61.28
21.71399999999999,56.6521,58.49
21.714999999999996,56.8347,55.74
21.716,57.3616,53.03
21.71699999999999,57.2837,50.37
21.717999999999996,57.2098,47.76
21.719,56.7864,45.2
21.71999999999999,56.6142,42.69
21.720999999999997,56.6283,40.24
21.722,56.8462,37.85
21.722999999999992,57.0203,35.52
21.723999999999997,56.809,33.26
21.725,56.7148,31.06
21.725999999999992,56.8068,28.92
21.726999999999997,57.1143,26.86
21.728,57.496,24.87
21.728999999999992,57.3714,22.96
21.729999999999997,57.1741,21.12
21.731,56.6081,19.36
21.731999999999992,56.5011,17.68
21.732999999999997,56.8126,16.08
21.734,57.1482,14.56
21.734999999999992,57.1253,13.13
21.735999999999997,56.8746,11.78
21.737000000000002,56.6987,10.52
21.737999999999992,56.9611,9.35
21.738999999999997,57.3355,8.26
21.740000000000002,57.4238,7.27
21.740999999999993,56.9479,6.37
21.741999999999997,56.5784,5.56
21.743000000000002,56.5098,4.85
21.743999999999993,56.8329,4.23
21.744999999999997,57.1484,3.7
21.746000000000002,57.156,3.27
21.746999999999993,57.1052,2.93
21.747999999999998,56.949,2.69
21.749000000000002,56.7306,2.55
21.749999999999993,56.8173,2.5
21.750999999999998,57.0978,2.55
21.752000000000002,57.3037,2.69
21.752999999999993,57.0277,2.93
21.753999999999998,56.6831,3.27
21.755000000000003,56.4952,3.7
21.755999999999993,56.6326,4.23
21.756999999999998,56.7463,4.85
21.758000000000003,56.7393,5.56
21.758999999999993,56.6945,6.37
21.759999999999998,56.6219,7.27
21.761000000000003,56.7935,8.26
21.761999999999993,56.9002,9.35
21.762999999999998,57.1247,10.52
21.764000000000003,57.2664,11.78
21.764999999999993,57.0175,13.13
21.766,56.5538,14.56
21.767000000000003,56.331,16.08
21.767999999999994,56.4307,17.68
21.769,56.7952,19.36
21.770000000000003,56.8171,21.12
21.770999999999994,56.6498,22.96
21.772,56.6372,24.87
21.773000000000003,56.8996,26.86
21.773999999999994,57.1992,28.92
21.775,57.1529,31.06
21.776000000000003,56.7851,33.26
21.776999999999994,56.3971,35.52
21.778,56.2203,37.85
21.779000000000003,56.3146,40.24
21.779999999999994,56.7979,42.69
21.781,57.0893,45.2
21.782000000000004,56.9389,47.76
21.782999999999994,56.6074,50.37
21.784,56.7342,53.03
21.785000000000004,57.1234,55.74
21.785999999999994,57.3537,58.49
21.787,57.2094,61.28
21.788000000000004,56.6909,64.11
21.788999999999994,56.4746,66.97
21.79,56.353,69.87
21.791000000000004,56.4786,72.8
21.791999999999994,56.6669,75.75
21.793,56.8268,78.73
21.794000000000004,56.8218,81.73
21.794999999999995,56.9015,84.75
21.796,56.9719,87.78
21.797000000000004,57.1339,90.82
21.797999999999995,57.2041,93.88
21.799,57.1356,96.94
21.800000000000004,56.9223,100.0
21.800999999999995,56.4486,103.06
21.802,56.3307,106.12
21.803000000000004,56.8201,109.18
21.803999999999995,57.2357,112.22
21.805,57.3099,115.25
21.806000000000004,56.8369,118.27
21.806999999999995,56.7731,121.27
21.808,56.8559,124.25
21.80899999999999,57.0514,127.2
21.809999999999995,57.0107,130.13
21.811,56.9311,133.03
21.81199999999999,56.4761,135.89
21.812999999999995,56.2605,138.72
21.814,56.3591,141.51
21.81499999999999,56.7127,144.26
21.815999999999995,56.6337,146.97
21.817,56.6345,149.63
21.81799999999999,56.5774,152.24
21.818999999999996,56.8283,154.8
21.82,57.2524,157.31
21.82099999999999,57.2016,159.76
21.821999999999996,57.0058,162.15
21.823,56.3734,164.48
21.82399999999999,56.4088,166.74
21.824999999999996,56.6074,168.94
21.826,57.1744,171.07
21.82699999999999,57.1603,173.13
21.827999999999996,57.0227,175.12
21.829,56.7272,177.04
21.82999999999999,56.5488,178.88
21.830999999999996,56.7493,180.64
21.832,57.0337,182.32
21.83299999999999,57.0672,183.92
21.833999999999996,56.7861,185.44
21.835,56.447,186.87
21.83599999999999,56.2225,188.22
21.836999999999996,56.5093,189.48
21.838,56.7083,190.65
21.83899999999999,57.0117,191.74
21.839999999999996,56.7842,192.73
21.841,56.6243,193.63
21.84199999999999,56.6873,194.44
21.842999999999996,56.7952,195.15
21.844,57.0303,195.77
21.84499999999999,57.2741,196.3
21.845999999999997,56.9241,196.73
21.847,56.8027,197.07
21.847999999999992,56.4621,197.31
21.848999999999997,56.6604,197.45
21.85,56.943,197.5
21.850999999999992,57.0586,197.45
21.851999999999997,56.9443,197.31
21.853,56.6624,197.07
21.853999999999992,56.8929,196.73
21.854999999999997,57.2009,196.3
21.856,57.2184,195.77
21.856999999999992,56.943,195.15
21.857999999999997,56.5237,194.44
21.859,56.4553,193.63
21.859999999999992,56.4841,192.73
21.860999999999997,56.8618,191.74
21.862000000000002,57.029,190.65
21.862999999999992,56.836,189.48
21.863999999999997,56.7113,188.22
21.865000000000002,56.7182,186.87
21.865999999999993,57.1569,185.44
21.866999999999997,57.3278,183.92
21.868000000000002,57.2344,182.32
21.868999999999993,56.7173,180.64
21.869999999999997,56.3955,178.88
21.871000000000002,56.4429,177.04
21.871999999999993,56.9044,175.12
21.872999999999998,57.1637,173.13
21.874000000000002,57.0305,171.07
21.874999999999993,56.9205,168.94
21.875999999999998,56.7023,166.74
21.877000000000002,56.9414,164.48
21.877999999999993,57.241,162.15
21.878999999999998,57.4325,159.76
21.880000000000003,57.335,157.31
21.880999999999993,56.8252,154.8
21.881999999999998,56.4727,152.24
21.883000000000003,56.5026,149.63
21.883999999999993,56.8453,146.97
21.884999999999998,57.0716,144.26
21.886000000000003,56.8594,141.51
21.886999999999993,56.6383,138.72
21.887999999999998,56.6361,135.89
21.889000000000003,56.9316,133.03
21.889999999999993,57.4743,130.13
21.891,57.5571,127.2
21.892000000000003,57.3301,124.25
21.892999999999994,56.9,121.27
21.894,56.4616,118.27
21.895000000000003,56.7483,115.25
21.895999999999994,56.9948,112.22
21.897,57.0994,109.18
21.898000000000003,57.0771,106.12
21.898999999999994,56.9547,103.06
21.9,57.088,100.0
21.901000000000003,57.0573,96.94
21.901999999999994,57.1417,93.88
21.903,56.9566,90.82
21.904000000000003,56.8844,87.78
21.904999999999994,56.6145,84.75
21.906,56.6178,81.73
21.907000000000004,56.6973,78.73
21.907999999999994,56.8458,75.75
21.909,56.7208,72.8
21.910000000000004,56.6011,69.87
21.910999999999994,56.4025,66.97
21.912,56.8157,64.11
21.913000000000004,57.1634,61.28
21.913999999999994,57.5016,58.49
21.915,57.1434,55.74
21.916000000000004,56.6418,53.03
21.916999999999994,56.3898,50.37
21.918,56.4608,47.76
21.919000000000004,56.9877,45.2
21.919999999999995,57.0704,42.69
21.921,56.7405,40.24
21.922000000000004,56.1968,37.85
21.922999999999995,56.3919,35.52
21.924,56.6284,33.26
21.925000000000004,57.1655,31.06
21.925999999999995,57.1638,28.92
21.927,56.8439,26.86
21.928000000000004,56.4182,24.87
21.928999999999995,56.3224,22.96
21.93,56.6864,21.12
21.931000000000004,57.1373,19.36
21.931999999999995,57.0067,17.68
21.933,56.5129,16.08
21.93399999999999,56.2619,14.56
21.934999999999995,56.6824,13.13
21.936,57.0178,11.78
21.93699999999999,57.0477,10.52
21.937999999999995,56.6952,9.35
21.939,56.4177,8.26
21.93999999999999,56.1921,7.27
21.940999999999995,56.2966,6.37
21.942,56.6512,5.56
21.94299999999999,57.0177,4.85
21.943999999999996,56.8925,4.23
21.945,56.7227,3.7
21.94599999999999,56.5132,3.27
21.946999999999996,56.7213,2.93
21.948,57.1249,2.69
21.94899999999999,57.1312,2.55
21.949999999999996,56.7082,2.5
21.951,56.1021,2.55
21.95199999999999,56.2106,2.69
21.952999999999996,56.5236,2.93
21.954,56.7944,3.27
21.95499999999999,56.7025,3.7
21.955999999999996,56.7709,4.23
21.957,56.6652,4.85
21.95799999999999,56.7087,5.56
21.958999999999996,56.9611,6.37
21.96,57.2562,7.27
21.96099999999999,57.272,8.26
21.961999999999996,57.0099,9.35
21.963,56.4564,10.52
21.96399999999999,56.2706,11.78
21.964999999999996,56.5234,13.13
21.966,56.9624,14.56
21.96699999999999,56.9152,16.08
21.967999999999996,56.5903,17.68
21.969,56.5023,19.36
21.96999999999999,57.0224,21.12
21.970999999999997,57.5304,22.96
21.972,57.4617,24.87
21.972999999999992,57.1949,26.86
21.973999999999997,56.5998,28.92
21.975,56.2463,31.06
21.975999999999992,56.3596,33.26
21.976999999999997,56.6967,35.52
21.978,56.6799,37.85
21.978999999999992,56.6008,40.24
21.979999999999997,56.3278,42.69
21.981,56.4131,45.2
21.981999999999992,56.763,47.76
21.982999999999997,56.939,50.37
21.984,57.0458,53.03
21.984999999999992,56.6407,55.74
21.985999999999997,56.4694,58.49
21.987000000000002,56.4571,61.28
21.987999999999992,56.4932,64.11
21.988999999999997,56.804,66.97
21.990000000000002,56.7857,69.87
21.990999999999993,56.9031,72.8
21.991999999999997,56.6612,75.75
21.993000000000002,56.7903,78.73
21.993999999999993,57.0264,81.73
21.994999999999997,57.3063,84.75
21.996000000000002,57.1939,87.78
21.996999999999993,56.6671,90.82
21.997999999999998,56.4217,93.88
21.999000000000002,56.5717,96.94
21.999999999999993,57.0902,100.0
22.000999999999998,57.2724,103.06
22.002000000000002,57.1231,106.12
22.002999999999993,56.8504,109.18
22.003999999999998,56.8153,112.22
22.005000000000003,57.1103,115.25
22.005999999999993,57.4329,118.27
22.006999999999998,57.3124,121.27
22.008000000000003,57.0222,124.25
22.008999999999993,56.6743,127.2
22.009999999999998,56.4472,130.13
22.011000000000003,56.5693,133.03
22.011999999999993,56.744,135.89
22.012999999999998,56.8398,138.72
22.014000000000003,56.7042,141.51
22.014999999999993,56.603,144.26
22.016,56.7883,146.97
22.017000000000003,57.1313,149.63
22.017999999999994,57.4355,152.24
22.019,57.3059,154.8
22.020000000000003,56.7565,157.31
22.020999999999994,56.4975,159.76
22.022,56.4217,162.15
22.023000000000003,56.4963,164.48
22.023999999999994,56.772,166.74
22.025,56.5309,168.94
22.026000000000003,56.541,171.07
22.026999999999994,56.2341,173.13
22.028,56.5671,175.12
22.029000000000003,56.8568,177.04
22.029999999999994,57.2236,178.88
22.031,56.9301,180.64
22.032000000000004,56.5834,182.32
22.032999999999994,56.2987,183.92
22.034,56.5363,185.44
22.035000000000004,56.6504,186.87
22.035999999999994,56.7863,188.22
22.037,56.7497,189.48
22.038000000000004,56.3948,190.65
22.038999999999994,56.2288,191.74
22.04,56.5362,192.73
22.041000000000004,57.0304,193.63
22.041999999999994,57.2735,194.44
22.043,56.8484,195.15
22.044000000000004,56.3664,195.77
22.044999999999995,56.2548,196.3
22.046,56.6731,196.73
22.047000000000004,57.1021,197.07
22.047999999999995,57.0068,197.31
22.049,56.7876,197.45
22.050000000000004,56.5729,197.5
22.050999999999995,56.9696,197.45
22.052,57.225,197.31
22.053000000000004,57.3259,197.07
22.053999999999995,57.1031,196.73
22.055,56.6921,196.3
22.056000000000004,56.3008,195.77
22.056999999999995,56.4272,195.15
22.058,56.5161,194.44
22.05899999999999,56.7901,193.63
22.059999999999995,56.6546,192.73
22.061,56.5249,191.74
22.06199999999999,56.4594,190.65
22.062999999999995,56.7656,189.48
22.064,57.0702,188.22
22.06499999999999,57.179,186.87
22.065999999999995,56.681,185.44
22.067,56.3959,183.92
22.06799999999999,56.2958,182.32
22.068999999999996,56.4461,180.64
22.07,56.8367,178.88
22.07099999999999,56.7787,177.04
22.071999999999996,56.7338,175.12
22.073,56.4761,173.13
22.07399999999999,56.649,171.07
22.074999999999996,56.8675,168.94
22.076,57.0798,166.74
22.07699999999999,56.8874,164.48
22.077999999999996,56.4478,162.15
22.079,56.1615,159.76
22.07999999999999,56.3149,157.31
22.080999999999996,56.8203,154.8
22.082,57.0776,152.24
22.08299999999999,57.1377,149.63
22.083999999999996,56.8491,146.97
22.085,56.7449,144.26
22.08599999999999,56.8007,141.51
22.086999999999996,57.1809,138.72
22.088,57.4055,135.89
22.08899999999999,57.2611,133.03
22.089999999999996,56.8672,130.13
22.091,56.5212,127.2
22.09199999999999,56.5301,124.25
22.092999999999996,56.8278,121.27
22.094,56.8039,118.27
22.09499999999999,56.7135,115.25
22.095999999999997,56.7053,112.22
22.097,57.0941,109.18
22.097999999999992,57.2824,106.12
22.098999999999997,57.4888,103.06
22.1,57.1155,100.0
22.100999999999992,56.9841,96.94
22.101999999999997,56.5017,93.88
22.103,56.3672,90.82
22.103999999999992,56.8025,87.78
22.104999999999997,56.9942,84.75
22.106,56.9265,81.73
22.106999999999992,56.4559,78.73
22.107999999999997,56.1848,75.75
22.109,56.5459,72.8
22.109999999999992,57.0662,69.87
22.110999999999997,57.1201,66.97
22.112000000000002,56.7593,64.11
22.112999999999992,56.2811,61.28
22.113999999999997,56.3287,58.49
22.115000000000002,56.3223,55.74
22.115999999999993,56.5877,53.03
22.116999999999997,56.7465,50.37
22.118000000000002,56.9468,47.76
22.118999999999993,56.4273,45.2
22.119999999999997,56.332,42.69
22.121000000000002,56.6668,40.24
22.121999999999993,57.2672,37.85
22.122999999999998,57.4232,35.52
22.124000000000002,57.029,33.26
22.124999999999993,56.6447,31.06
22.125999999999998,56.4893,28.92
22.127000000000002,56.6892,26.86
22.127999999999993,57.0442,24.87
22.128999999999998,57.0242,22.96
22.130000000000003,56.7562,21.12
22.130999999999993,56.6499,19.36
22.131999999999998,56.9784,17.68
22.133000000000003,57.3911,16.08
22.133999999999993,57.4806,14.56
22.134999999999998,57.4282,13.13
22.136000000000003,56.9169,11.78
22.136999999999993,56.5032,10.52
22.137999999999998,56.4114,9.35
22.139000000000003,56.5714,8.26
22.139999999999993,56.7199,7.27
22.141,56.5104,6.37
22.142000000000003,56.2399,5.56
22.142999999999994,56.2179,4.85
22.144,56.6573,4.23
22.145000000000003,57.1201,3.7
22.145999999999994,57.3607,3.27
22.147,56.8737,2.93
22.148000000000003,56.2434,2.69
22.148999999999994,56.0178,2.55
22.15,56.1084,2.5
22.151000000000003,56.7583,2.55
22.151999999999994,56.8772,2.69
22.153,56.9544,2.93
22.154000000000003,56.6112,3.27
22.154999999999994,56.6587,3.7
22.156,56.9827,4.23
22.157000000000004,57.2679,4.85
22.157999999999994,57.3768,5.56
22.159,56.71,6.37
22.160000000000004,56.3885,7.27
22.160999999999994,56.1573,8.26
22.162,56.4263,9.35
22.163000000000004,56.6146,10.52
22.163999999999994,56.6999,11.78
22.165,56.5463,13.13
22.166000000000004,56.498,14.56
22.166999999999994,56.5993,16.08
22.168,56.9875,17.68
22.169000000000004,57.3438,19.36
22.169999999999995,56.8197,21.12
22.171,56.4109,22.96
22.172000000000004,56.0782,24.87
22.172999999999995,56.6643,26.86
22.174,56.982,28.92
22.175000000000004,57.1672,31.06
22.175999999999995,56.8972,33.26
22.177,56.6078,35.52
22.178000000000004,56.5153,37.85
22.178999999999995,56.8811,40.24
22.18,57.2406,42.69
22.181000000000004,57.2308,45.2
22.181999999999995,56.8931,47.76
22.183,56.496,50.37
22.18399999999999,56.302,53.03
22.184999999999995,56.5417,55.74
22.186,56.8631,58.49
22.18699999999999,56.8781,61.28
22.187999999999995,56.6651,64.11
22.189,56.5184,66.97
22.18999999999999,56.6983,69.87
22.190999999999995,57.0253,72.8
22.192,57.2065,75.75
22.19299999999999,56.9569,78.73
22.193999999999996,56.5478,81.73
22.195,56.299,84.75
22.19599999999999,56.3786,87.78
22.196999999999996,56.6368,90.82
22.198,56.8944,93.88
22.19899999999999,56.8655,96.94
22.199999999999996,56.6785,100.0
22.201,56.3884,103.06
22.20199999999999,56.5079,106.12
22.202999999999996,56.9424,109.18
22.204,57.0317,112.22
22.20499999999999,56.7051,115.25
22.205999999999996,56.2281,118.27
22.207,56.1259,121.27
22.20799999999999,56.3009,124.25
22.208999999999996,56.6731,127.2
22.21,56.7139,130.13
22.21099999999999,56.6548,133.03
22.211999999999996,56.543,135.89
22.213,56.6937,138.72
22.21399999999999,56.918,141.51
22.214999999999996,57.0492,144.26
22.216,57.0953,146.97
22.21699999999999,56.6916,149.63
22.217999999999996,56.1442,152.24
22.219,55.9452,154.8
22.21999999999999,56.3082,157.31
22.220999999999997,56.8505,159.76
22.222,56.9766,162.15
22.222999999999992,56.6404,164.48
22.223999999999997,56.4645,166.74
22.225,56.571,168.94
22.225999999999992,56.9871,171.07
22.226999999999997,57.0401,173.13
22.228,56.8623,175.12
22.228999999999992,56.5021,177.04
22.229999999999997,56.2199,178.88
22.231,56.3501,180.64
22.231999999999992,56.5334,182.32
22.232999999999997,56.7053,183.92
22.234,56.5591,185.44
22.234999999999992,56.3192,186.87
22.235999999999997,56.325,188.22
22.237000000000002,56.5935,189.48
22.237999999999992,57.1599,190.65
22.238999999999997,57.0966,191.74
22.240000000000002,56.8781,192.73
22.240999999999993,56.1193,193.63
22.241999999999997,56.12,194.44
22.243000000000002,56.5929,195.15
22.243999999999993,57.041,195.77
22.244999999999997,57.027,196.3
22.246000000000002,56.617,196.73
22.246999999999993,56.2403,197.07
22.247999999999998,56.5416,197.31
22.249000000000002,56.7691,197.45
22.249999999999993,57.3633,197.5
22.250999999999998,57.0823,197.45
22.252000000000002,56.6571,197.31
22.252999999999993,56.322,197.07
22.253999999999998,56.4242,196.73
22.255000000000003,56.6638,196.3
22.255999999999993,56.7875,195.77
22.256999999999998,56.881,195.15
22.258000000000003,57.0193,194.44
22.258999999999993,56.9844,193.63
22.259999999999998,57.0374,192.73
22.261000000000003,56.829,191.74
22.261999999999993,56.894,190.65
22.262999999999998,56.7336,189.48
22.264000000000003,56.4975,188.22
22.264999999999993,56.297,186.87
22.266,56.2984,185.44
22.267000000000003,56.5086,183.92
22.267999999999994,56.6751,182.32
22.269,56.4612,180.64
22.270000000000003,56.34,178.88
22.270999999999994,56.2621,177.04
22.272,56.7355,175.12
22.273000000000003,56.9496,173.13
22.273999999999994,57.038,171.07
22.275,56.5761,168.94
22.276000000000003,56.4736,166.74
22.276999999999994,56.7455,164.48
22.278,57.0291,162.15
22.279000000000003,57.0848,159.76
22.279999999999994,56.832,157.31
22.281,56.5236,154.8
22.282000000000004,56.2655,152.24
22.282999999999994,56.5218,149.63
22.284,56.9601,146.97
22.285000000000004,57.3235,144.26
22.285999999999994,56.9625,141.51
22.287,56.427,138.72
22.288000000000004,56.1189,135.89
22.288999999999994,56.4943,133.03
22.29,56.9725,130.13
22.291000000000004,57.0246,127.2
22.291999999999994,56.8352,124.25
22.293,56.4005,121.27
22.294000000000004,56.5923,118.27
22.294999999999995,56.6485,115.25
22.296,57.148,112.22
22.297000000000004,57.1907,109.18
22.297999999999995,56.9018,106.12
22.299,56.4575,103.06
22.300000000000004,56.3909,100.0
22.300999999999995,56.6284,96.94
22.302,56.7478,93.88
22.303000000000004,56.9034,90.82
22.303999999999995,56.6926,87.78
22.305,56.4236,84.75
22.306000000000004,56.49,81.73
22.306999999999995,56.7655,78.73
22.308,56.9919,75.75
22.30899999999999,56.6808,72.8
22.309999999999995,56.2497,69.87
22.311,56.1404,66.97
22.31199999999999,56.2165,64.11
22.312999999999995,56.6534,61.28
22.314,57.0754,58.49
22.31499999999999,57.067,55.74
22.315999999999995,56.717,53.03
22.317,56.3808,50.37
22.31799999999999,56.4958,47.76
22.318999999999996,56.9403,45.2
22.32,57.1691,42.69
22.32099999999999,56.9666,40.24
22.321999999999996,56.4119,37.85
22.323,56.1653,35.52
22.32399999999999,56.4412,33.26
22.324999999999996,56.7489,31.06
22.326,56.7818,28.92
22.32699999999999,56.8138,26.86
22.327999999999996,56.6416,24.87
22.329,56.519,22.96
22.32999999999999,56.5946,21.12
22.330999999999996,56.9606,19.36
22.332,56.9474,17.68
22.33299999999999,56.5821,16.08
22.333999999999996,56.4091,14.56
22.335,56.4307,13.13
22.33599999999999,56.9016,11.78
22.336999999999996,56.866,10.52
22.338,56.9513,9.35
22.33899999999999,56.6896,8.26
22.339999999999996,56.6177,7.27
22.341,56.6963,6.37
22.34199999999999,56.9305,5.56
22.342999999999996,57.2378,4.85
22.344,57.0022,4.23
22.34499999999999,56.5131,3.7
22.345999999999997,56.2837,3.27
22.347,56.2666,2.93
22.347999999999992,56.644,2.69
22.348999999999997,56.7394,2.55
22.35,56.8199,2.5
22.350999999999992,56.5955,2.55
22.351999999999997,56.6786,2.69
22.353,57.0523,2.93
22.353999999999992,57.4915,3.27
22.354999999999997,57.3112,3.7
22.356,56.6818,4.23
22.356999999999992,56.1938,4.85
22.357999999999997,56.2874,5.56
22.359,56.6046,6.37
22.359999999999992,56.7615,7.27
22.360999999999997,56.781,8.26
22.362000000000002,56.423,9.35
22.362999999999992,56.2576,10.52
22.363999999999997,56.4919,11.78
22.365000000000002,56.9131,13.13
22.365999999999993,57.2286,14.56
22.366999999999997,57.1162,16.08
22.368000000000002,56.5022,17.68
22.368999999999993,56.2625,19.36
22.369999999999997,56.2277,21.12
22.371000000000002,56.7027,22.96
22.371999999999993,57.0061,24.87
22.372999999999998,56.9603,26.86
22.374000000000002,56.7386,28.92
22.374999999999993,56.6637,31.06
22.375999999999998,56.7388,33.26
22.377000000000002,56.8708,35.52
22.377999999999993,57.0339,37.85
22.378999999999998,56.6663,40.24
22.380000000000003,56.5539,42.69
22.380999999999993,56.366,45.2
22.381999999999998,56.7033,47.76
22.383000000000003,56.8592,50.37
22.383999999999993,56.9494,53.03
22.384999999999998,56.9745,55.74
22.386000000000003,57.0444,58.49
22.386999999999993,57.0746,61.28
22.387999999999998,57.1401,64.11
22.389000000000003,56.979,66.97
22.389999999999993,56.7979,69.87
22.391,56.216,72.8
22.392000000000003,56.2269,75.75
22.392999999999994,56.2193,78.73
22.394,56.5546,81.73
22.395000000000003,56.6684,84.75
22.395999999999994,56.8097,87.78
22.397,56.4025,90.82
22.398000000000003,56.4427,93.88
22.398999999999994,56.4781,96.94
22.4,56.864,100.0
22.401000000000003,56.7502,103.06
22.401999999999994,56.4231,106.12
22.403,56.0022,109.18
22.404000000000003,56.0929,112.22
22.404999999999994,56.3554,115.25
22.406,56.8714,118.27
22.407000000000004,56.9114,121.27
22.407999999999994,56.8188,124.25
22.409,56.4451,127.2
22.410000000000004,56.2998,130.13
22.410999999999994,56.8478,133.03
22.412,57.4139,135.89
22.413000000000004,57.3347,138.72
22.413999999999994,56.7317,141.51
22.415,56.0635,144.26
22.416000000000004,56.132,146.97
22.416999999999994,56.4007,149.63
22.418,56.668,152.24
22.419000000000004,56.5796,154.8
22.419999999999995,56.5191,157.31
22.421,56.5738,159.76
22.422000000000004,56.7783,162.15
22.422999999999995,57.2122,164.48
22.424,57.1767,166.74
22.425000000000004,57.1259,168.94
22.425999999999995,56.5788,171.07
22.427,56.3078,173.13
22.428000000000004,56.5185,175.12
22.428999999999995,56.8275,177.04
22.43,56.972,178.88
22.431000000000004,56.6167,180.64
22.431999999999995,56.4459,182.32
22.433,56.5696,183.92
22.43399999999999,56.8701,185.44
22.434999999999995,57.2716,186.87
22.436,57.1864,188.22
22.43699999999999,56.8833,189.48
22.437999999999995,56.3207,190.65
22.439,56.3118,191.74
22.43999999999999,56.6227,192.73
22.440999999999995,56.84,193.63
22.442,57.0717,194.44
22.44299999999999,56.8337,195.15
22.443999999999996,56.6848,195.77
22.445,56.5002,196.3
22.44599999999999,56.6512,196.73
22.446999999999996,56.6812,197.07
22.448,56.7651,197.31
22.44899999999999,56.3931,197.45
22.449999999999996,56.2984,197.5
22.451,56.338,197.45
22.45199999999999,56.7137,197.31
22.452999999999996,56.6986,197.07
22.454,56.6868,196.73
22.45499999999999,56.441,196.3
22.455999999999996,56.6828,195.77
22.457,56.7439,195.15
22.45799999999999,57.0961,194.44
22.458999999999996,57.1067,193.63
22.46,56.6541,192.73
22.46099999999999,55.9892,191.74
22.461999999999996,55.9314,190.65
22.463,56.1726,189.48
22.46399999999999,56.6851,188.22
22.464999999999996,56.7151,186.87
22.466,56.5485,185.44
22.46699999999999,56.1769,183.92
22.467999999999996,56.1809,182.32
22.469,56.4822,180.64
22.46999999999999,56.9011,178.88
22.470999999999997,56.9078,177.04
22.472,56.58,175.12
22.472999999999992,56.3171,173.13
22.473999999999997,56.3116,171.07
22.475,56.4889,168.94
22.475999999999992,56.9289,166.74
22.476999999999997,56.9409,164.48
22.478,56.8467,162.15
22.478999999999992,56.5419,159.76
22.479999999999997,56.529,157.31
22.481,56.9304,154.8
22.481999999999992,57.2206,152.24
22.482999999999997,57.0497,149.63
22.484,56.4632,146.97
22.484999999999992,56.1078,144.26
22.485999999999997,56.1457,141.51
22.487000000000002,56.3656,138.72
22.487999999999992,56.6283,135.89
22.488999999999997,56.5803,133.03
22.490000000000002,56.3887,130.13
22.490999999999993,56.3512,127.2
22.491999999999997,56.6391,124.25
22.493000000000002,57.035,121.27
22.493999999999993,57.0925,118.27
22.494999999999997,56.6288,115.25
22.496000000000002,56.4495,112.22
22.496999999999993,56.4378,109.18
22.497999999999998,56.6751,106.12
22.499000000000002,56.9453,103.06
22.499999999999993,57.0377,100.0
22.500999999999998,57.0213,96.94
22.502000000000002,56.6083,93.88
22.502999999999993,56.6536,90.82
22.503999999999998,57.015,87.78
22.505000000000003,57.1864,84.75
22.505999999999993,57.0221,81.73
22.506999999999998,56.4354,78.73
22.508000000000003,56.3875,75.75
22.508999999999993,56.555,72.8
22.509999999999998,56.7813,69.87
22.511000000000003,56.8428,66.97
22.511999999999993,56.7291,64.11
22.512999999999998,56.3544,61.28
22.514000000000003,56.2276,58.49
22.514999999999993,56.4243,55.74
22.516,56.9107,53.03
22.517000000000003,56.9806,50.37
22.517999999999994,56.6851,47.76
22.519,56.5043,45.2
22.520000000000003,56.5947,42.69
22.520999999999994,56.7597,40.24
22.522,56.8489,37.85
22.523000000000003,57.0633,35.52
22.523999999999994,56.8538,33.26
22.525,56.4701,31.06
22.526000000000003,56.4313,28.92
22.526999999999994,56.6016,26.86
22.528,57.0801,24.87
22.529000000000003,57.007,22.96
22.529999999999994,56.7227,21.12
22.531,56.3802,19.36
22.532000000000004,56.5324,17.68
22.532999999999994,56.641,16.08
22.534,56.6918,14.56
22.535000000000004,56.3994,13.13
22.535999999999994,56.3874,11.78
22.537,56.3546,10.52
22.538000000000004,56.4134,9.35
22.538999999999994,56.7305,8.26
22.54,56.9918,7.27
22.541000000000004,56.9481,6.37
22.541999999999994,56.5981,5.56
22.543,56.2084,4.85
22.544000000000004,56.2306,4.23
22.544999999999995,56.604,3.7
22.546,56.8116,3.27
22.547000000000004,56.7649,2.93
22.547999999999995,56.4885,2.69
22.549,56.5151,2.55
22.550000000000004,56.7781,2.5
22.550999999999995,57.1658,2.55
22.552,57.0808,2.69
22.553000000000004,56.6958,2.93
22.553999999999995,56.4417,3.27
22.555,56.2322,3.7
22.556000000000004,56.43,4.23
22.556999999999995,56.4412,4.85
22.558,56.5847,5.56
22.55899999999999,56.2865,6.37
22.559999999999995,56.3976,7.27
22.561,56.5694,8.26
22.56199999999999,57.0868,9.35
22.562999999999995,57.4024,10.52
22.564,57.0334,11.78
22.56499999999999,56.6035,13.13
22.565999999999995,56.2711,14.56
22.567,56.6592,16.08
22.56799999999999,56.8324,17.68
22.568999999999996,57.0806,19.36
22.57,56.967,21.12
22.57099999999999,56.6138,22.96
22.571999999999996,56.4271,24.87
22.573,56.3889,26.86
22.57399999999999,56.8046,28.92
22.574999999999996,57.0023,31.06
22.576,56.8431,33.26
22.57699999999999,56.2179,35.52
22.577999999999996,56.0984,37.85
22.579,56.4098,40.24
22.57999999999999,56.9211,42.69
22.580999999999996,57.0511,45.2
22.582,56.6808,47.76
22.58299999999999,56.4504,50.37
22.583999999999996,56.1251,53.03
22.585,56.5637,55.74
22.58599999999999,56.5709,58.49
22.586999999999996,56.5913,61.28
22.588,56.5017,64.11
22.58899999999999,56.3033,66.97
22.589999999999996,56.4978,69.87
22.591,56.7218,72.8
22.59199999999999,57.0433,75.75
22.592999999999996,57.0861,78.73
22.594,56.8618,81.73
22.59499999999999,56.5552,84.75
22.595999999999997,56.5436,87.78
22.597,56.655,90.82
22.597999999999992,56.9489,93.88
22.598999999999997,56.7834,96.94
22.6,56.5719,100.0
22.600999999999992,56.3338,103.06
22.601999999999997,56.4131,106.12
22.603,56.5828,109.18
22.603999999999992,57.1199,112.22
22.604999999999997,57.0155,115.25
22.606,56.7456,118.27
22.606999999999992,56.5525,121.27
22.607999999999997,56.8497,124.25
22.609,57.1699,127.2
22.609999999999992,57.0527,130.13
22.610999999999997,56.6201,133.03
22.612000000000002,56.1433,135.89
22.612999999999992,56.1749,138.72
22.613999999999997,56.4146,141.51
22.615000000000002,56.7791,144.26
22.615999999999993,56.6004,146.97
22.616999999999997,56.4563,149.63
22.618000000000002,56.1805,152.24
22.618999999999993,56.502,154.8
22.619999999999997,56.9373,157.31
22.621000000000002,57.4345,159.76
22.621999999999993,57.1588,162.15
22.622999999999998,56.5553,164.48
22.624000000000002,55.9684,166.74
22.624999999999993,56.0845,168.94
22.625999999999998,56.4164,171.07
22.627000000000002,56.5783,173.13
22.627999999999993,56.4349,175.12
22.628999999999998,56.2053,177.04
22.630000000000003,56.2659,178.88
22.630999999999993,56.3448,180.64
22.631999999999998,56.6595,182.32
22.633000000000003,56.5442,183.92
22.633999999999993,56.5149,185.44
22.634999999999998,56.2558,186.87
22.636000000000003,55.9454,188.22
22.636999999999993,56.0524,189.48
22.637999999999998,56.3071,190.65
22.639000000000003,56.4397,191.74
22.639999999999993,56.2471,192.73
22.641,55.9495,193.63
22.642000000000003,55.9518,194.44
22.642999999999994,56.4736,195.15
22.644,56.9331,195.77
22.645000000000003,57.0058,196.3
22.645999999999994,56.6372,196.73
22.647,56.3829,197.07
22.648000000000003,56.3221,197.31
22.648999999999994,56.4424,197.45
22.65,56.6524,197.5
22.651000000000003,56.5192,197.45
22.651999999999994,56.3275,197.31
22.653,56.3252,197.07
22.654000000000003,56.6606,196.73
22.654999999999994,57.1367,196.3
22.656,57.1575,195.77
22.657000000000004,56.8618,195.15
22.657999999999994,56.3776,194.44
22.659,56.0955,193.63
22.660000000000004,56.2541,192.73
22.660999999999994,56.5105,191.74
22.662,56.5345,190.65
22.663000000000004,56.2953,189.48
22.663999999999994,56.169,188.22
22.665,56.4804,186.87
22.666000000000004,57.0654,185.44
22.666999999999994,57.2961,183.92
22.668,57.3659,182.32
22.669000000000004,56.9865,180.64
22.669999999999995,56.4122,178.88
22.671,56.4809,177.04
22.672000000000004,56.6562,175.12
22.672999999999995,56.9666,173.13
22.674,56.8231,171.07
22.675000000000004,56.6484,168.94
22.675999999999995,56.2254,166.74
22.677,56.415,164.48
22.678000000000004,56.6701,162.15
22.678999999999995,57.128,159.76
22.68,56.9244,157.31
22.681000000000004,56.4214,154.8
22.681999999999995,56.1278,152.24
22.683,56.2325,149.63
22.68399999999999,56.3333,146.97
22.684999999999995,56.4299,144.26
22.686,56.2866,141.51
22.68699999999999,56.299,138.72
22.687999999999995,56.2534,135.89
22.689,56.5132,133.03
22.68999999999999,56.8131,130.13
22.690999999999995,56.9788,127.2
22.692,56.5588,124.25
22.69299999999999,56.2642,121.27
22.693999999999996,56.0342,118.27
22.695,56.2729,115.25
22.69599999999999,56.5937,112.22
22.696999999999996,56.7029,109.18
22.698,56.4933,106.12
22.69899999999999,56.428,103.06
22.699999999999996,56.6118,100.0
22.701,56.8144,96.94
22.70199999999999,57.113,93.88
22.702999999999996,56.8797,90.82
22.704,56.4564,87.78
22.70499999999999,55.9283,84.75
22.705999999999996,55.8946,81.73
22.707,56.1663,78.73
22.70799999999999,56.606,75.75
22.708999999999996,56.6752,72.8
22.71,56.4611,69.87
22.71099999999999,56.3091,66.97
22.711999999999996,56.6234,64.11
22.713,57.1454,61.28
22.71399999999999,57.4015,58.49
22.714999999999996,57.2522,55.74
22.716,56.7321,53.03
22.71699999999999,56.203,50.37
22.717999999999996,56.1852,47.76
22.719,56.4996,45.2
22.71999999999999,56.7365,42.69
22.720999999999997,56.5341,40.24
22.722,56.3515,37.85
22.722999999999992,56.5435,35.52
22.723999999999997,57.0968,33.26
22.725,57.4613,31.06
22.725999999999992,57.4109,28.92
22.726999999999997,56.7113,26.86
22.728,56.4455,24.87
22.728999999999992,56.1702,22.96
22.729999999999997,56.4451,21.12
22.731,56.6104,19.36
22.731999999999992,56.6307,17.68
22.732999999999997,56.4828,16.08
22.734,56.218,14.56
22.734999999999992,56.3441,13.13
22.735999999999997,57.0235,11.78
22.737000000000002,57.2553,10.52
22.737999999999992,56.8783,9.35
22.738999999999997,56.3553,8.26
22.740000000000002,56.0858,7.27
22.740999999999993,56.2463,6.37
22.741999999999997,56.2695,5.56
22.743000000000002,56.4185,4.85
22.743999999999993,56.3371,4.23
22.744999999999997,56.2786,3.7
22.746000000000002,56.2755,3.27
22.746999999999993,56.6307,2.93
22.747999999999998,56.7675,2.69
22.749000000000002,57.0679,2.55
22.749999999999993,56.7765,2.5
22.750999999999998,56.7106,2.55
22.752000000000002,56.2763,2.69
22.752999999999993,56.5377,2.93
22.753999999999998,56.6851,3.27
22.755000000000003,57.0516,3.7
22.755999999999993,56.9172,4.23
22.756999999999998,56.8108,4.85
22.758000000000003,56.7203,5.56
22.758999999999993,56.7023,6.37
22.759999999999998,56.7325,7.27
22.761000000000003,56.6158,8.26
22.761999999999993,56.3209,9.35
22.762999999999998,55.8997,10.52
22.764000000000003,55.9139,11.78
22.764999999999993,56.286,13.13
22.766,56.8505,14.56
22.767000000000003,56.919,16.08
22.767999999999994,56.7002,17.68
22.769,56.6057,19.36
22.770000000000003,56.6279,21.12
22.770999999999994,57.0411,22.96
22.772,57.2306,24.87
22.773000000000003,57.1292,26.86
22.773999999999994,56.6734,28.92
22.775,56.1931,31.06
22.776000000000003,56.4245,33.26
22.776999999999994,56.6869,35.52
22.778,56.839,37.85
22.779000000000003,56.5961,40.24
22.779999999999994,56.3184,42.69
22.781,56.2664,45.2
22.782000000000004,56.355,47.76
22.782999999999994,56.7117,50.37
22.784,56.7367,53.03
22.785000000000004,56.5393,55.74
22.785999999999994,56.378,58.49
22.787,56.395,61.28
22.788000000000004,56.531,64.11
22.788999999999994,56.8185,66.97
22.79,56.7642,69.87
22.791000000000004,56.6692,72.8
22.791999999999994,56.3698,75.75
22.793,56.5682,78.73
22.794000000000004,56.8597,81.73
22.794999999999995,57.0984,84.75
22.796,56.8316,87.78
22.797000000000004,56.5483,90.82
22.797999999999995,56.0383,93.88
22.799,56.1346,96.94
22.800000000000004,56.4924,100.0
22.800999999999995,56.8621,103.06
22.802,56.9064,106.12
22.803000000000004,56.6448,109.18
22.803999999999995,56.6147,112.22
22.805,56.8328,115.25
22.806000000000004,56.9195,118.27
22.806999999999995,56.7611,121.27
22.808,56.3393,124.25
22.80899999999999,56.1488,127.2
22.809999999999995,56.1395,130.13
22.811,56.2794,133.03
22.81199999999999,56.4467,135.89
22.812999999999995,56.591,138.72
22.814,56.5088,141.51
22.81499999999999,56.471,144.26
22.815999999999995,56.6735,146.97
22.817,56.9197,149.63
22.81799999999999,57.1308,152.24
22.818999999999996,57.0148,154.8
22.82,56.6172,157.31
22.82099999999999,56.034,159.76
22.821999999999996,56.1096,162.15
22.823,56.3379,164.48
22.82399999999999,56.749,166.74
22.824999999999996,56.6925,168.94
22.826,56.4869,171.07
22.82699999999999,56.535,173.13
22.827999999999996,56.5715,175.12
22.829,56.8647,177.04
22.82999999999999,57.0938,178.88
22.830999999999996,56.9532,180.64
22.832,56.3393,182.32
22.83299999999999,56.0545,183.92
22.833999999999996,56.1928,185.44
22.835,56.8941,186.87
22.83599999999999,56.8824,188.22
22.836999999999996,56.6194,189.48
22.838,56.2382,190.65
22.83899999999999,56.4399,191.74
22.839999999999996,56.9024,192.73
22.841,57.1093,193.63
22.84199999999999,56.9564,194.44
22.842999999999996,56.3946,195.15
22.844,56.1435,195.77
22.84499999999999,56.2309,196.3
22.845999999999997,56.5147,196.73
22.847,56.6685,197.07
22.847999999999992,56.6452,197.31
22.848999999999997,56.4768,197.45
22.85,56.3643,197.5
22.850999999999992,56.6501,197.45
22.851999999999997,56.8708,197.31
22.853,57.0188,197.07
22.853999999999992,56.8162,196.73
22.854999999999997,56.4017,196.3
22.856,56.101,195.77
22.856999999999992,56.1589,195.15
22.857999999999997,56.5852,194.44
22.859,56.9219,193.63
22.859999999999992,56.8525,192.73
22.860999999999997,56.5201,191.74
22.862000000000002,56.2928,190.65
22.862999999999992,56.2519,189.48
22.863999999999997,56.6399,188.22
22.865000000000002,56.8484,186.87
22.865999999999993,56.4686,185.44
22.866999999999997,56.1412,183.92
22.868000000000002,55.9016,182.32
22.868999999999993,56.4132,180.64
22.869999999999997,56.6657,178.88
22.871000000000002,56.9171,177.04
22.871999999999993,56.8481,175.12
22.872999999999998,56.6546,173.13
22.874000000000002,56.7006,171.07
22.874999999999993,56.8985,168.94
22.875999999999998,57.1695,166.74
22.877000000000002,57.1578,164.48
22.877999999999993,56.9019,162.15
22.878999999999998,56.4874,159.76
22.880000000000003,56.3414,157.31
22.880999999999993,56.5785,154.8
22.881999999999998,56.7402,152.24
22.883000000000003,56.662,149.63
22.883999999999993,56.2276,146.97
22.884999999999998,56.2621,144.26
22.886000000000003,56.6607,141.51
22.886999999999993,56.9729,138.72
22.887999999999998,57.0886,135.89
22.889000000000003,56.7268,133.03
22.889999999999993,56.3937,130.13
22.891,56.2385,127.2
22.892000000000003,56.428,124.25
22.892999999999994,56.7659,121.27
22.894,56.959,118.27
22.895000000000003,56.7207,115.25
22.895999999999994,56.4783,112.22
22.897,56.4192,109.18
22.898000000000003,56.6395,106.12
22.898999999999994,56.7828,103.06
22.9,56.9015,100.0
22.901000000000003,56.7046,96.94
22.901999999999994,56.3779,93.88
22.903,56.0679,90.82
22.904000000000003,56.3039,87.78
22.904999999999994,56.4714,84.75
22.906,56.5753,81.73
22.907000000000004,56.2253,78.73
22.907999999999994,56.2737,75.75
22.909,56.3274,72.8
22.910000000000004,56.5983,69.87
22.910999999999994,56.7659,66.97
22.912,56.6024,64.11
22.913000000000004,56.2703,61.28
22.913999999999994,56.0594,58.49
22.915,56.1579,55.74
22.916000000000004,56.54,53.03
22.916999999999994,56.6229,50.37
22.918,56.5741,47.76
22.919000000000004,56.5716,45.2
22.919999999999995,56.6487,42.69
22.921,57.0997,40.24
22.922000000000004,57.0931,37.85
22.922999999999995,56.9857,35.52
22.924,56.4302,33.26
22.925000000000004,56.1993,31.06
22.925999999999995,56.093,28.92
22.927,56.1404,26.86
22.928000000000004,56.4805,24.87
22.928999999999995,56.4337,22.96
22.93,56.3972,21.12
22.931000000000004,56.1264,19.36
22.931999999999995,56.3187,17.68
22.933,56.6447,16.08
22.93399999999999,57.0434,14.56
22.934999999999995,57.0259,13.13
22.936,56.449,11.78
22.93699999999999,56.1066,10.52
22.937999999999995,55.9482,9.35
22.939,56.3569,8.26
22.93999999999999,56.4947,7.27
22.940999999999995,56.5234,6.37
22.942,56.4159,5.56
22.94299999999999,56.2799,4.85
22.943999999999996,56.4669,4.23
22.945,56.5726,3.7
22.94599999999999,56.671,3.27
22.946999999999996,56.5816,2.93
22.948,56.5026,2.69
22.94899999999999,56.4349,2.55
22.949999999999996,56.4656,2.5
22.951,56.6787,2.55
22.95199999999999,56.6745,2.69
22.952999999999996,56.645,2.93
22.954,56.4118,3.27
22.95499999999999,56.5142,3.7
22.955999999999996,56.5493,4.23
22.957,56.8632,4.85
22.95799999999999,56.7489,5.56
22.958999999999996,56.4739,6.37
22.96,56.1382,7.27
22.96099999999999,56.0742,8.26
22.961999999999996,56.3784,9.35
22.963,56.7146,10.52
22.96399999999999,56.6209,11.78
22.964999999999996,56.5916,13.13
22.966,56.4569,14.56
22.96699999999999,56.7275,16.08
22.967999999999996,57.0015,17.68
22.969,57.0962,19.36
22.96999999999999,56.9106,21.12
22.970999999999997,56.4819,22.96
22.972,56.3224,24.87
22.972999999999992,56.4072,26.86
22.973999999999997,56.6642,28.92
22.975,56.9045,31.06
22.975999999999992,56.8267,33.26
22.976999999999997,56.2776,35.52
22.978,56.1265,37.85
22.978999999999992,56.2537,40.24
22.979999999999997,56.7444,42.69
22.981,56.9303,45.2
22.981999999999992,56.6723,47.76
22.982999999999997,56.3777,50.37
22.984,56.1486,53.03
22.984999999999992,56.6567,55.74
22.985999999999997,56.8061,58.49
22.987000000000002,56.8728,61.28
22.987999999999992,56.4454,64.11
22.988999999999997,56.2218,66.97
22.990000000000002,56.1924,69.87
22.990999999999993,56.6855,72.8
22.991999999999997,57.1346,75.75
22.993000000000002,57.178,78.73
22.993999999999993,56.8954,81.73
22.994999999999997,56.4287,84.75
22.996000000000002,56.565,87.78
22.996999999999993,56.6596,90.82
22.997999999999998,56.7243,93.88
22.999000000000002,56.4108,96.94
22.999999999999993,56.0056,100.0
23.000999999999998,56.1839,103.06
23.002000000000002,56.4866,106.12
23.002999999999993,56.8353,109.18
23.003999999999998,56.8385,112.22
23.005000000000003,56.5471,115.25
23.005999999999993,56.4476,118.27
23.006999999999998,56.3734,121.27
23.008000000000003,56.3967,124.25
23.008999999999993,56.658,127.2
23.009999999999998,56.5039,130.13
23.011000000000003,56.4772,133.03
23.011999999999993,56.179,135.89
23.012999999999998,56.3389,138.72
23.014000000000003,56.5157,141.51
23.014999999999993,56.9124,144.26
23.016,56.7843,146.97
23.017000000000003,56.4481,149.63
23.017999999999994,56.1201,152.24
23.019,56.3405,154.8
23.020000000000003,56.441,157.31
23.020999999999994,56.564,159.76
23.022,56.5654,162.15
23.023000000000003,56.4188,164.48
23.023999999999994,56.4804,166.74
23.025,56.4912,168.94
23.026000000000003,56.799,171.07
23.026999999999994,56.8511,173.13
23.028,56.8212,175.12
23.029000000000003,56.279,177.04
23.029999999999994,56.1205,178.88
23.031,56.1355,180.64
23.032000000000004,56.6603,182.32
23.032999999999994,56.9347,183.92
23.034,56.7684,185.44
23.035000000000004,56.6548,186.87
23.035999999999994,56.6488,188.22
23.037,56.9891,189.48
23.038000000000004,57.0423,190.65
23.038999999999994,57.1556,191.74
23.04,56.7554,192.73
23.041000000000004,56.3548,193.63
23.041999999999994,56.0942,194.44
23.043,56.3035,195.15
23.044000000000004,56.7442,195.77
23.044999999999995,56.6567,196.3
23.046,56.5721,196.73
23.047000000000004,56.2307,197.07
23.047999999999995,56.5109,197.31
23.049,56.8633,197.45
23.050000000000004,57.0315,197.5
23.050999999999995,56.7332,197.45
23.052,56.2276,197.31
23.053000000000004,56.09,197.07
23.053999999999995,56.2401,196.73
23.055,56.3366,196.3
23.056000000000004,56.4176,195.77
23.056999999999995,56.617,195.15
23.058,56.4932,194.44
23.05899999999999,56.4912,193.63
23.059999999999995,56.5414,192.73
23.061,56.9477,191.74
23.06199999999999,56.9922,190.65
23.062999999999995,56.8359,189.48
23.064,56.4427,188.22
23.06499999999999,56.2405,186.87
23.065999999999995,56.2248,185.44
23.067,56.5564,183.92
23.06799999999999,56.6889,182.32
23.068999999999996,56.8403,180.64
23.07,56.521,178.88
23.07099999999999,56.57,177.04
23.071999999999996,56.6631,175.12
23.073,57.0717,173.13
23.07399999999999,57.0185,171.07
23.074999999999996,56.3885,168.94
23.076,55.9542,166.74
23.07699999999999,55.8806,164.48
23.077999999999996,56.3429,162.15
23.079,56.4558,159.76
23.07999999999999,56.655,157.31
23.080999999999996,56.4937,154.8
23.082,56.5942,152.24
23.08299999999999,56.6455,149.63
23.083999999999996,56.893,146.97
23.085,57.0114,144.26
23.08599999999999,56.7361,141.51
23.086999999999996,56.3477,138.72
23.088,56.1007,135.89
23.08899999999999,56.0729,133.03
23.089999999999996,56.4453,130.13
23.091,56.5054,127.2
23.09199999999999,56.4704,124.25
23.092999999999996,56.1657,121.27
23.094,56.369,118.27
23.09499999999999,56.8373,115.25
23.095999999999997,57.3294,112.22
23.097,57.2091,109.18
23.097999999999992,56.6219,106.12
23.098999999999997,56.2221,103.06
23.1,56.1926,100.0
23.100999999999992,56.6375,96.94
23.101999999999997,56.9288,93.88
23.103,56.9548,90.82
23.103999999999992,56.5429,87.78
23.104999999999997,56.0939,84.75
23.106,56.2932,81.73
23.106999999999992,56.7138,78.73
23.107999999999997,57.0253,75.75
23.109,56.9056,72.8
23.109999999999992,56.6051,69.87
23.110999999999997,56.4856,66.97
23.112000000000002,56.4627,64.11
23.112999999999992,56.5965,61.28
23.113999999999997,56.7038,58.49
23.115000000000002,56.6248,55.74
23.115999999999993,56.3197,53.03
23.116999999999997,56.0677,50.37
23.118000000000002,56.4663,47.76
23.118999999999993,56.6809,45.2
23.119999999999997,57.3166,42.69
23.121000000000002,57.1854,40.24
23.121999999999993,56.7677,37.85
23.122999999999998,56.455,35.52
23.124000000000002,56.618,33.26
23.124999999999993,56.9243,31.06
23.125999999999998,56.9282,28.92
23.127000000000002,56.6012,26.86
23.127999999999993,56.358,24.87
23.128999999999998,56.4868,22.96
23.130000000000003,56.9663,21.12
23.130999999999993,56.9564,19.36
23.131999999999998,56.7764,17.68
23.133000000000003,56.1092,16.08
23.133999999999993,55.8967,14.56
23.134999999999998,55.9272,13.13
23.136000000000003,56.3751,11.78
23.136999999999993,56.7145,10.52
23.137999999999998,56.7575,9.35
23.139000000000003,56.4456,8.26
23.139999999999993,56.3731,7.27
23.141,56.6684,6.37
23.142000000000003,56.9262,5.56
23.142999999999994,56.8512,4.85
23.144,56.3272,4.23
23.145000000000003,55.9916,3.7
23.145999999999994,56.0692,3.27
23.147,56.6957,2.93
23.148000000000003,56.9163,2.69
23.148999999999994,56.9397,2.55
23.15,56.6535,2.5
23.151000000000003,56.3825,2.55
23.151999999999994,56.3836,2.69
23.153,56.5636,2.93
23.154000000000003,57.0238,3.27
23.154999999999994,56.9965,3.7
23.156,56.64,4.23
23.157000000000004,56.2045,4.85
23.157999999999994,56.2352,5.56
23.159,56.3863,6.37
23.160000000000004,56.5325,7.27
23.160999999999994,56.3577,8.26
23.162,56.4108,9.35
23.163000000000004,56.3866,10.52
23.163999999999994,56.6994,11.78
23.165,56.9485,13.13
23.166000000000004,57.0737,14.56
23.166999999999994,56.8141,16.08
23.168,56.6482,17.68
23.169000000000004,56.2211,19.36
23.169999999999995,56.3278,21.12
23.171,56.389,22.96
23.172000000000004,56.6623,24.87
23.172999999999995,56.5225,26.86
23.174,56.5436,28.92
23.175000000000004,56.4346,31.06
23.175999999999995,56.7367,33.26
23.177,56.7459,35.52
23.178000000000004,56.8752,37.85
23.178999999999995,56.3295,40.24
23.18,56.2561,42.69
23.181000000000004,56.1981,45.2
23.181999999999995,56.6077,47.76
23.183,56.7578,50.37
23.18399999999999,56.9136,53.03
23.184999999999995,56.6553,55.74
23.186,56.3967,58.49
23.18699999999999,56.2525,61.28
23.187999999999995,56.5868,64.11
23.189,56.8299,66.97
23.18999999999999,56.7234,69.87
23.190999999999995,56.1494,72.8
23.192,55.6788,75.75
23.19299999999999,55.838,78.73
23.193999999999996,56.5006,81.73
23.195,56.8158,84.75
23.19599999999999,56.8452,87.78
23.196999999999996,56.4651,90.82
23.198,56.5119,93.88
23.19899999999999,56.6032,96.94
23.199999999999996,56.7937,100.0
23.201,56.9316,103.06
23.20199999999999,56.6349,106.12
23.202999999999996,56.1112,109.18
23.204,55.9906,112.22
23.20499999999999,56.3754,115.25
23.205999999999996,56.6762,118.27
23.207,56.738,121.27
23.20799999999999,56.3858,124.25
23.208999999999996,56.2441,127.2
23.21,56.1377,130.13
23.21099999999999,56.3116,133.03
23.211999999999996,56.64,135.89
23.213,56.6365,138.72
23.21399999999999,56.4721,141.51
23.214999999999996,56.0207,144.26
23.216,55.9072,146.97
23.21699999999999,56.3174,149.63
23.217999999999996,56.7291,152.24
23.219,56.9749,154.8
23.21999999999999,56.3251,157.31
23.220999999999997,55.98,159.76
23.222,56.1176,162.15
23.222999999999992,56.6093,164.48
23.223999999999997,57.0584,166.74
23.225,57.0352,168.94
23.225999999999992,56.6494,171.07
23.226999999999997,56.1166,173.13
23.228,56.2823,175.12
23.228999999999992,56.4223,177.04
23.229999999999997,56.8119,178.88
23.231,56.4912,180.64
23.231999999999992,56.4973,182.32
23.232999999999997,56.3991,183.92
23.234,56.5731,185.44
23.234999999999992,56.7314,186.87
23.235999999999997,56.7588,188.22
23.237000000000002,56.5263,189.48
23.237999999999992,56.0906,190.65
23.238999999999997,56.1027,191.74
23.240000000000002,56.4745,192.73
23.240999999999993,56.969,193.63
23.241999999999997,56.8791,194.44
23.243000000000002,56.5491,195.15
23.243999999999993,56.3495,195.77
23.244999999999997,56.6888,196.3
23.246000000000002,57.0678,196.73
23.246999999999993,57.2193,197.07
23.247999999999998,56.879,197.31
23.249000000000002,56.5673,197.45
23.249999999999993,55.8557,197.5
23.250999999999998,55.737,197.45
23.252000000000002,56.1474,197.31
23.252999999999993,56.4295,197.07
23.253999999999998,56.5883,196.73
23.255000000000003,56.2665,196.3
23.255999999999993,56.4354,195.77
23.256999999999998,56.5711,195.15
23.258000000000003,56.7218,194.44
23.258999999999993,56.7555,193.63
23.259999999999998,56.5548,192.73
23.261000000000003,56.2412,191.74
23.261999999999993,56.0165,190.65
23.262999999999998,56.2376,189.48
23.264000000000003,56.536,188.22
23.264999999999993,56.7192,186.87
23.266,56.5894,185.44
23.267000000000003,56.3671,183.92
23.267999999999994,56.3997,182.32
23.269,56.7552,180.64
23.270000000000003,57.0906,178.88
23.270999999999994,57.0026,177.04
23.272,56.4351,175.12
23.273000000000003,55.9563,173.13
23.273999999999994,55.7063,171.07
23.275,56.1709,168.94
23.276000000000003,56.294,166.74
23.276999999999994,56.3832,164.48
23.278,56.091,162.15
23.279000000000003,56.3204,159.76
23.279999999999994,56.4357,157.31
23.281,56.5469,154.8
23.282000000000004,56.595,152.24
23.282999999999994,56.5989,149.63
23.284,56.1569,146.97
23.285000000000004,55.9902,144.26
23.285999999999994,55.9556,141.51
23.287,56.4893,138.72
23.288000000000004,56.6203,135.89
23.288999999999994,56.6424,133.03
23.29,56.4983,130.13
23.291000000000004,56.3902,127.2
23.291999999999994,56.6099,124.25
23.293,56.8059,121.27
23.294000000000004,56.9513,118.27
23.294999999999995,56.5887,115.25
23.296,56.384,112.22
23.297000000000004,56.3317,109.18
23.297999999999995,56.4816,106.12
23.299,56.6927,103.06
23.300000000000004,56.8001,100.0
23.300999999999995,56.6961,96.94
23.302,56.4704,93.88
23.303000000000004,56.4149,90.82
23.303999999999995,56.6526,87.78
23.305,56.915,84.75
23.306000000000004,56.6302,81.73
23.306999999999995,56.0029,78.73
23.308,55.8582,75.75
23.30899999999999,56.2542,72.8
23.309999999999995,56.6814,69.87
23.311,56.7574,66.97
23.31199999999999,56.3104,64.11
23.312999999999995,56.2014,61.28
23.314,56.0937,58.49
23.31499999999999,56.3442,55.74
23.315999999999995,56.7814,53.03
23.317,56.9008,50.37
23.31799999999999,56.5844,47.76
23.318999999999996,56.3152,45.2
23.32,56.32,42.69
23.32099999999999,56.5287,40.24
23.321999999999996,56.8268,37.85
23.323,56.7938,35.52
23.32399999999999,56.479,33.26
23.324999999999996,56.1829,31.06
23.326,56.3303,28.92
23.32699999999999,56.7882,26.86
23.327999999999996,57.2262,24.87
23.329,57.2446,22.96
23.32999999999999,56.8406,21.12
23.330999999999996,56.3781,19.36
23.332,56.2906,17.68
23.33299999999999,56.5284,16.08
23.333999999999996,56.7066,14.56
23.335,56.6738,13.13
23.33599999999999,56.3514,11.78
23.336999999999996,56.1944,10.52
23.338,56.4727,9.35
23.33899999999999,56.9348,8.26
23.339999999999996,56.9228,7.27
23.341,56.4749,6.37
23.34199999999999,56.0918,5.56
23.342999999999996,55.9715,4.85
23.344,55.963,4.23
23.34499999999999,56.0973,3.7
23.345999999999997,56.5544,3.27
23.347,56.6206,2.93
23.347999999999992,56.5465,2.69
23.348999999999997,56.5093,2.55
23.35,56.5683,2.5
23.350999999999992,56.8147,2.55
23.351999999999997,56.7696,2.69
23.353,56.4033,2.93
23.353999999999992,56.0543,3.27
23.354999999999997,55.818,3.7
23.356,56.0795,4.23
23.356999999999992,56.4067,4.85
23.357999999999997,56.4923,5.56
23.359,56.1839,6.37
23.359999999999992,56.1692,7.27
23.360999999999997,56.2182,8.26
23.362000000000002,56.5272,9.35
23.362999999999992,56.7147,10.52
23.363999999999997,56.8148,11.78
23.365000000000002,56.5352,13.13
23.365999999999993,56.2657,14.56
23.366999999999997,56.1212,16.08
23.368000000000002,56.1639,17.68
23.368999999999993,56.5111,19.36
23.369999999999997,56.315,21.12
23.371000000000002,56.2692,22.96
23.371999999999993,56.0857,24.87
23.372999999999998,56.5028,26.86
23.374000000000002,56.8478,28.92
23.374999999999993,57.0223,31.06
23.375999999999998,56.6405,33.26
23.377000000000002,56.403,35.52
23.377999999999993,56.1577,37.85
23.378999999999998,56.2309,40.24
23.380000000000003,56.3583,42.69
23.380999999999993,56.551,45.2
23.381999999999998,56.453,47.76
23.383000000000003,56.3323,50.37
23.383999999999993,56.4618,53.03
23.384999999999998,56.637,55.74
23.386000000000003,56.8851,58.49
23.386999999999993,56.7849,61.28
23.387999999999998,56.4131,64.11
23.389000000000003,56.1314,66.97
23.389999999999993,56.2735,69.87
23.391,56.5444,72.8
23.392000000000003,56.7952,75.75
23.392999999999994,56.6021,78.73
23.394,56.4996,81.73
23.395000000000003,56.2745,84.75
23.395999999999994,56.2973,87.78
23.397,56.6148,90.82
23.398000000000003,56.7371,93.88
23.398999999999994,56.4798,96.94
23.4,56.1474,100.0
23.401000000000003,56.032,103.06
23.401999999999994,56.3813,106.12
23.403,56.5957,109.18
23.404000000000003,56.6651,112.22
23.404999999999994,56.4059,115.25
23.406,56.2025,118.27
23.407000000000004,56.2805,121.27
23.407999999999994,56.4834,124.25
23.409,56.8471,127.2
23.410000000000004,56.8316,130.13
23.410999999999994,56.5573,133.03
23.412,56.0338,135.89
23.413000000000004,55.8539,138.72
23.413999999999994,55.9353,141.51
23.415,56.4114,144.26
23.416000000000004,56.5602,146.97
23.416999999999994,56.2959,149.63
23.418,55.9773,152.24
23.419000000000004,56.0721,154.8
23.419999999999995,56.591,157.31
23.421,56.6071,159.76
23.422000000000004,56.3635,162.15
23.422999999999995,56.0435,164.48
23.424,56.0723,166.74
23.425000000000004,56.2405,168.94
23.425999999999995,56.3807,171.07
23.427,56.4114,173.13
23.428000000000004,56.4165,175.12
23.428999999999995,56.21,177.04
23.43,56.2061,178.88
23.431000000000004,56.2849,180.64
23.431999999999995,56.6497,182.32
23.433,56.8135,183.92
23.43399999999999,56.6818,185.44
23.434999999999995,56.2869,186.87
23.436,56.1701,188.22
23.43699999999999,56.2893,189.48
23.437999999999995,56.5513,190.65
23.439,56.5365,191.74
23.43999999999999,56.3497,192.73
23.440999999999995,56.283,193.63
23.442,56.1642,194.44
23.44299999999999,56.5241,195.15
23.443999999999996,56.7676,195.77
23.445,56.771,196.3
23.44599999999999,56.2945,196.73
23.446999999999996,55.9505,197.07
23.448,56.0947,197.31
23.44899999999999,56.5183,197.45
23.449999999999996,56.7086,197.5
23.451,56.4675,197.45
23.45199999999999,56.1448,197.31
23.452999999999996,56.0826,197.07
23.454,56.5754,196.73
23.45499999999999,56.8916,196.3
23.455999999999996,56.7431,195.77
23.457,56.3144,195.15
23.45799999999999,55.9963,194.44
23.458999999999996,56.0139,193.63
23.46,56.26,192.73
23.46099999999999,56.4324,191.74
23.461999999999996,56.4523,190.65
23.463,56.2781,189.48
23.46399999999999,56.1324,188.22
23.464999999999996,56.3461,186.87
23.466,56.42,185.44
23.46699999999999,56.7678,183.92
23.467999999999996,56.7039,182.32
23.469,56.5587,180.64
23.46999999999999,56.156,178.88
23.470999999999997,56.1056,177.04
23.472,56.4136,175.12
23.472999999999992,56.5115,173.13
23.473999999999997,56.4728,171.07
23.475,56.4232,168.94
23.475999999999992,56.2356,166.74
23.476999999999997,56.3062,164.48
23.478,56.7296,162.15
23.478999999999992,56.7749,159.76
23.479999999999997,56.5003,157.31
23.481,56.0681,154.8
23.481999999999992,55.8108,152.24
23.482999999999997,56.0425,149.63
23.484,56.2643,146.97
23.484999999999992,56.7138,144.26
23.485999999999997,56.8083,141.51
23.487000000000002,56.4804,138.72
23.487999999999992,56.3493,135.89
23.488999999999997,56.4266,133.03
23.490000000000002,56.8379,130.13
23.490999999999993,56.9065,127.2
23.491999999999997,56.7813,124.25
23.493000000000002,56.4949,121.27
23.493999999999993,56.276,118.27
23.494999999999997,56.3347,115.25
23.496000000000002,56.7255,112.22
23.496999999999993,56.5303,109.18
23.497999999999998,56.4059,106.12
23.499000000000002,56.0338,103.06
23.499999999999993,56.2812,100.0
23.500999999999998,56.748,96.94
23.502000000000002,57.0982,93.88
23.502999999999993,56.896,90.82
23.503999999999998,56.279,87.78
23.505000000000003,55.922,84.75
23.505999999999993,56.073,81.73
23.506999999999998,56.35,78.73
23.508000000000003,56.3108,75.75
23.508999999999993,56.3616,72.8
23.509999999999998,56.188,69.87
23.511000000000003,56.4063,66.97
23.511999999999993,56.6119,64.11
23.512999999999998,56.9791,61.28
23.514000000000003,57.039,58.49
23.514999999999993,56.7753,55.74
23.516,56.2838,53.03
23.517000000000003,56.1339,50.37
23.517999999999994,56.3781,47.76
23.519,56.5523,45.2
23.520000000000003,56.4915,42.69
23.520999999999994,56.3877,40.24
23.522,56.1271,37.85
23.523000000000003,56.1963,35.52
23.523999999999994,56.4689,33.26
23.525,56.9832,31.06
23.526000000000003,57.0855,28.92
23.526999999999994,56.395,26.86
23.528,55.7158,24.87
23.529000000000003,55.6487,22.96
23.529999999999994,56.1461,21.12
23.531,56.5703,19.36
23.532000000000004,56.5311,17.68
23.532999999999994,56.3682,16.08
23.534,56.1534,14.56
23.535000000000004,56.4686,13.13
23.535999999999994,56.512,11.78
23.537,56.562,10.52
23.538000000000004,56.3338,9.35
23.538999999999994,56.3432,8.26
23.54,56.2149,7.27
23.541000000000004,56.2565,6.37
23.541999999999994,56.4798,5.56
23.543,56.7064,4.85
23.544000000000004,56.6826,4.23
23.544999999999995,56.5563,3.7
23.546,56.5043,3.27
23.547000000000004,56.5796,2.93
23.547999999999995,56.6808,2.69
23.549,56.714,2.55
23.550000000000004,56.3891,2.5
23.550999999999995,56.2513,2.55
23.552,56.0001,2.69
23.553000000000004,56.2952,2.93
23.553999999999995,56.4204,3.27
23.555,56.6412,3.7
23.556000000000004,56.6772,4.23
23.556999999999995,56.4316,4.85
23.558,56.7148,5.56
23.55899999999999,56.7158,6.37
23.559999999999995,56.8042,7.27
23.561,56.5836,8.26
23.56199999999999,56.176,9.35
23.562999999999995,55.7618,10.52
23.564,55.873,11.78
23.56499999999999,56.1346,13.13
23.565999999999995,56.2066,14.56
23.567,56.0003,16.08
23.56799999999999,55.988,17.68
23.568999999999996,56.3472,19.36
23.57,56.6909,21.12
23.57099999999999,56.9866,22.96
23.571999999999996,56.9004,24.87
23.573,56.778,26.86
23.57399999999999,56.2507,28.92
23.574999999999996,56.0605,31.06
23.576,56.2025,33.26
23.57699999999999,56.4895,35.52
23.577999999999996,56.635,37.85
23.579,56.3474,40.24
23.57999999999999,56.4636,42.69
23.580999999999996,56.4101,45.2
23.582,56.5262,47.76
23.58299999999999,56.6921,50.37
23.583999999999996,56.6765,53.03
23.585,56.4971,55.74
23.58599999999999,55.9498,58.49
23.586999999999996,55.9641,61.28
23.588,56.0783,64.11
23.58899999999999,56.6321,66.97
23.589999999999996,56.688,69.87
23.591,56.3201,72.8
23.59199999999999,55.9985,75.75
23.592999999999996,56.2199,78.73
23.594,56.7092,81.73
23.59499999999999,56.7054,84.75
23.595999999999997,56.5113,87.78
23.597,56.1933,90.82
23.597999999999992,56.0944,93.88
23.598999999999997,56.3303,96.94
23.6,56.7359,100.0
23.600999999999992,56.8164,103.06
23.601999999999997,56.3885,106.12
23.603,56.0403,109.18
23.603999999999992,56.203,112.22
23.604999999999997,56.2569,115.25
23.606,56.8495,118.27
23.606999999999992,56.8642,121.27
23.607999999999997,56.7279,124.25
23.609,56.2714,127.2
23.609999999999992,56.1564,130.13
23.610999999999997,56.3928,133.03
23.612000000000002,56.6695,135.89
23.612999999999992,56.5903,138.72
23.613999999999997,56.278,141.51
23.615000000000002,55.8865,144.26
23.615999999999993,56.0423,146.97
23.616999999999997,56.4499,149.63
23.618000000000002,56.7782,152.24
23.618999999999993,56.5688,154.8
23.619999999999997,56.2687,157.31
23.621000000000002,55.9023,159.76
23.621999999999993,55.9529,162.15
23.622999999999998,56.281,164.48
23.624000000000002,56.4992,166.74
23.624999999999993,56.4704,168.94
23.625999999999998,56.301,171.07
23.627000000000002,56.327,173.13
23.627999999999993,56.3638,175.12
23.628999999999998,56.7833,177.04
23.630000000000003,56.8161,178.88
23.630999999999993,56.8482,180.64
23.631999999999998,56.2659,182.32
23.633000000000003,56.0223,183.92
23.633999999999993,56.2886,185.44
23.634999999999998,56.5652,186.87
23.636000000000003,56.6886,188.22
23.636999999999993,56.5642,189.48
23.637999999999998,56.5096,190.65
23.639000000000003,56.3862,191.74
23.639999999999993,56.5863,192.73
23.641,56.7821,193.63
23.642000000000003,56.8547,194.44
23.642999999999994,56.3885,195.15
23.644,55.7873,195.77
23.645000000000003,55.7522,196.3
23.645999999999994,56.1898,196.73
23.647,56.539,197.07
23.648000000000003,56.4885,197.31
23.648999999999994,56.1971,197.45
23.65,56.2269,197.5
23.651000000000003,56.539,197.45
23.651999999999994,56.7176,197.31
23.653,56.8914,197.07
23.654000000000003,56.7682,196.73
23.654999999999994,56.1819,196.3
23.656,56.1614,195.77
23.657000000000004,56.0311,195.15
23.657999999999994,56.3152,194.44
23.659,56.3676,193.63
23.660000000000004,56.3571,192.73
23.660999999999994,56.1645,191.74
23.662,56.277,190.65
23.663000000000004,56.5776,189.48
23.663999999999994,57.1757,188.22
23.665,56.904,186.87
23.666000000000004,56.5335,185.44
23.666999999999994,56.0584,183.92
23.668,56.3171,182.32
23.669000000000004,56.416,180.64
23.669999999999995,56.5043,178.88
23.671,56.3899,177.04
23.672000000000004,56.1875,175.12
23.672999999999995,55.991,173.13
23.674,56.1891,171.07
23.675000000000004,56.5007,168.94
23.675999999999995,56.8297,166.74
23.677,56.6073,164.48
23.678000000000004,56.0868,162.15
23.678999999999995,55.8841,159.76
23.68,56.1224,157.31
23.681000000000004,56.493,154.8
23.681999999999995,56.851,152.24
23.683,56.6735,149.63
23.68399999999999,56.4672,146.97
23.684999999999995,56.4331,144.26
23.686,56.4403,141.51
23.68699999999999,56.9273,138.72
23.687999999999995,56.9495,135.89
23.689,56.5346,133.03
23.68999999999999,56.0281,130.13
23.690999999999995,56.1246,127.2
23.692,56.2909,124.25
23.69299999999999,56.4175,121.27
23.693999999999996,56.2796,118.27
23.695,56.1846,115.25
23.69599999999999,56.222,112.22
23.696999999999996,56.3815,109.18
23.698,56.5875,106.12
23.69899999999999,56.6228,103.06
23.699999999999996,56.297,100.0
23.701,56.0357,96.94
23.70199999999999,55.8818,93.88
23.702999999999996,55.9254,90.82
23.704,56.4634,87.78
23.70499999999999,56.7416,84.75
23.705999999999996,56.809,81.73
23.707,56.5319,78.73
23.70799999999999,56.2701,75.75
23.708999999999996,56.4716,72.8
23.71,56.9556,69.87
23.71099999999999,56.9367,66.97
23.711999999999996,56.6319,64.11
23.713,56.0972,61.28
23.71399999999999,56.0394,58.49
23.714999999999996,56.104,55.74
23.716,56.3267,53.03
23.71699999999999,56.2911,50.37
23.717999999999996,56.43,47.76
23.719,56.0019,45.2
23.71999999999999,56.215,42.69
23.720999999999997,56.6165,40.24
23.722,57.0766,37.85
23.722999999999992,56.781,35.52
23.723999999999997,56.4143,33.26
23.725,56.2182,31.06
23.725999999999992,56.3408,28.92
23.726999999999997,56.1741,26.86
23.728,56.1583,24.87
23.728999999999992,56.2668,22.96
23.729999999999997,56.3822,21.12
23.731,56.2478,19.36
23.731999999999992,56.3573,17.68
23.732999999999997,56.5134,16.08
23.734,56.8228,14.56
23.734999999999992,56.6891,13.13
23.735999999999997,56.5151,11.78
23.737000000000002,56.0227,10.52
23.737999999999992,56.1305,9.35
23.738999999999997,56.2204,8.26
23.740000000000002,56.7289,7.27
23.740999999999993,56.665,6.37
23.741999999999997,56.6009,5.56
23.743000000000002,56.4181,4.85
23.743999999999993,56.7327,4.23
23.744999999999997,56.7139,3.7
23.746000000000002,56.6383,3.27
23.746999999999993,56.0421,2.93
23.747999999999998,55.9109,2.69
23.749000000000002,55.7871,2.55
23.749999999999993,56.1276,2.5
23.750999999999998,56.5104,2.55
23.752000000000002,56.4614,2.69
23.752999999999993,56.417,2.93
23.753999999999998,55.9281,3.27
23.755000000000003,56.0826,3.7
23.755999999999993,56.1848,4.23
23.756999999999998,56.5786,4.85
23.758000000000003,56.6028,5.56
23.758999999999993,56.26,6.37
23.759999999999998,56.099,7.27
23.761000000000003,56.178,8.26
23.761999999999993,56.6248,9.35
23.762999999999998,56.7118,10.52
23.764000000000003,56.6761,11.78
23.764999999999993,56.3829,13.13
23.766,56.4622,14.56
23.767000000000003,56.7077,16.08
23.767999999999994,56.9406,17.68
23.769,56.9717,19.36
23.770000000000003,56.658,21.12
23.770999999999994,56.2183,22.96
23.772,55.8232,24.87
23.773000000000003,55.9883,26.86
23.773999999999994,56.3693,28.92
23.775,56.5624,31.06
23.776000000000003,56.1974,33.26
23.776999999999994,56.0342,35.52
23.778,56.1008,37.85
23.779000000000003,56.6174,40.24
23.779999999999994,56.7476,42.69
23.781,56.7976,45.2
23.782000000000004,56.5593,47.76
23.782999999999994,56.1005,50.37
23.784,55.7715,53.03
23.785000000000004,56.0783,55.74
23.785999999999994,56.3418,58.49
23.787,56.6904,61.28
23.788000000000004,56.4679,64.11
23.788999999999994,56.3152,66.97
23.79,56.1498,69.87
23.791000000000004,56.5616,72.8
23.791999999999994,56.6056,75.75
23.793,56.4612,78.73
23.794000000000004,55.988,81.73
23.794999999999995,55.7765,84.75
23.796,56.0538,87.78
23.797000000000004,56.2994,90.82
23.797999999999995,56.3728,93.88
23.799,56.4052,96.94
23.800000000000004,56.2855,100.0
23.800999999999995,56.2687,103.06
23.802,56.4214,106.12
23.803000000000004,56.6319,109.18
23.803999999999995,56.6791,112.22
23.805,56.475,115.25
23.806000000000004,55.954,118.27
23.806999999999995,55.9115,121.27
23.808,55.943,124.25
23.80899999999999,56.2058,127.2
23.809999999999995,56.2607,130.13
23.811,56.504,133.03
23.81199999999999,56.6325,135.89
23.812999999999995,56.8304,138.72
23.814,56.9081,141.51
23.81499999999999,56.8891,144.26
23.815999999999995,56.6994,146.97
23.817,56.1714,149.63
23.81799999999999,55.7638,152.24
23.818999999999996,55.725,154.8
23.82,55.9953,157.31
23.82099999999999,56.3434,159.76
23.821999999999996,56.4297,162.15
23.823,56.233,164.48
23.82399999999999,56.2199,166.74
23.824999999999996,56.4869,168.94
23.826,56.3877,171.07
23.82699999999999,56.6273,173.13
23.827999999999996,56.2648,175.12
23.829,56.2342,177.04
23.82999999999999,56.0955,178.88
23.830999999999996,56.3322,180.64
23.832,56.5713,182.32
23.83299999999999,56.6551,183.92
23.833999999999996,56.4201,185.44
23.835,56.2266,186.87
23.83599999999999,56.094,188.22
23.836999999999996,56.5429,189.48
23.838,56.6385,190.65
23.83899999999999,56.7689,191.74
23.839999999999996,56.1452,192.73
23.841,55.9267,193.63
23.84199999999999,55.9288,194.44
23.842999999999996,56.4603,195.15
23.844,56.6776,195.77
23.84499999999999,56.4611,196.3
23.845999999999997,56.3012,196.73
23.847,55.9799,197.07
23.847999999999992,55.9644,197.31
23.848999999999997,56.3962,197.45
23.85,56.6535,197.5
23.850999999999992,56.7264,197.45
23.851999999999997,56.3596,197.31
23.853,55.9439,197.07
23.853999999999992,56.1132,196.73
23.854999999999997,56.4879,196.3
23.856,56.7594,195.77
23.856999999999992,56.4603,195.15
23.857999999999997,56.2037,194.44
23.859,56.1693,193.63
23.859999999999992,56.5451,192.73
23.860999999999997,56.6845,191.74
23.862000000000002,56.7507,190.65
23.862999999999992,56.4469,189.48
23.863999999999997,56.0047,188.22
23.865000000000002,55.8015,186.87
23.865999999999993,55.9373,185.44
23.866999999999997,56.252,183.92
23.868000000000002,56.3037,182.32
23.868999999999993,56.0392,180.64
23.869999999999997,56.1103,178.88
23.871000000000002,56.4288,177.04
23.871999999999993,57.0742,175.12
23.872999999999998,57.0821,173.13
23.874000000000002,56.4561,171.07
23.874999999999993,55.7872,168.94
23.875999999999998,55.5064,166.74
23.877000000000002,55.9777,164.48
23.877999999999993,56.4481,162.15
23.878999999999998,56.6041,159.76
23.880000000000003,56.4428,157.31
23.880999999999993,56.0708,154.8
23.881999999999998,56.0434,152.24
23.883000000000003,56.4032,149.63
23.883999999999993,56.8654,146.97
23.884999999999998,56.7889,144.26
23.886000000000003,56.4137,141.51
23.886999999999993,55.9489,138.72
23.887999999999998,55.8753,135.89
23.889000000000003,56.1945,133.03
23.889999999999993,56.5686,130.13
23.891,56.6386,127.2
23.892000000000003,56.3729,124.25
23.892999999999994,56.1385,121.27
23.894,56.4438,118.27
23.895000000000003,56.5902,115.25
23.895999999999994,56.9073,112.22
23.897,56.8439,109.18
23.898000000000003,56.4971,106.12
23.898999999999994,56.1262,103.06
23.9,55.8951,100.0
23.901000000000003,56.1128,96.94
23.901999999999994,56.2231,93.88
23.903,56.471,90.82
23.904000000000003,56.2157,87.78
23.904999999999994,56.4963,84.75
23.906,56.6768,81.73
23.907000000000004,57.0016,78.73
23.907999999999994,56.6916,75.75
23.909,56.4073,72.8
23.910000000000004,56.2263,69.87
23.910999999999994,56.1107,66.97
23.912,56.2973,64.11
23.913000000000004,56.4374,61.28
23.913999999999994,56.4676,58.49
23.915,56.4399,55.74
23.916000000000004,56.1333,53.03
23.916999999999994,56.2301,50.37
23.918,56.3594,47.76
23.919000000000004,56.7801,45.2
23.919999999999995,56.6398,42.69
23.921,56.4449,40.24
23.922000000000004,56.058,37.85
23.922999999999995,55.9268,35.52
23.924,56.2222,33.26
23.925000000000004,56.5158,31.06
23.925999999999995,56.595,28.92
23.927,56.2961,26.86
23.928000000000004,55.9855,24.87
23.928999999999995,55.8788,22.96
23.93,56.3137,21.12
23.931000000000004,56.7079,19.36
23.931999999999995,56.6406,17.68
23.933,56.2135,16.08
23.93399999999999,55.7222,14.56
23.934999999999995,55.8278,13.13
23.936,56.2121,11.78
23.93699999999999,56.3944,10.52
23.937999999999995,56.2814,9.35
23.939,56.0879,8.26
23.93999999999999,56.185,7.27
23.940999999999995,56.382,6.37
23.942,56.5266,5.56
23.94299999999999,56.5367,4.85
23.943999999999996,56.5343,4.23
23.945,56.2774,3.7
23.94599999999999,56.2497,3.27
23.946999999999996,56.4224,2.93
23.948,56.7458,2.69
23.94899999999999,56.7909,2.55
23.949999999999996,56.3966,2.5
23.951,56.1974,2.55
23.95199999999999,56.4153,2.69
23.952999999999996,56.9854,2.93
23.954,57.1248,3.27
23.95499999999999,56.8984,3.7
23.955999999999996,56.3263,4.23
23.957,55.9594,4.85
23.95799999999999,56.1692,5.56
23.958999999999996,56.144,6.37
23.96,56.5784,7.27
23.96099999999999,56.7184,8.26
23.961999999999996,56.4624,9.35
23.963,56.4508,10.52
23.96399999999999,56.5448,11.78
23.964999999999996,56.9459,13.13
23.966,56.8175,14.56
23.96699999999999,56.5955,16.08
23.967999999999996,56.1989,17.68
23.969,56.1705,19.36
23.96999999999999,55.9227,21.12
23.970999999999997,56.149,22.96
23.972,56.0341,24.87
23.972999999999992,56.0749,26.86
23.973999999999997,55.7718,28.92
23.975,55.8482,31.06
23.975999999999992,56.0632,33.26
23.976999999999997,56.33,35.52
23.978,56.486,37.85
23.978999999999992,56.1075,40.24
23.979999999999997,55.7523,42.69
23.981,55.7098,45.2
23.981999999999992,56.15,47.76
23.982999999999997,56.5254,50.37
23.984,56.7108,53.03
23.984999999999992,56.4937,55.74
23.985999999999997,56.2653,58.49
23.987000000000002,56.2705,61.28
23.987999999999992,56.673,64.11
23.988999999999997,56.8558,66.97
23.990000000000002,56.8267,69.87
23.990999999999993,56.3069,72.8
23.991999999999997,55.9113,75.75
23.993000000000002,55.8503,78.73
23.993999999999993,56.2655,81.73
23.994999999999997,56.6852,84.75
23.996000000000002,56.5472,87.78
23.996999999999993,56.1873,90.82
23.997999999999998,56.0412,93.88
23.999000000000002,56.5449,96.94
23.999999999999993,56.9016,100.0
24.000999999999998,57.0337,103.06
24.002000000000002,56.4648,106.12
24.002999999999993,56.1289,109.18
24.003999999999998,55.8758,112.22
24.005000000000003,56.1946,115.25
24.005999999999993,56.3836,118.27
24.006999999999998,56.4035,121.27
24.008000000000003,56.3249,124.25
24.008999999999993,56.1914,127.2
24.009999999999998,56.2313,130.13
24.011000000000003,56.4397,133.03
24.011999999999993,56.7442,135.89
24.012999999999998,56.9151,138.72
24.014000000000003,56.6985,141.51
24.014999999999993,56.2989,144.26
24.016,56.1533,146.97
24.017000000000003,56.2395,149.63
24.017999999999994,56.5501,152.24
24.019,56.5453,154.8
24.020000000000003,56.2818,157.31
24.020999999999994,56.1635,159.76
24.022,56.4421,162.15
24.023000000000003,56.8731,164.48
24.023999999999994,56.9556,166.74
24.025,56.6599,168.94
24.026000000000003,56.3269,171.07
24.026999999999994,55.9106,173.13
24.028,56.0901,175.12
24.029000000000003,56.1565,177.04
24.029999999999994,56.3598,178.88
24.031,56.007,180.64
24.032000000000004,55.9605,182.32
24.032999999999994,55.7744,183.92
24.034,56.1725,185.44
24.035000000000004,56.5365,186.87
24.035999999999994,56.4357,188.22
24.037,56.3443,189.48
24.038000000000004,55.9211,190.65
24.038999999999994,56.069,191.74
24.04,56.0882,192.73
24.041000000000004,56.2883,193.63
24.041999999999994,56.4717,194.44
24.043,56.5153,195.15
24.044000000000004,56.375,195.77
24.044999999999995,56.4362,196.3
24.046,56.6562,196.73
24.047000000000004,56.8934,197.07
24.047999999999995,56.5854,197.31
24.049,56.1511,197.45
24.050000000000004,55.8225,197.5
24.050999999999995,56.0074,197.45
24.052,56.2552,197.31
24.053000000000004,56.5555,197.07
24.053999999999995,56.3827,196.73
24.055,56.0619,196.3
24.056000000000004,55.9876,195.77
24.056999999999995,56.1756,195.15
24.058,56.3361,194.44
24.05899999999999,56.5246,193.63
24.059999999999995,56.3098,192.73
24.061,56.0708,191.74
24.06199999999999,55.8162,190.65
24.062999999999995,55.9469,189.48
24.064,56.262,188.22
24.06499999999999,56.3577,186.87
24.065999999999995,56.1298,185.44
24.067,56.0462,183.92
24.06799999999999,56.2762,182.32
24.068999999999996,56.6811,180.64
24.07,56.7483,178.88
24.07099999999999,56.4347,177.04
24.071999999999996,55.9146,175.12
24.073,55.7542,173.13
24.07399999999999,55.6611,171.07
24.074999999999996,56.094,168.94
24.076,56.3289,166.74
24.07699999999999,56.2924,164.48
24.077999999999996,56.1102,162.15
24.079,56.1739,159.76
24.07999999999999,56.4889,157.31
24.080999999999996,56.9363,154.8
24.082,56.7626,152.24
24.08299999999999,56.3857,149.63
24.083999999999996,55.9509,146.97
24.085,56.0317,144.26
24.08599999999999,56.1059,141.51
24.086999999999996,56.4166,138.72
24.088,56.1625,135.89
24.08899999999999,56.0689,133.03
24.089999999999996,55.9158,130.13
24.091,56.0486,127.2
24.09199999999999,56.3269,124.25
24.092999999999996,56.4583,121.27
24.094,56.4195,118.27
24.09499999999999,55.993,115.25
24.095999999999997,55.6333,112.22
24.097,55.4232,109.18
24.097999999999992,55.9078,106.12
24.098999999999997,56.3307,103.06
24.1,56.439,100.0
24.100999999999992,56.1105,96.94
24.101999999999997,56.1152,93.88
24.103,56.48,90.82
24.103999999999992,56.8911,87.78
24.104999999999997,56.9229,84.75
24.106,56.8341,81.73
24.106999999999992,56.2188,78.73
24.107999999999997,55.9007,75.75
24.109,55.7744,72.8
24.109999999999992,56.1661,69.87
24.110999999999997,56.1963,66.97
24.112000000000002,56.41,64.11
24.112999999999992,56.2878,61.28
24.113999999999997,56.5121,58.49
24.115000000000002,56.5758,55.74
24.115999999999993,56.6448,53.03
24.116999999999997,56.4714,50.37
24.118000000000002,56.201,47.76
24.118999999999993,55.8798,45.2
24.119999999999997,55.9442,42.69
24.121000000000002,56.0282,40.24
24.121999999999993,56.3091,37.85
24.122999999999998,56.4971,35.52
24.124000000000002,56.1971,33.26
24.124999999999993,56.1097,31.06
24.125999999999998,56.2334,28.92
24.127000000000002,56.5951,26.86
24.127999999999993,56.8151,24.87
24.128999999999998,56.5518,22.96
24.130000000000003,56.2066,21.12
24.130999999999993,55.8384,19.36
24.131999999999998,55.9664,17.68
24.133000000000003,56.1704,16.08
24.133999999999993,56.4411,14.56
24.134999999999998,56.3529,13.13
24.136000000000003,56.1855,11.78
24.136999999999993,55.9831,10.52
24.137999999999998,56.0675,9.35
24.139000000000003,56.3886,8.26
24.139999999999993,56.4162,7.27
24.141,56.2284,6.37
24.142000000000003,56.1161,5.56
24.142999999999994,55.9446,4.85
24.144,55.92,4.23
