time_s,force
6.729,0.1398
6.73,0.3801
6.731,0.3074
6.732,0.0625
6.733,-0.0001
6.734,0.1909
6.735,0.6038
6.736,1.0437
6.737,1.5361
6.738,1.7395
6.739,2.0507
6.74,1.8671
6.741,1.9284
6.742,1.9313
6.743,2.3639
6.744,2.7694
6.745,3.2572
6.746,3.4369
6.747,3.7158
6.748,3.7585
6.749,3.7364
6.75,3.9854
6.751,4.0873
6.752,4.5426
6.753,4.9098
6.754,5.041
6.755,5.0169
6.756,5.2606
6.757,5.2598
6.758,5.4355
6.759,5.3148
6.76,5.6535
6.761,5.9798
6.762,6.3898
6.763,6.4765
6.764,6.429
6.765,6.3075
6.766,6.3541
6.767,6.4729
6.768,6.8841
6.769,7.1565
6.77,7.342
6.771,7.4214
6.772,7.431
6.773,7.2881
6.774,7.157
6.775,7.331
6.776,7.6596
6.777,8.0645
6.778,7.9727
6.779,7.8902
6.78,7.6502
6.781,7.7123
6.782,7.786
6.783,8.0378
6.784,8.4019
6.785,8.5073
6.786,8.4688
6.787,8.3446
6.788,8.3312
6.789,8.1222
6.79,8.1196
6.791,8.0465
6.792,8.2786
6.793,8.478
6.794,8.7232
6.795,8.7815
6.796,8.6549
6.797,8.4938
6.798,8.4243
6.799,8.6533
6.8,8.8674
6.801,8.9909
6.802,9.0941
6.803,9.0025
6.804,8.5922
6.805,8.4822
6.806,8.6988
6.807,8.9237
6.808,9.0176
6.809,9.0965
6.81,9.0657
6.811,8.9573
6.812,8.7337
6.813,8.8701
6.814,8.9155
6.815,9.0398
6.816,9.2759
6.817,9.3393
6.818,9.562
6.819,9.2692
6.82,9.1465
6.821,8.6836
6.822,8.7738
6.823,8.6888
6.824,9.0395
6.825,9.6221
6.826,10.1594
6.827,10.1323
6.828,9.5664
6.829,9.2507
6.83,9.0177
6.831,9.1758
6.832,9.6483
6.833,9.6784
6.834,9.8731
6.835,9.7635
6.836,9.2428
6.837,8.9303
6.838,8.665
6.839,8.9311
6.84,9.1868
6.841,9.4048
6.842,9.6815
6.843,9.5212
6.844,9.4944
6.845,9.318
6.846,9.0952
6.847,8.971
6.848,9.3323
6.849,9.3102
6.85,9.5358
6.851,9.5699
6.852,9.4568
6.853,9.2503
6.854,9.0249
6.855,9.1651
6.856,9.3418
6.857,9.6388
6.858,9.6757
6.859,9.568
6.86,9.3652
6.861,9.2019
6.862,9.158
6.863,9.2719
6.864,9.6376
6.865,9.8381
6.866,9.9019
6.867,9.6893
6.868,9.4862
6.869,9.4405
6.87,9.3989
6.871,9.4417
6.872,9.4296
6.873,9.7452
6.874,10.002
6.875,9.7634
6.876,9.6234
6.877,9.2519
6.878,9.4507
6.879,9.3353
6.88,9.6923
6.881,9.7923
6.882,10.034
6.883,10.0962
6.884,10.0043
6.885,9.6516
6.886,9.5595
6.887,9.4995
6.888,9.5478
6.889,9.5937
6.89,9.5554
6.891,9.591
6.892,9.5513
6.893,9.3872
6.894,9.3432
6.895,9.5034
6.896,9.858
6.897,10.1259
6.898,10.4106
6.899,10.6152
6.9,10.344
6.901,9.9064
6.902,9.3017
6.903,9.3172
6.904,9.6786
6.905,9.9511
6.906,10.1533
6.907,10.0769
6.908,9.8949
6.909,9.4946
6.91,9.3251
6.911,9.4164
6.912,9.84
6.913,10.0746
6.914,10.1771
6.915,9.9375
6.916,9.6962
6.917,9.4453
6.918,9.4437
6.919,9.5711
6.92,9.7732
6.921,10.029
6.922,10.2229
6.923,10.2104
6.924,9.9888
6.925,9.6301
6.926,9.5924
6.927,9.6663
6.928,10.1411
6.929,10.123
6.93,10.0621
6.931,9.9171
6.932,9.8791
6.933,9.6986
6.934,9.5914
6.935,9.4749
6.936,9.5654
6.937,9.7491
6.938,9.7378
6.939,9.7538
6.94,9.4446
6.941,9.4756
6.942,9.6359
6.943,9.7933
6.944,9.9528
6.945,10.1149
6.946,10.1427
6.947,10.2725
6.948,10.2317
6.949,9.9379
6.95,9.7409
6.951,9.7614
6.952,9.9668
6.953,10.2878
6.954,10.1431
6.955,10.1183
6.956,9.8491
6.957,9.5948
6.958,9.2487
6.959,9.4287
6.96,9.8522
6.961,10.1978
6.962,9.9923
6.963,10.0861
6.964,10.0849
6.965,10.0849
6.966,9.943
6.967,9.707
6.968,9.9297
6.969,10.1684
6.97,10.4065
6.971,10.2779
6.972,9.8917
6.973,9.7357
6.974,9.5331
6.975,9.5903
6.976,9.6562
6.977,9.8775
6.978,10.105
6.979,10.16
6.98,10.022
6.981,9.6884
6.982,9.5447
6.983,9.5939
6.984,9.7139
6.985,9.9234
6.986,10.0404
6.987,10.0667
6.988,9.7649
6.989,9.4311
6.99,9.452
6.991,9.4711
6.992,9.7786
6.993,9.847
6.994,9.8276
6.995,9.9465
6.996,9.9189
6.997,9.7266
6.998,9.5459
6.999,9.4884
7.0,9.9092
7.001,10.2168
7.002,10.6926
7.003,10.6958
7.004,10.5048
7.005,10.0509
7.006,9.7981
7.007,9.5943
7.008,9.809
7.009,9.959
7.01,10.0104
7.011,10.027
7.012,10.0716
7.013,9.9729
7.014,9.6876
7.015,9.4678
7.016,9.5349
7.017,9.8316
7.018,10.1747
7.019,10.4214
7.02,10.2054
7.021,10.0455
7.022,9.9796
7.023,10.2331
7.024,10.372
7.025,10.4786
7.026,10.3343
7.027,10.0955
7.028,10.1141
7.029,9.873
7.03,9.7046
7.031,9.5987
7.032,9.7532
7.033,10.1123
7.034,10.0643
7.035,9.9307
7.036,9.7352
7.037,9.7549
7.038,9.5999
7.039,9.4658
7.04,9.4483
7.041,9.6489
7.042,9.9676
7.043,10.1282
7.044,10.2639
7.045,9.9036
7.046,9.5273
7.047,9.5782
7.048,9.6452
7.049,10.0314
7.05,10.2656
7.051,10.5353
7.052,10.5305
7.053,10.181
7.054,9.8592
7.055,9.8532
7.056,9.9461
7.057,10.1933
7.058,10.2425
7.059,10.0511
7.06,10.0061
7.061,10.0233
7.062,9.933
7.063,9.7767
7.064,9.6561
7.065,9.7809
7.066,9.9934
7.067,10.1655
7.068,10.1265
7.069,10.1014
7.07,9.914
7.071,9.7697
7.072,9.8421
7.073,10.1747
7.074,10.3421
7.075,10.1555
7.076,10.1164
7.077,9.8186
7.078,9.5506
7.079,9.3835
7.08,9.3822
7.081,10.041
7.082,10.2908
7.083,10.3388
7.084,10.0022
7.085,9.8021
7.086,9.8668
7.087,9.7376
7.088,9.775
7.089,10.1777
7.09,10.3093
7.091,10.5153
7.092,10.3499
7.093,10.0399
7.094,9.6752
7.095,9.6276
7.096,9.5892
7.097,10.0198
7.098,10.2128
7.099,10.141
7.1,9.9624
7.101,9.802
7.102,9.9385
7.103,9.7687
7.104,9.7312
7.105,9.9545
7.106,10.1159
7.107,10.3186
7.108,10.4512
7.109,10.051
7.11,9.6248
7.111,9.1513
7.112,9.0592
7.113,9.6352
7.114,9.959
7.115,10.2788
7.116,10.049
7.117,9.8888
7.118,9.7018
7.119,9.6136
7.12,9.8333
7.121,10.218
7.122,10.3702
7.123,10.419
7.124,10.3148
7.125,10.0662
7.126,9.8918
7.127,9.6605
7.128,9.8576
7.129,10.0822
7.13,10.2853
7.131,10.2401
7.132,10.0533
7.133,9.9433
7.134,9.6623
7.135,9.8448
7.136,9.6804
7.137,10.0725
7.138,10.0166
7.139,10.062
7.14,10.1025
7.141,10.056
7.142,9.8707
7.143,9.9043
7.144,9.7997
7.145,9.9015
7.146,9.9561
7.147,10.2054
7.148,10.0634
7.149,9.869
7.15,9.6925
7.151,9.8073
7.152,9.6726
7.153,9.9935
7.154,10.119
7.155,10.2345
7.156,10.2474
7.157,9.8948
7.158,9.6757
7.159,9.5505
7.16,9.5537
7.161,9.606
7.162,9.8615
7.163,10.1377
7.164,10.2093
7.165,9.9409
7.166,9.6556
7.167,9.5945
7.168,9.8292
7.169,10.1497
7.17,10.4098
7.171,10.3662
7.172,10.2519
7.173,9.8552
7.174,9.4742
7.175,9.4071
7.176,9.4235
7.177,9.5588
7.178,9.8334
7.179,9.9999
7.18,9.9954
7.181,9.6426
7.182,9.6122
7.183,9.6437
7.184,9.8217
7.185,10.1937
7.186,10.3712
7.187,10.5946
7.188,10.6805
7.189,10.2755
7.19,9.8698
7.191,9.7716
7.192,9.9143
7.193,10.0338
7.194,10.0801
7.195,9.9965
7.196,9.8743
7.197,9.8228
7.198,9.8195
7.199,9.8717
7.2,9.7558
7.201,10.1194
7.202,10.0008
7.203,10.0825
7.204,10.0134
7.205,9.932
7.206,9.6364
7.207,9.6276
7.208,9.667
7.209,9.8208
7.21,10.0393
7.211,10.1922
7.212,10.2842
7.213,10.0115
7.214,9.7648
7.215,9.5878
7.216,9.499
7.217,9.7023
7.218,10.0966
7.219,10.0008
7.22,10.1446
7.221,10.1728
7.222,9.9745
7.223,9.9752
7.224,9.8595
7.225,10.0647
7.226,10.1337
7.227,10.1738
7.228,10.0741
7.229,10.1822
7.23,9.7754
7.231,9.6965
7.232,9.4025
7.233,9.8262
7.234,10.1633
7.235,10.4169
7.236,10.5119
7.237,10.2185
7.238,10.0336
7.239,9.74
7.24,9.6568
7.241,9.6681
7.242,9.8664
7.243,10.0073
7.244,10.0024
7.245,9.929
7.246,9.8599
7.247,9.7415
7.248,9.6489
7.249,10.0897
7.25,10.1175
7.251,10.1261
7.252,10.2007
7.253,10.3184
7.254,10.3011
7.255,10.0067
7.256,9.7913
7.257,9.7413
7.258,10.1286
7.259,10.2259
7.26,10.0682
7.261,9.5894
7.262,9.3412
7.263,9.3199
7.264,9.4145
7.265,9.7535
7.266,9.9449
7.267,9.8976
7.268,10.2072
7.269,10.11
7.27,9.9899
7.271,9.5602
7.272,9.5894
7.273,9.8454
7.274,10.3753
7.275,10.4677
7.276,10.5675
7.277,10.1307
7.278,9.9084
7.279,9.6437
7.28,9.8056
7.281,9.8781
7.282,10.0951
7.283,10.1662
7.284,9.9651
7.285,9.8007
7.286,9.5347
7.287,9.467
7.288,9.5864
7.289,9.8724
7.29,9.9657
7.291,10.1904
7.292,9.9778
7.293,10.034
7.294,9.8161
7.295,9.8949
7.296,9.7575
7.297,9.8809
7.298,10.0822
7.299,10.1119
7.3,10.3827
7.301,10.249
7.302,9.9661
7.303,9.856
7.304,9.736
7.305,9.7585
7.306,9.9526
7.307,10.3338
7.308,10.449
7.309,10.1307
7.31,9.8243
7.311,9.6939
7.312,9.848
7.313,10.1328
7.314,10.212
7.315,10.2819
7.316,10.2269
7.317,10.1029
7.318,9.8685
7.319,9.6263
7.32,9.5603
7.321,9.8962
7.322,10.1594
7.323,10.3407
7.324,10.218
7.325,10.1536
7.326,9.9786
7.327,9.8643
7.328,9.604
7.329,9.6577
7.33,9.8796
7.331,9.9234
7.332,9.9927
7.333,10.0023
7.334,9.9063
7.335,9.6037
7.336,9.4844
7.337,9.4837
7.338,9.8631
7.339,10.0264
7.34,10.19
7.341,10.1282
7.342,10.0278
7.343,9.7756
7.344,10.0221
7.345,10.2616
7.346,10.7003
7.347,10.6864
7.348,10.4477
7.349,10.3201
7.35,10.0402
7.351,9.7619
7.352,9.5244
7.353,9.5397
7.354,9.8944
7.355,10.0109
7.356,10.1081
7.357,9.9138
7.358,9.6955
7.359,9.4872
7.36,9.4214
7.361,9.6907
7.362,9.9595
7.363,10.041
7.364,10.1573
7.365,10.2305
7.366,10.1097
7.367,10.1162
7.368,9.92
7.369,10.1813
7.37,10.0132
7.371,10.2658
7.372,10.1617
7.373,10.1895
7.374,9.8468
7.375,9.3803
7.376,9.4022
7.377,9.6984
7.378,10.24
7.379,10.3572
7.38,10.2153
7.381,10.2989
7.382,10.0942
7.383,10.0648
7.384,10.0364
7.385,10.0573
7.386,10.263
7.387,10.0393
7.388,10.1126
7.389,10.0305
7.39,9.8392
7.391,9.6229
7.392,9.4418
7.393,9.8594
7.394,10.1102
7.395,10.1712
7.396,10.0517
7.397,10.0227
7.398,9.8516
7.399,9.703
7.4,9.4469
7.401,9.5366
7.402,9.7823
7.403,10.1769
7.404,10.2803
7.405,10.0429
7.406,9.6387
7.407,9.4236
7.408,9.5378
7.409,9.9232
7.41,10.1966
7.411,10.3914
7.412,10.4753
7.413,10.4414
7.414,10.3133
7.415,9.8506
7.416,9.4395
7.417,9.5468
7.418,10.0778
7.419,10.6264
7.42,10.5673
7.421,10.4904
7.422,10.2408
7.423,10.1786
7.424,9.9904
7.425,9.9638
7.426,10.0986
7.427,10.1527
7.428,10.3087
7.429,10.3382
7.43,9.9985
7.431,9.4317
7.432,9.4665
7.433,9.8164
7.434,10.1347
7.435,10.188
7.436,10.1209
7.437,9.8567
7.438,9.6465
7.439,9.4211
7.44,9.4784
7.441,9.4375
7.442,9.6593
7.443,9.8968
7.444,10.1073
7.445,10.2073
7.446,9.7862
7.447,9.4763
7.448,9.4345
7.449,9.7073
7.45,10.0603
7.451,10.2487
7.452,10.3684
7.453,10.022
7.454,9.8238
7.455,9.5533
7.456,9.5813
7.457,9.6617
7.458,9.9318
7.459,10.2104
7.46,10.4908
7.461,10.4303
7.462,10.0293
7.463,9.6901
7.464,9.413
7.465,9.7539
7.466,9.7525
7.467,10.1969
7.468,9.9808
7.469,9.8715
7.47,9.8314
7.471,9.9292
7.472,9.8186
7.473,9.7123
7.474,9.9502
7.475,10.0533
7.476,10.4057
7.477,10.3009
7.478,10.1137
7.479,9.7895
7.48,9.6742
7.481,9.7269
7.482,9.9164
7.483,10.1865
7.484,10.2673
7.485,10.2676
7.486,10.1606
7.487,9.9117
7.488,9.5344
7.489,9.657
7.49,9.9319
7.491,10.1652
7.492,10.4075
7.493,10.3401
7.494,10.1454
7.495,9.8714
7.496,9.9479
7.497,9.8349
7.498,9.8799
7.499,9.9614
7.5,10.1717
7.501,10.0122
7.502,9.5911
7.503,9.3668
7.504,9.2514
7.505,9.4408
7.506,9.5587
7.507,10.2503
7.508,10.4459
7.509,10.4575
7.51,10.0624
7.511,9.8183
7.512,9.8018
7.513,9.8549
7.514,10.1612
7.515,10.4204
7.516,10.5266
7.517,10.3879
7.518,10.0497
7.519,9.9556
7.52,9.9233
7.521,9.9172
7.522,10.1036
7.523,10.1819
7.524,10.2251
7.525,10.4407
7.526,10.3422
7.527,10.2742
7.528,9.9051
7.529,9.6767
7.53,9.63
7.531,9.9172
7.532,10.06
7.533,10.185
7.534,10.1722
7.535,10.0219
7.536,9.8429
7.537,9.6671
7.538,10.1964
7.539,10.358
7.54,10.3755
7.541,10.4845
7.542,10.3058
7.543,10.1078
7.544,9.95
7.545,10.0366
7.546,10.0692
7.547,10.1723
7.548,10.1633
7.549,10.3713
7.55,10.2001
7.551,9.829
7.552,9.4385
7.553,9.705
7.554,10.2916
7.555,10.5934
7.556,10.3462
7.557,10.121
7.558,9.9468
7.559,9.7731
7.56,9.4874
7.561,9.3224
7.562,9.4513
7.563,9.6848
7.564,10.1323
7.565,10.2603
7.566,10.2502
7.567,9.8523
7.568,9.6753
7.569,9.8305
7.57,9.8605
7.571,9.9825
7.572,10.156
7.573,10.2412
7.574,10.2616
7.575,10.0645
7.576,9.813
7.577,9.5119
7.578,9.5049
7.579,9.76
7.58,9.957
7.581,10.1711
7.582,9.9502
7.583,9.8347
7.584,9.6081
7.585,9.7135
7.586,9.9723
7.587,10.2599
7.588,10.5854
7.589,10.568
7.59,10.3458
7.591,9.8291
7.592,9.666
7.593,9.6534
7.594,9.9338
7.595,10.1096
7.596,10.1866
7.597,10.2476
7.598,10.0761
7.599,9.8294
7.6,9.4488
7.601,9.3598
7.602,9.4654
7.603,9.9208
7.604,10.1194
7.605,10.3055
7.606,10.1428
7.607,9.7129
7.608,9.629
7.609,9.7149
7.61,10.116
7.611,10.3622
7.612,10.4501
7.613,10.3338
7.614,10.3057
7.615,10.0307
7.616,9.8838
7.617,9.7689
7.618,9.7058
7.619,10.0215
7.62,9.9098
7.621,9.7398
7.622,9.7754
7.623,9.6971
7.624,9.4921
7.625,9.342
7.626,9.5096
7.627,9.8588
7.628,10.1464
7.629,10.2936
7.63,10.2449
7.631,10.0978
7.632,9.8484
7.633,9.8283
7.634,9.958
7.635,10.2727
7.636,10.5178
7.637,10.4222
7.638,10.3224
7.639,10.133
7.64,9.7582
7.641,9.6305
7.642,9.6793
7.643,10.0856
7.644,10.2561
7.645,10.1558
7.646,9.8878
7.647,9.6053
7.648,9.5057
7.649,9.7227
7.65,9.956
7.651,10.2605
7.652,10.3524
7.653,10.4121
7.654,10.5472
7.655,10.1161
7.656,9.8848
7.657,9.6007
7.658,9.9401
7.659,10.0822
7.66,10.1876
7.661,10.1872
7.662,10.0785
7.663,9.9226
7.664,9.6878
7.665,9.4827
7.666,9.4781
7.667,9.8652
7.668,10.0268
7.669,10.1467
7.67,10.5281
7.671,10.0084
7.672,9.7917
7.673,9.4839
7.674,9.8308
7.675,10.2102
7.676,10.4329
7.677,10.5434
7.678,10.3508
7.679,10.1703
7.68,9.8872
7.681,9.7215
7.682,9.7392
7.683,9.9996
7.684,10.3298
7.685,10.1266
7.686,10.1061
7.687,9.8269
7.688,9.9438
7.689,9.9943
7.69,9.837
7.691,9.7953
7.692,9.8172
7.693,9.9087
7.694,9.8698
7.695,9.7212
7.696,9.576
7.697,9.5323
7.698,9.5191
7.699,10.1425
7.7,10.2613
7.701,10.6275
7.702,10.3218
7.703,10.0395
7.704,9.6403
7.705,9.5906
7.706,9.729
7.707,9.9465
7.708,10.2916
7.709,10.4783
7.71,10.3469
7.711,10.0473
7.712,9.8664
7.713,9.7532
7.714,9.9326
7.715,10.0302
7.716,10.1147
7.717,10.0272
7.718,10.0156
7.719,9.746
7.72,9.6479
7.721,9.6318
7.722,9.6952
7.723,9.7983
7.724,9.9841
7.725,9.9606
7.726,9.84
7.727,9.713
7.728,9.8743
7.729,10.0465
7.73,10.0613
7.731,10.3231
7.732,10.5239
7.733,10.5003
7.734,10.5626
7.735,10.3445
7.736,10.1356
7.737,9.8374
7.738,9.9102
7.739,9.8564
7.74,10.1276
7.741,10.17
7.742,10.1512
7.743,9.9654
7.744,9.8038
7.745,9.8428
7.746,9.8406
7.747,10.2125
7.748,10.3314
7.749,10.4398
7.75,10.2874
7.751,9.8509
7.752,9.6675
7.753,9.4685
7.754,9.6813
7.755,9.8101
7.756,10.2317
7.757,10.4071
7.758,10.3332
7.759,9.9544
7.76,9.8197
7.761,9.6577
7.762,9.8304
7.763,10.0769
7.764,10.0975
7.765,10.3115
7.766,10.1346
7.767,9.9533
7.768,9.674
7.769,9.653
7.77,9.4878
7.771,9.7918
7.772,9.763
7.773,9.988
7.774,9.7941
7.775,9.7328
7.776,9.5879
7.777,9.3964
7.778,9.654
7.779,10.2046
7.78,10.3551
7.781,10.2271
7.782,9.985
7.783,9.8991
7.784,9.9045
7.785,9.8587
7.786,10.0217
7.787,10.4242
7.788,10.7123
7.789,10.5557
7.79,10.2851
7.791,10.0158
7.792,9.7808
7.793,9.7496
7.794,9.579
7.795,9.9171
7.796,9.8805
7.797,9.9985
7.798,10.0764
7.799,10.0191
7.8,9.7691
7.801,9.5423
7.802,9.4994
7.803,9.7275
7.804,10.1221
7.805,10.3804
7.806,10.173
7.807,9.8736
7.808,9.6424
7.809,9.6691
7.81,9.6642
7.811,9.9957
7.812,10.1626
7.813,10.3064
7.814,10.4182
7.815,10.054
7.816,10.1878
7.817,9.7984
7.818,9.9591
7.819,10.1555
7.82,10.3875
7.821,10.386
7.822,10.1005
7.823,9.8555
7.824,9.6459
7.825,9.6128
7.826,9.7141
7.827,10.2624
7.828,10.2547
7.829,10.4048
7.83,10.0136
7.831,10.1186
7.832,9.7929
7.833,9.777
7.834,9.6257
7.835,9.5454
7.836,9.6971
7.837,9.8661
7.838,10.0607
7.839,10.0763
7.84,9.9808
7.841,9.8118
7.842,9.9842
7.843,10.2091
7.844,10.2734
7.845,10.2909
7.846,10.2728
7.847,10.2261
7.848,9.7772
7.849,9.7634
7.85,9.645
7.851,10.0005
7.852,10.2243
7.853,10.3892
7.854,10.503
7.855,10.0683
7.856,9.9561
7.857,9.8276
7.858,9.9628
7.859,10.2489
7.86,10.3965
7.861,10.1324
7.862,10.4907
7.863,10.0097
7.864,9.9139
7.865,9.4653
7.866,9.551
7.867,9.6423
7.868,9.8977
7.869,10.2112
7.87,10.1491
7.871,10.0658
7.872,9.7841
7.873,9.8283
7.874,9.821
7.875,9.9816
7.876,10.2382
7.877,10.354
7.878,10.4793
7.879,10.2733
7.88,9.8812
7.881,9.515
7.882,9.4355
7.883,9.5857
7.884,9.9141
7.885,10.2488
7.886,10.2623
7.887,10.2045
7.888,9.8496
7.889,9.9613
7.89,9.8413
7.891,10.0696
7.892,10.2767
7.893,10.2189
7.894,10.1517
7.895,9.7564
7.896,9.5234
7.897,9.5324
7.898,9.5424
7.899,9.7169
7.9,9.8607
7.901,10.2563
7.902,10.3932
7.903,10.2183
7.904,9.8302
7.905,9.6517
7.906,9.7467
7.907,9.9801
7.908,10.2594
7.909,10.317
7.91,10.2366
7.911,10.1479
7.912,9.9447
7.913,9.8515
7.914,9.842
7.915,9.9027
7.916,10.1131
7.917,10.3041
7.918,10.2717
7.919,10.1593
7.92,9.8951
7.921,9.7756
7.922,9.6641
7.923,9.9006
7.924,10.196
7.925,10.4193
7.926,10.2597
7.927,10.1707
7.928,9.8176
7.929,9.8696
7.93,9.7624
7.931,9.6459
7.932,9.8565
7.933,10.1092
7.934,10.406
7.935,10.1323
7.936,9.941
7.937,9.9246
7.938,9.9622
7.939,9.9786
7.94,10.1334
7.941,10.0246
7.942,9.9112
7.943,9.91
7.944,9.6752
7.945,9.6365
7.946,9.5634
7.947,9.6866
7.948,9.8596
7.949,10.0611
7.95,10.1856
7.951,10.2182
7.952,9.9363
7.953,9.8838
7.954,9.5658
7.955,9.9084
7.956,10.0483
7.957,10.1175
7.958,10.0972
7.959,9.9781
7.96,9.8163
7.961,9.7552
7.962,9.7784
7.963,9.9037
7.964,9.98
7.965,10.1932
7.966,10.3969
7.967,10.3543
7.968,10.0166
7.969,9.9205
7.97,9.7227
7.971,9.9725
7.972,10.334
7.973,10.2552
7.974,10.3269
7.975,10.1101
7.976,9.8346
7.977,9.8221
7.978,9.755
7.979,9.777
7.98,9.8132
7.981,9.9991
7.982,10.1475
7.983,9.9385
7.984,9.7547
7.985,9.5666
7.986,9.6675
7.987,9.9059
7.988,10.2314
7.989,10.3468
7.99,10.151
7.991,10.1063
7.992,9.7208
7.993,9.7976
7.994,9.5688
7.995,9.8192
7.996,9.9621
7.997,10.4413
7.998,10.5234
7.999,10.3885
8.0,10.1282
8.001,9.854
8.002,9.8685
8.003,10.0469
8.004,10.4422
8.005,10.5747
8.006,10.5405
8.007,10.2015
8.008,9.6151
8.009,9.6436
8.01,9.5641
8.011,9.9967
8.012,9.9106
8.013,10.1965
8.014,10.1457
8.015,9.9025
8.016,9.697
8.017,9.606
8.018,9.6939
8.019,9.9427
8.02,10.2543
8.021,10.4672
8.022,10.4624
8.023,10.3855
8.024,10.0992
8.025,10.0378
8.026,9.7829
8.027,9.8108
8.028,9.9643
8.029,10.1226
8.03,10.1143
8.031,9.9718
8.032,9.7713
8.033,9.7035
8.034,9.7452
8.035,10.1667
8.036,10.5908
8.037,10.7399
8.038,10.6795
8.039,10.4224
8.04,9.8106
8.041,9.5319
8.042,9.2632
8.043,9.4512
8.044,9.7067
8.045,9.9071
8.046,10.0343
8.047,9.8831
8.048,9.7077
8.049,9.4717
8.05,9.349
8.051,9.4501
8.052,10.0183
8.053,10.0731
8.054,10.3475
8.055,10.3469
8.056,10.3327
8.057,9.894
8.058,9.8811
8.059,9.8021
8.06,10.2321
8.061,10.3507
8.062,10.3323
8.063,10.3718
8.064,10.0994
8.065,10.0875
8.066,9.648
8.067,9.6258
8.068,9.9279
8.069,10.1517
8.07,10.2845
8.071,10.1783
8.072,9.8406
8.073,9.511
8.074,9.6918
8.075,9.8771
8.076,10.1921
8.077,10.1383
8.078,10.1764
8.079,10.1694
8.08,9.8932
8.081,9.7658
8.082,9.6694
8.083,9.913
8.084,10.2326
8.085,10.4225
8.086,10.492
8.087,10.216
8.088,10.0525
8.089,9.7926
8.09,9.8628
8.091,9.7826
8.092,9.9622
8.093,10.2523
8.094,10.1953
8.095,9.9903
8.096,9.5033
8.097,9.4225
8.098,9.3732
8.099,9.653
8.1,10.0512
8.101,10.3689
8.102,10.3205
8.103,10.2465
8.104,9.7892
8.105,9.6269
8.106,9.5145
8.107,9.6728
8.108,9.8717
8.109,10.2775
8.11,10.3764
8.111,10.2622
8.112,9.9871
8.113,9.8643
8.114,10.0374
8.115,9.9251
8.116,10.272
8.117,10.2589
8.118,10.3214
8.119,10.2671
8.12,9.9867
8.121,9.6801
8.122,9.6714
8.123,9.5217
8.124,9.718
8.125,9.706
8.126,10.0882
8.127,10.1695
8.128,10.0969
8.129,10.1127
8.13,9.7735
8.131,9.9237
8.132,10.3122
8.133,10.3672
8.134,10.5846
8.135,10.4648
8.136,10.396
8.137,9.9616
8.138,10.1773
8.139,9.7655
8.14,9.9464
8.141,9.7789
8.142,10.2511
8.143,10.2294
8.144,10.1007
8.145,9.7732
8.146,9.551
8.147,9.5878
8.148,9.9433
8.149,10.1905
8.15,10.2294
8.151,10.2434
8.152,10.222
8.153,9.9332
8.154,9.6675
8.155,9.5131
8.156,9.6658
8.157,10.1517
8.158,10.1793
8.159,10.2053
8.16,9.6674
8.161,9.4333
8.162,9.26
8.163,9.333
8.164,9.5218
8.165,9.7674
8.166,10.1275
8.167,10.3491
8.168,10.0983
8.169,9.7617
8.17,9.56
8.171,9.8417
8.172,10.0472
8.173,10.4273
8.174,10.4829
8.175,10.3379
8.176,10.0786
8.177,10.022
8.178,9.8928
8.179,9.8061
8.18,9.8249
8.181,10.1764
8.182,10.1852
8.183,10.0305
8.184,9.9252
8.185,9.6318
8.186,9.595
8.187,9.6927
8.188,10.0081
8.189,10.2128
8.19,10.3117
8.191,10.6445
8.192,10.2453
8.193,10.2601
8.194,9.6997
8.195,9.9098
8.196,9.8492
8.197,10.2356
8.198,10.1901
8.199,10.307
8.2,10.0155
8.201,9.7269
8.202,9.5395
8.203,9.6616
8.204,9.8721
8.205,9.9682
8.206,10.2886
8.207,10.3711
8.208,10.2969
8.209,9.7696
8.21,9.5867
8.211,9.6129
8.212,9.9196
8.213,10.2203
8.214,10.3264
8.215,10.2002
8.216,10.2222
8.217,10.1188
8.218,10.1266
8.219,9.7994
8.22,10.0417
8.221,9.9212
8.222,10.3953
8.223,10.296
8.224,10.3819
8.225,10.0225
8.226,9.8756
8.227,9.8432
8.228,10.0123
8.229,10.0863
8.23,10.2333
8.231,10.0932
8.232,10.0337
8.233,9.5103
8.234,9.4185
8.235,9.3253
8.236,9.5649
8.237,9.8976
8.238,10.0806
8.239,10.3062
8.24,10.0053
8.241,9.9526
8.242,9.7343
8.243,9.8239
8.244,10.0329
8.245,10.2582
8.246,10.4661
8.247,10.6994
8.248,10.4105
8.249,10.1893
8.25,9.7494
8.251,9.8086
8.252,9.8908
8.253,10.0376
8.254,10.1518
8.255,10.2023
8.256,10.2541
8.257,10.0962
8.258,9.9071
8.259,9.68
8.26,9.6458
8.261,9.9007
8.262,10.1802
8.263,10.2074
8.264,10.105
8.265,9.5816
8.266,9.3041
8.267,9.321
8.268,9.5669
8.269,9.8025
8.27,10.0345
8.271,9.9842
8.272,9.9533
8.273,9.6974
8.274,9.6041
8.275,9.6052
8.276,9.8311
8.277,10.359
8.278,10.5386
8.279,10.6834
8.28,10.419
8.281,10.0528
8.282,9.9539
8.283,10.0235
8.284,10.145
8.285,10.2167
8.286,10.235
8.287,10.2259
8.288,10.0509
8.289,9.8859
8.29,9.6523
8.291,9.4749
8.292,9.5232
8.293,9.795
8.294,10.0464
8.295,10.1676
8.296,10.1644
8.297,9.957
8.298,9.7072
8.299,9.9868
8.3,9.8621
8.301,9.9754
8.302,10.0904
8.303,10.3439
8.304,10.3948
8.305,10.0923
8.306,9.9666
8.307,9.8643
8.308,9.9863
8.309,10.2416
8.31,10.1687
8.311,10.3592
8.312,10.3422
8.313,10.4327
8.314,10.1155
8.315,10.0658
8.316,10.0848
8.317,9.9513
8.318,9.8705
8.319,10.1408
8.32,10.364
8.321,10.1261
8.322,9.5143
8.323,9.3581
8.324,9.5142
8.325,9.8687
8.326,9.8368
8.327,9.8049
8.328,9.76
8.329,10.112
8.33,9.7263
8.331,9.6302
8.332,9.5449
8.333,10.085
8.334,10.5289
8.335,10.5515
8.336,10.3065
8.337,9.917
8.338,9.6486
8.339,9.5309
8.34,9.5941
8.341,9.866
8.342,10.3362
8.343,10.6983
8.344,10.5737
8.345,10.2092
8.346,9.6809
8.347,9.8281
8.348,9.8574
8.349,10.04
8.35,10.093
8.351,10.312
8.352,10.2641
8.353,10.1184
8.354,9.8247
8.355,9.5915
8.356,9.611
8.357,9.9266
8.358,9.9891
8.359,10.1123
8.36,10.0387
8.361,9.7912
8.362,9.5272
8.363,9.4946
8.364,9.4122
8.365,9.4859
8.366,9.8799
8.367,10.1729
8.368,10.1648
8.369,10.0532
8.37,9.9891
8.371,10.1148
8.372,10.1402
8.373,10.2439
8.374,10.5699
8.375,10.6132
8.376,10.5774
8.377,10.2566
8.378,9.9279
8.379,9.8493
8.38,9.8079
8.381,10.0136
8.382,10.1999
8.383,10.3056
8.384,10.3676
8.385,10.2194
8.386,9.9658
8.387,9.7594
8.388,9.7231
8.389,10.1919
8.39,10.2864
8.391,10.3213
8.392,10.4588
8.393,10.0755
8.394,9.8796
8.395,9.5108
8.396,9.6828
8.397,9.8761
8.398,10.0733
8.399,10.1162
8.4,9.9449
8.401,10.0498
8.402,9.9092
8.403,9.8667
8.404,9.5702
8.405,9.9228
8.406,9.9029
8.407,10.2842
8.408,10.4625
8.409,10.3729
8.41,10.2244
8.411,10.0069
8.412,9.9272
8.413,9.9899
8.414,10.2329
8.415,10.3057
8.416,10.0083
8.417,9.706
8.418,9.4851
8.419,9.336
8.42,9.4053
8.421,9.797
8.422,10.1416
8.423,10.1809
8.424,10.1967
8.425,9.8397
8.426,9.7431
8.427,9.7177
8.428,9.9375
8.429,10.1319
8.43,10.2629
8.431,10.2971
8.432,10.2736
8.433,10.2307
8.434,9.9448
8.435,9.8508
8.436,9.818
8.437,10.1181
8.438,10.1609
8.439,10.2467
8.44,10.2374
8.441,10.1873
8.442,9.7359
8.443,9.7188
8.444,9.651
8.445,9.9704
8.446,10.0726
8.447,10.117
8.448,10.0563
8.449,9.878
8.45,9.7214
8.451,9.7169
8.452,9.8798
8.453,10.2504
8.454,10.2345
8.455,10.1998
8.456,9.9917
8.457,9.759
8.458,9.6999
8.459,9.7002
8.46,9.601
8.461,9.7058
8.462,10.0329
8.463,10.4219
8.464,10.3726
8.465,10.0551
8.466,9.688
8.467,9.5859
8.468,9.5697
8.469,9.7398
8.47,10.0267
8.471,10.0702
8.472,10.2568
8.473,10.174
8.474,9.89
8.475,9.7035
8.476,9.7737
8.477,10.164
8.478,10.4254
8.479,10.6271
8.48,10.5092
8.481,10.1968
8.482,10.0303
8.483,9.755
8.484,9.7663
8.485,9.7766
8.486,10.05
8.487,10.159
8.488,10.2369
8.489,10.3699
8.49,10.1103
8.491,9.6814
8.492,9.4543
8.493,9.8061
8.494,10.4118
8.495,10.7219
8.496,10.5806
8.497,10.0519
8.498,9.5402
8.499,9.3814
8.5,9.5848
8.501,9.822
8.502,10.2536
8.503,10.1124
8.504,10.0825
8.505,9.826
8.506,9.8369
8.507,9.702
8.508,9.8227
8.509,9.7192
8.51,9.6996
8.511,9.8672
8.512,10.1135
8.513,10.1431
8.514,9.9034
8.515,9.6698
8.516,9.6965
8.517,9.8885
8.518,10.1252
8.519,10.2957
8.52,10.368
8.521,10.247
8.522,9.708
8.523,9.3297
8.524,9.353
8.525,9.8522
8.526,10.0769
8.527,10.0417
8.528,9.9923
8.529,10.1144
8.53,10.1249
8.531,9.8
8.532,9.8925
8.533,10.0219
8.534,10.4709
8.535,10.3802
8.536,10.1291
8.537,9.9189
8.538,9.7262
8.539,9.654
8.54,9.6687
8.541,9.8408
8.542,9.9064
8.543,10.0819
8.544,10.2609
8.545,10.0079
8.546,9.8687
8.547,9.4605
8.548,9.5719
8.549,9.7075
8.55,10.1355
8.551,10.4152
8.552,10.4674
8.553,10.3976
8.554,10.0359
8.555,9.9809
8.556,9.7891
8.557,10.0395
8.558,10.0559
8.559,10.226
8.56,10.0944
8.561,9.859
8.562,9.6252
8.563,9.5456
8.564,9.7028
8.565,9.9753
8.566,10.4194
8.567,10.4892
8.568,10.4403
8.569,10.4344
8.57,10.14
8.571,10.0261
8.572,9.5263
8.573,9.7721
8.574,10.0605
8.575,10.4908
8.576,10.6273
8.577,10.409
8.578,9.8475
8.579,9.5064
8.58,9.4358
8.581,9.8894
8.582,10.1314
8.583,10.3038
8.584,10.0645
8.585,10.1304
8.586,9.7811
8.587,9.8376
8.588,9.7798
8.589,9.9793
8.59,10.0722
8.591,10.3397
8.592,10.4095
8.593,10.5116
8.594,10.2484
8.595,9.9407
8.596,9.6865
8.597,9.5974
8.598,10.0204
8.599,10.1344
8.6,10.1546
8.601,10.2103
8.602,10.0968
8.603,9.8664
8.604,9.7292
8.605,9.8488
8.606,10.1913
8.607,10.4049
8.608,10.304
8.609,10.2476
8.61,9.7665
8.611,9.6128
8.612,9.3834
8.613,9.6596
8.614,10.0844
8.615,10.1904
8.616,10.3516
8.617,10.2692
8.618,9.9371
8.619,9.7235
8.62,9.7582
8.621,9.7093
8.622,9.8554
8.623,10.1218
8.624,10.271
8.625,10.2474
8.626,9.9261
8.627,9.6261
8.628,9.6044
8.629,9.7311
8.63,10.0171
8.631,10.2746
8.632,10.4988
8.633,10.3079
8.634,10.0065
8.635,9.6859
8.636,9.5207
8.637,9.66
8.638,10.0098
8.639,10.2535
8.64,10.2277
8.641,10.0353
8.642,9.8803
8.643,9.8077
8.644,9.8128
8.645,9.8331
8.646,10.105
8.647,10.3618
8.648,10.3806
8.649,10.427
8.65,9.8766
8.651,9.5978
8.652,9.243
8.653,9.5292
8.654,9.8121
8.655,10.1846
8.656,10.39
8.657,10.2941
8.658,10.3731
8.659,10.1353
8.66,10.064
8.661,9.8479
8.662,10.3164
8.663,10.0895
8.664,10.2058
8.665,9.9871
8.666,9.9084
8.667,9.8273
8.668,9.5871
8.669,9.5201
8.67,9.6036
8.671,9.8274
8.672,9.8258
8.673,9.7298
8.674,9.7234
8.675,9.6394
8.676,9.7342
8.677,9.7446
8.678,10.1058
8.679,10.476
8.68,10.5115
8.681,10.5848
8.682,10.4733
8.683,10.0919
8.684,9.952
8.685,9.7533
8.686,9.9367
8.687,10.2536
8.688,10.3748
8.689,10.4407
8.69,10.0817
8.691,9.7222
8.692,9.5759
8.693,9.5599
8.694,9.8445
8.695,10.0404
8.696,10.1504
8.697,10.4004
8.698,10.2045
8.699,10.1037
8.7,9.6763
8.701,9.8169
8.702,9.6712
8.703,9.9736
8.704,10.214
8.705,10.378
8.706,10.3751
8.707,10.1163
8.708,10.0951
8.709,10.0693
8.71,10.2516
8.711,10.2357
8.712,10.0739
8.713,10.2132
8.714,10.0109
8.715,9.8822
8.716,9.5849
8.717,9.654
8.718,9.7963
8.719,10.117
8.72,10.2732
8.721,10.1887
8.722,9.8021
8.723,9.4593
8.724,9.4677
8.725,9.5253
8.726,10.1269
8.727,10.3932
8.728,10.4296
8.729,10.5946
8.73,10.2655
8.731,10.1627
8.732,9.7364
8.733,9.6455
8.734,9.7132
8.735,9.8678
8.736,9.9091
8.737,10.1805
8.738,10.1552
8.739,10.1657
8.74,9.6916
8.741,9.5378
8.742,9.7529
8.743,10.108
8.744,10.4161
8.745,10.4969
8.746,10.1386
8.747,9.6916
8.748,9.5895
8.749,9.5604
8.75,9.7451
8.751,9.9368
8.752,10.0141
8.753,10.2505
8.754,10.2948
8.755,10.1403
8.756,9.9835
8.757,9.8362
8.758,10.2479
8.759,10.3325
8.76,10.2574
8.761,10.0867
8.762,9.8989
8.763,9.5707
8.764,9.3913
8.765,9.3285
8.766,9.6869
8.767,10.0212
8.768,10.2141
8.769,10.0293
8.77,9.7108
8.771,9.7116
8.772,9.5676
8.773,9.9474
8.774,10.2111
8.775,10.7331
8.776,10.6801
8.777,10.5136
8.778,10.1766
8.779,10.0998
8.78,9.8992
8.781,9.8189
8.782,9.7771
8.783,9.9409
8.784,10.1742
8.785,10.125
8.786,10.1057
8.787,9.7845
8.788,9.7027
8.789,9.4579
8.79,9.7148
8.791,9.9749
8.792,10.1881
8.793,10.1844
8.794,10.0285
8.795,9.8467
8.796,9.6028
8.797,9.6967
8.798,9.8713
8.799,10.2059
8.8,10.2891
8.801,10.4639
8.802,10.2234
8.803,10.1124
8.804,9.8365
8.805,9.9779
8.806,9.9941
8.807,10.3507
8.808,10.3545
8.809,10.6687
8.81,10.5216
8.811,10.0426
8.812,9.5766
8.813,9.4798
8.814,9.5202
8.815,9.6371
8.816,9.8282
8.817,10.1884
8.818,10.0298
8.819,10.0561
8.82,9.8799
8.821,10.1141
8.822,10.0091
8.823,10.1121
8.824,10.4033
8.825,10.4997
8.826,10.4225
8.827,10.223
8.828,10.1194
8.829,10.0773
8.83,9.766
8.831,9.6595
8.832,9.8302
8.833,10.119
8.834,10.1018
8.835,9.8109
8.836,9.6125
8.837,9.7159
8.838,9.7646
8.839,10.1257
8.84,10.2559
8.841,10.2835
8.842,10.2578
8.843,10.0809
8.844,9.8454
8.845,9.7822
8.846,9.7231
8.847,9.9917
8.848,10.036
8.849,10.3162
8.85,10.1949
8.851,10.1041
8.852,9.6824
8.853,9.3861
8.854,9.3359
8.855,9.6245
8.856,10.1441
8.857,10.1278
8.858,10.3517
8.859,10.1554
8.86,9.9075
8.861,9.6988
8.862,9.7218
8.863,9.9659
8.864,10.4097
8.865,10.454
8.866,10.4996
8.867,9.961
8.868,9.6921
8.869,9.6018
8.87,9.6976
8.871,10.1397
8.872,10.2451
8.873,10.3075
8.874,10.0575
8.875,9.8856
8.876,9.5775
8.877,9.6643
8.878,9.7487
8.879,9.7967
8.88,10.0546
8.881,10.2468
8.882,10.3481
8.883,10.1893
8.884,9.9001
8.885,9.8071
8.886,9.8279
8.887,10.077
8.888,10.2745
8.889,10.3153
8.89,10.1299
8.891,9.9156
8.892,9.8249
8.893,9.8504
8.894,9.6561
8.895,9.6921
8.896,9.892
8.897,10.1142
8.898,9.9747
8.899,9.8877
8.9,9.7555
8.901,9.7077
8.902,9.9169
8.903,10.4528
8.904,10.6028
8.905,10.5817
8.906,10.4713
8.907,10.3907
8.908,10.2804
8.909,10.1743
8.91,10.0474
8.911,10.0167
8.912,10.0163
8.913,10.1215
8.914,9.9952
8.915,9.8919
8.916,9.7071
8.917,9.8076
8.918,9.8357
8.919,10.051
8.92,10.1131
8.921,10.0838
8.922,10.1766
8.923,9.7909
8.924,9.7917
8.925,9.7539
8.926,9.8315
8.927,9.9077
8.928,9.9746
8.929,10.1959
8.93,10.2262
8.931,10.0219
8.932,9.9684
8.933,9.9511
8.934,9.9605
8.935,10.2122
8.936,10.1002
8.937,10.0806
8.938,9.9315
8.939,9.9525
8.94,9.7291
8.941,9.7706
8.942,9.7508
8.943,9.8571
8.944,10.3254
8.945,10.6206
8.946,10.5079
8.947,9.8022
8.948,9.2712
8.949,9.3114
8.95,9.6672
8.951,9.894
8.952,10.0864
8.953,9.9519
8.954,9.9322
8.955,9.7945
8.956,9.6909
8.957,9.643
8.958,9.7798
8.959,9.9912
8.96,10.0702
8.961,10.0909
8.962,9.9974
8.963,10.0072
8.964,9.8738
8.965,9.6856
8.966,9.6506
8.967,9.9425
8.968,10.1956
8.969,10.3955
8.97,10.3836
8.971,10.0995
8.972,9.7913
8.973,9.486
8.974,9.5667
8.975,9.7302
8.976,9.9749
8.977,10.1261
8.978,10.1998
8.979,10.0816
8.98,9.8533
8.981,9.6072
8.982,9.7771
8.983,10.1837
8.984,10.2981
8.985,10.4546
8.986,10.4871
8.987,10.1859
8.988,9.9761
8.989,9.8665
8.99,9.9719
8.991,10.0312
8.992,10.067
8.993,10.2791
8.994,10.0276
8.995,9.8069
8.996,9.4087
8.997,9.4106
8.998,9.5663
8.999,9.8975
9.0,10.0282
9.001,10.1182
9.002,10.1805
9.003,10.0038
9.004,9.8472
9.005,9.8403
9.006,10.1356
9.007,10.153
9.008,10.4485
9.009,10.6558
9.01,10.6669
9.011,10.4948
9.012,10.1071
9.013,10.0691
9.014,10.0282
9.015,10.4681
9.016,10.4294
9.017,10.2001
9.018,9.9388
9.019,9.9205
9.02,9.7049
9.021,9.7022
9.022,9.4713
9.023,9.6803
9.024,9.7722
9.025,9.9191
9.026,9.7399
9.027,9.7252
9.028,9.7512
9.029,9.8099
9.03,9.7424
9.031,10.0695
9.032,10.067
9.033,10.2953
9.034,10.1337
9.035,10.2606
9.036,10.1373
9.037,9.9809
9.038,9.7676
9.039,9.7432
9.04,10.0685
9.041,10.1413
9.042,9.9801
9.043,9.7406
9.044,9.4455
9.045,9.6558
9.046,9.7847
9.047,10.2655
9.048,10.3446
9.049,10.2861
9.05,10.2878
9.051,10.2655
9.052,10.1707
9.053,10.0698
9.054,9.8863
9.055,9.9458
9.056,10.0729
9.057,10.4074
9.058,10.2941
9.059,10.2783
9.06,9.677
9.061,9.6952
9.062,9.5949
9.063,10.0999
9.064,10.3411
9.065,10.2417
9.066,10.0269
9.067,9.9006
9.068,9.7867
9.069,9.644
9.07,9.5343
9.071,9.6782
9.072,9.9707
9.073,10.0499
9.074,10.0226
9.075,9.7627
9.076,9.7449
9.077,9.5852
9.078,9.8748
9.079,9.8315
9.08,10.2215
9.081,10.2389
9.082,10.3511
9.083,10.372
9.084,10.1924
9.085,9.9726
9.086,9.8367
9.087,9.8769
9.088,10.0272
9.089,10.1231
9.09,10.2059
9.091,10.0779
9.092,9.8567
9.093,9.8058
9.094,9.8405
9.095,10.1749
9.096,10.2936
9.097,10.3705
9.098,10.3586
9.099,10.2616
9.1,9.9517
9.101,9.9476
9.102,9.8399
9.103,9.9778
9.104,9.8574
9.105,10.0577
9.106,10.0315
9.107,10.0237
9.108,9.8039
9.109,9.6921
9.11,9.7107
9.111,9.8341
9.112,10.2398
9.113,10.2781
9.114,10.3781
9.115,10.0185
9.116,9.8136
9.117,9.7122
9.118,9.769
9.119,9.9408
9.12,9.8215
9.121,10.3015
9.122,10.4589
9.123,10.4482
9.124,10.0033
9.125,9.7222
9.126,9.7983
9.127,9.939
9.128,10.246
9.129,10.4751
9.13,10.5065
9.131,10.4534
9.132,9.8273
9.133,9.6603
9.134,9.5343
9.135,9.7747
9.136,9.8775
9.137,10.0258
9.138,10.2716
9.139,10.2248
9.14,10.1282
9.141,9.8674
9.142,9.7381
9.143,9.8406
9.144,10.0959
9.145,10.234
9.146,10.468
9.147,10.4998
9.148,10.0301
9.149,9.7315
9.15,9.4626
9.151,9.832
9.152,9.8763
9.153,10.2574
9.154,10.3018
9.155,10.1821
9.156,9.8313
9.157,9.6714
9.158,9.6683
9.159,9.9345
9.16,10.3805
9.161,10.4728
9.162,10.4679
9.163,10.0182
9.164,9.7512
9.165,9.8328
9.166,9.8172
9.167,9.7147
9.168,9.586
9.169,9.9367
9.17,10.1066
9.171,10.2093
9.172,9.7457
9.173,9.8944
9.174,9.7704
9.175,10.1062
9.176,10.2
9.177,10.2128
9.178,10.2669
9.179,10.4672
9.18,10.1804
9.181,9.9048
9.182,9.5919
9.183,9.7254
9.184,10.1032
9.185,10.2617
9.186,10.2429
9.187,10.0053
9.188,9.7557
9.189,9.7504
9.19,9.7598
9.191,9.8614
9.192,10.0976
9.193,10.0893
9.194,10.1818
9.195,10.1969
9.196,9.788
9.197,9.6526
9.198,9.4442
9.199,9.7625
9.2,9.8544
9.201,10.0609
9.202,10.0916
9.203,9.978
9.204,9.7999
9.205,9.6896
9.206,9.7231
9.207,10.0278
9.208,10.426
9.209,10.5297
9.21,10.3261
9.211,10.3677
9.212,10.216
9.213,10.1397
9.214,9.8118
9.215,9.8118
9.216,9.9604
9.217,10.1339
9.218,10.1438
9.219,9.9841
9.22,9.8851
9.221,9.6069
9.222,9.4478
9.223,9.5686
9.224,9.9184
9.225,10.104
9.226,10.2765
9.227,10.0757
9.228,10.1187
9.229,10.0002
9.23,9.8394
9.231,9.7693
9.232,9.7285
9.233,9.9242
9.234,9.8092
9.235,9.72
9.236,9.5569
9.237,9.69
9.238,9.5326
9.239,9.6754
9.24,9.9348
9.241,10.3862
9.242,10.5672
9.243,10.4743
9.244,9.8489
9.245,9.6663
9.246,9.578
9.247,9.5146
9.248,9.6976
9.249,9.9469
9.25,10.3989
9.251,10.3284
9.252,10.146
9.253,9.9797
9.254,9.946
9.255,10.1629
9.256,10.5036
9.257,10.6587
9.258,10.5616
9.259,10.5883
9.26,9.8924
9.261,9.8374
9.262,9.4058
9.263,9.8295
9.264,10.0758
9.265,10.2931
9.266,10.3956
9.267,10.2279
9.268,10.1664
9.269,9.967
9.27,9.8901
9.271,9.8297
9.272,10.1999
9.273,10.2755
9.274,10.2348
9.275,10.4728
9.276,9.9844
9.277,9.6367
9.278,9.4683
9.279,9.6402
9.28,9.8548
9.281,9.8973
9.282,10.1125
9.283,10.156
9.284,10.0364
9.285,9.8927
9.286,9.8108
9.287,9.8315
9.288,10.0757
9.289,10.1148
9.29,10.2423
9.291,10.1314
9.292,10.2235
9.293,9.9864
9.294,10.0591
9.295,9.8185
9.296,10.0009
9.297,10.1198
9.298,10.309
9.299,10.6393
9.3,10.4648
9.301,10.2236
9.302,9.8448
9.303,9.8846
9.304,10.2373
9.305,10.4133
9.306,10.5172
9.307,10.4962
9.308,10.306
9.309,10.0982
9.31,9.7288
9.311,9.5202
9.312,9.3008
9.313,9.5308
9.314,9.8289
9.315,10.0546
9.316,9.8728
9.317,9.8118
9.318,9.5934
9.319,9.644
9.32,9.9261
9.321,10.1631
9.322,10.395
9.323,10.1725
9.324,10.0571
9.325,9.6276
9.326,9.7397
9.327,9.8149
9.328,10.0095
9.329,10.041
9.33,10.0369
9.331,10.0733
9.332,10.029
9.333,9.6844
9.334,9.4433
9.335,9.553
9.336,9.7997
9.337,10.2061
9.338,10.2776
9.339,10.4665
9.34,10.2313
9.341,9.958
9.342,9.6119
9.343,9.8757
9.344,10.0174
9.345,10.3425
9.346,10.5215
9.347,10.4781
9.348,10.4624
9.349,10.2928
9.35,10.1152
9.351,9.8078
9.352,9.7668
9.353,10.089
9.354,10.2256
9.355,10.0966
9.356,10.0581
9.357,9.8437
9.358,9.7127
9.359,9.531
9.36,9.49
9.361,9.666
9.362,9.8689
9.363,9.9129
9.364,9.7869
9.365,9.7287
9.366,9.6396
9.367,9.6498
9.368,9.9517
9.369,10.2805
9.37,10.4254
9.371,10.4362
9.372,10.3573
9.373,10.1094
9.374,9.9524
9.375,9.7967
9.376,9.9392
9.377,9.8338
9.378,10.0884
9.379,10.2555
9.38,10.2536
9.381,9.9107
9.382,9.518
9.383,9.4941
9.384,9.582
9.385,9.9355
9.386,10.2598
9.387,10.1749
9.388,9.8508
9.389,9.9331
9.39,9.8341
9.391,9.9236
9.392,9.9589
9.393,10.2424
9.394,10.5153
9.395,10.2247
9.396,9.9689
9.397,9.8045
9.398,9.9994
9.399,10.0279
9.4,9.9772
9.401,10.1808
9.402,10.3252
9.403,10.2188
9.404,10.1852
9.405,9.7746
9.406,9.4695
9.407,9.3654
9.408,9.7674
9.409,10.1274
9.41,10.383
9.411,10.215
9.412,10.1566
9.413,9.7976
9.414,9.7091
9.415,9.8771
9.416,9.955
9.417,10.1431
9.418,10.1647
9.419,10.1873
9.42,10.3175
9.421,10.0611
9.422,9.8186
9.423,9.7379
9.424,9.836
9.425,10.0828
9.426,10.235
9.427,10.1362
9.428,9.7464
9.429,9.8795
9.43,9.8209
9.431,9.9627
9.432,9.7776
9.433,10.1762
9.434,10.208
9.435,10.2793
9.436,10.2334
9.437,9.8682
9.438,9.5307
9.439,9.5242
9.44,9.9271
9.441,10.215
9.442,10.4257
9.443,10.4401
9.444,10.2545
9.445,10.0592
9.446,9.82
9.447,9.9482
9.448,10.0439
9.449,10.1263
9.45,10.2557
9.451,10.2442
9.452,10.4383
9.453,9.8999
9.454,9.6751
9.455,9.6186
9.456,9.8569
9.457,9.9204
9.458,10.0863
9.459,10.3208
9.46,10.2544
9.461,9.9026
9.462,9.6403
9.463,9.6119
9.464,9.8429
9.465,10.1903
9.466,10.1585
9.467,10.2471
9.468,10.1485
9.469,10.1257
9.47,9.776
9.471,9.6482
9.472,9.4635
9.473,9.7445
9.474,10.1229
9.475,10.2862
9.476,10.1487
9.477,9.7506
9.478,9.582
9.479,9.6234
9.48,9.7263
9.481,10.3111
9.482,10.5169
9.483,10.7313
9.484,10.3981
9.485,10.0497
9.486,9.5517
9.487,9.3598
9.488,9.6121
9.489,10.0057
9.49,10.2954
9.491,10.1376
9.492,9.8892
9.493,9.6903
9.494,9.7266
9.495,9.7584
9.496,9.8435
9.497,10.2495
9.498,10.2042
9.499,10.368
9.5,10.1734
9.501,9.9245
9.502,9.6436
9.503,9.7871
9.504,9.6963
9.505,9.7864
9.506,10.0587
9.507,10.1942
9.508,10.0209
9.509,9.7424
9.51,9.6705
9.511,9.7578
9.512,9.8292
9.513,10.2988
9.514,10.4498
9.515,10.4596
9.516,10.3505
9.517,9.928
9.518,9.7125
9.519,9.6872
9.52,9.8901
9.521,9.9862
9.522,10.0999
9.523,10.2185
9.524,10.1589
9.525,9.7795
9.526,9.4182
9.527,9.3971
9.528,9.5986
9.529,9.787
9.53,10.2466
9.531,9.6122
9.532,10.2025
9.533,9.8341
9.534,10.6461
9.535,10.089
9.536,10.0325
9.537,10.0145
9.538,10.0977
9.539,10.3673
9.54,10.4031
9.541,10.3978
9.542,10.0978
9.543,10.0197
9.544,9.9449
9.545,10.2172
9.546,10.1494
9.547,10.2725
9.548,10.0987
9.549,10.1172
9.55,9.8118
9.551,9.6943
9.552,9.538
9.553,9.7904
9.554,10.0296
9.555,10.3516
9.556,10.251
9.557,10.1219
9.558,9.6948
9.559,9.53
9.56,9.439
9.561,9.7629
9.562,10.16
9.563,10.404
9.564,10.3496
9.565,10.1317
9.566,9.9336
9.567,9.8468
9.568,10.024
9.569,10.1355
9.57,10.2426
9.571,10.2555
9.572,9.9788
9.573,10.0212
9.574,9.7863
9.575,9.9698
9.576,9.79
9.577,9.9931
9.578,10.1828
9.579,10.1982
9.58,10.2428
9.581,9.8914
9.582,9.5601
9.583,9.6939
9.584,9.7131
9.585,9.9012
9.586,9.8597
9.587,10.0254
9.588,10.07
9.589,10.1265
9.59,10.0822
9.591,10.084
9.592,9.9433
9.593,10.2263
9.594,10.3792
9.595,10.3527
9.596,10.4478
9.597,10.1835
9.598,9.9982
9.599,9.8492
9.6,9.8271
9.601,9.989
9.602,10.2132
9.603,10.3002
9.604,10.1648
9.605,9.7486
9.606,9.333
9.607,9.3601
9.608,9.4362
9.609,9.9445
9.61,10.1725
9.611,10.3348
9.612,10.3442
9.613,10.4899
9.614,10.287
9.615,10.2547
9.616,10.0953
9.617,10.1015
9.618,10.1747
9.619,10.1356
9.62,10.0276
9.621,9.9613
9.622,9.8161
9.623,9.8187
9.624,9.8816
9.625,9.9025
9.626,10.1404
9.627,10.2912
9.628,10.2035
9.629,10.5067
9.63,10.1725
9.631,9.9338
9.632,9.6944
9.633,9.9568
9.634,10.2284
9.635,10.3328
9.636,10.1991
9.637,10.032
9.638,9.6436
9.639,9.6452
9.64,9.6002
9.641,9.855
9.642,10.2451
9.643,10.338
9.644,10.3119
9.645,10.027
9.646,9.8078
9.647,9.8239
9.648,9.7627
9.649,9.7684
9.65,9.7252
9.651,9.9682
9.652,9.8469
9.653,9.8839
9.654,9.662
9.655,9.5452
9.656,9.5233
9.657,9.7051
9.658,9.9526
9.659,10.2963
9.66,10.1789
9.661,9.8108
9.662,9.3764
9.663,9.1617
9.664,9.3953
9.665,9.5403
9.666,10.0833
9.667,10.3086
9.668,10.6146
9.669,10.5306
9.67,10.3333
9.671,9.9622
9.672,9.9281
9.673,10.1763
9.674,10.3584
9.675,10.4498
9.676,10.3036
9.677,9.9114
9.678,9.8408
9.679,9.5154
9.68,9.6017
9.681,9.4844
9.682,9.8307
9.683,10.0839
9.684,10.3651
9.685,10.0992
9.686,9.9237
9.687,9.667
9.688,9.8898
9.689,9.9063
9.69,10.1137
9.691,10.0388
9.692,10.2344
9.693,10.3655
9.694,10.1119
9.695,9.7873
9.696,9.3315
9.697,9.5934
9.698,9.9821
9.699,10.5531
9.7,10.4746
9.701,10.1996
9.702,9.974
9.703,9.8954
9.704,10.0041
9.705,10.0343
9.706,10.198
9.707,10.3693
9.708,10.4204
9.709,10.6257
9.71,10.2999
9.711,10.0543
9.712,9.4964
9.713,9.588
9.714,9.8668
9.715,10.1852
9.716,10.1857
9.717,9.887
9.718,9.7886
9.719,9.5572
9.72,9.6029
9.721,9.6485
9.722,10.0366
9.723,10.235
9.724,10.4214
9.725,10.3889
9.726,10.1761
9.727,9.8469
9.728,9.8846
9.729,9.8793
9.73,9.8801
9.731,10.0173
9.732,10.2204
9.733,10.2559
9.734,9.913
9.735,9.5714
9.736,9.522
9.737,9.7044
9.738,10.1146
9.739,10.2219
9.74,10.2066
9.741,10.21
9.742,9.9783
9.743,9.9069
9.744,9.7852
9.745,9.8971
9.746,9.9527
9.747,10.119
9.748,10.3369
9.749,10.6176
9.75,10.3491
9.751,10.0441
9.752,9.7894
9.753,9.795
9.754,10.0081
9.755,10.1906
9.756,10.0923
9.757,10.1481
9.758,9.707
9.759,9.6754
9.76,9.5305
9.761,9.4656
9.762,9.4894
9.763,9.8012
9.764,10.1396
9.765,10.0831
9.766,9.7982
9.767,9.7603
9.768,9.7265
9.769,9.9461
9.77,10.1704
9.771,10.3563
9.772,10.5704
9.773,10.6404
9.774,10.5258
9.775,10.3591
9.776,9.9296
9.777,9.8755
9.778,9.8688
9.779,10.2616
9.78,10.3619
9.781,10.4254
9.782,10.1024
9.783,9.7299
9.784,9.4122
9.785,9.3669
9.786,9.6372
9.787,9.9298
9.788,10.227
9.789,10.352
9.79,10.0456
9.791,9.9762
9.792,9.7493
9.793,9.8069
9.794,9.7989
9.795,10.0435
9.796,10.3894
9.797,10.2474
9.798,10.111
9.799,9.8843
9.8,9.9397
9.801,9.9747
9.802,10.2459
9.803,10.2864
9.804,10.3213
9.805,10.4705
9.806,9.973
9.807,9.708
9.808,9.6667
9.809,9.8975
9.81,9.812
9.811,9.8236
9.812,9.8352
9.813,9.8365
9.814,9.8085
9.815,9.8895
9.816,9.7581
9.817,9.936
9.818,10.2829
9.819,10.2433
9.82,10.5085
9.821,10.3457
9.822,10.0463
9.823,9.8413
9.824,9.7195
9.825,9.9116
9.826,9.843
9.827,9.8561
9.828,9.8377
9.829,10.0306
9.83,9.9557
9.831,10.1067
9.832,9.7049
9.833,9.764
9.834,10.0682
9.835,9.9898
9.836,10.3075
9.837,10.2842
9.838,10.2983
9.839,10.1115
9.84,9.6246
9.841,9.6098
9.842,9.6592
9.843,10.1699
9.844,10.3303
9.845,10.1954
9.846,9.8281
9.847,9.7169
9.848,9.5601
9.849,9.9415
9.85,10.1343
9.851,10.1954
9.852,10.2919
9.853,10.0234
9.854,10.0393
9.855,9.8948
9.856,9.8548
9.857,9.8609
9.858,10.1537
9.859,10.2807
9.86,10.1424
9.861,9.9548
9.862,9.5862
9.863,9.4663
9.864,9.489
9.865,9.7061
9.866,10.0511
9.867,10.096
9.868,10.2132
9.869,10.4671
9.87,10.4341
9.871,10.2614
9.872,9.9044
9.873,9.8577
9.874,9.858
9.875,10.1018
9.876,10.2546
9.877,10.2641
9.878,10.0472
9.879,10.0738
9.88,9.7336
9.881,9.7041
9.882,10.0469
9.883,9.9691
9.884,10.2549
9.885,10.154
9.886,9.9282
9.887,9.6186
9.888,9.5757
9.889,9.4481
9.89,9.6766
9.891,9.8595
9.892,10.0543
9.893,10.0004
9.894,9.9981
9.895,9.8107
9.896,9.5295
9.897,9.6437
9.898,9.8913
9.899,10.1173
9.9,10.2032
9.901,10.3323
9.902,10.2203
9.903,10.2101
9.904,9.7732
9.905,9.9671
9.906,10.0732
9.907,10.3933
9.908,10.6775
9.909,10.7652
9.91,10.3437
9.911,10.0827
9.912,9.6625
9.913,9.6922
9.914,9.6959
9.915,9.9616
9.916,10.1377
9.917,10.2185
9.918,10.1265
9.919,10.0295
9.92,9.6279
9.921,9.6715
9.922,9.6796
9.923,10.1494
9.924,10.1844
9.925,10.3089
9.926,10.0912
9.927,9.8673
9.928,9.6466
9.929,9.6665
9.93,9.9248
9.931,10.2331
9.932,10.3649
9.933,10.2349
9.934,10.0083
9.935,9.8468
9.936,9.675
9.937,9.4647
9.938,9.5585
9.939,9.6217
9.94,9.8974
9.941,10.0194
9.942,10.1203
9.943,9.8581
9.944,9.7309
9.945,9.6902
9.946,9.9631
9.947,10.1203
9.948,10.238
9.949,10.2873
9.95,10.2244
9.951,10.0295
9.952,9.7478
9.953,9.9891
9.954,10.0204
9.955,10.2822
9.956,10.4985
9.957,10.3285
9.958,10.1335
9.959,9.7962
9.96,9.8176
9.961,9.8525
9.962,9.8598
9.963,10.1923
9.964,10.1332
9.965,10.2119
9.966,10.1766
9.967,10.1648
9.968,9.5674
9.969,9.3347
9.97,9.2541
9.971,9.6647
9.972,9.9168
9.973,10.148
9.974,10.1707
9.975,10.1992
9.976,10.0699
9.977,10.1565
9.978,10.1529
9.979,10.4663
9.98,10.4966
9.981,10.4799
9.982,10.201
9.983,9.9149
9.984,9.816
9.985,9.9523
9.986,10.0627
9.987,10.0147
9.988,10.112
9.989,10.0235
9.99,9.922
9.991,9.7462
9.992,9.5844
9.993,9.75
9.994,9.9952
9.995,10.4372
9.996,10.6826
9.997,10.6037
9.998,10.352
9.999,10.0699
10.0,9.7435
10.001,9.6058
10.002,9.6611
10.003,9.8711
10.004,9.977
10.005,9.733
10.006,9.8303
10.007,9.616
10.008,9.7824
10.009,9.718
10.01,10.0542
10.011,10.3843
10.012,10.6842
10.013,10.473
10.014,10.5333
10.015,10.1412
10.016,9.9571
10.017,9.619
10.018,9.9408
10.019,9.9707
10.02,10.1347
10.021,9.9697
10.022,9.9376
10.023,9.9188
10.024,9.8586
10.025,9.7433
10.026,9.7972
10.027,10.2041
10.028,10.2725
10.029,10.2622
10.03,10.298
10.031,10.0692
10.032,9.7438
10.033,9.6217
10.034,9.7876
10.035,10.0753
10.036,10.1236
10.037,10.0233
10.038,9.7718
10.039,9.6011
10.04,9.4824
10.041,9.612
10.042,9.6794
10.043,9.9437
10.044,10.2812
10.045,10.2014
10.046,10.2274
10.047,9.9842
10.048,9.8259
10.049,9.7753
10.05,9.6725
10.051,9.8595
10.052,9.8914
10.053,10.1034
10.054,10.0529
10.055,10.0736
10.056,10.0717
10.057,10.0405
10.058,10.1268
10.059,10.3156
10.06,10.5798
10.061,10.465
10.062,10.5293
10.063,10.0392
10.064,9.8664
10.065,9.5377
10.066,9.5677
10.067,9.6175
10.068,9.9951
10.069,10.1867
10.07,10.119
10.071,10.0749
10.072,10.0243
10.073,10.1521
10.074,9.9198
10.075,10.1014
10.076,9.8161
10.077,9.905
10.078,9.7637
10.079,9.9477
10.08,9.7792
10.081,9.8018
10.082,9.7204
10.083,9.9722
10.084,10.1885
10.085,10.262
10.086,10.1654
10.087,10.0556
10.088,9.9259
10.089,9.9253
10.09,9.9776
10.091,10.2539
10.092,10.4647
10.093,10.4188
10.094,10.2917
10.095,10.0327
10.096,9.8731
10.097,9.6794
10.098,9.7667
10.099,9.7009
10.1,9.7674
10.101,9.7729
10.102,9.7681
10.103,9.8783
10.104,9.6657
10.105,9.6849
10.106,9.7292
10.107,10.0826
10.108,10.2637
10.109,10.3986
10.11,10.3466
10.111,10.0897
10.112,9.6986
10.113,9.7546
10.114,9.8982
10.115,10.165
10.116,10.372
10.117,10.4842
10.118,10.4153
10.119,10.2037
10.12,9.9942
10.121,9.8734
10.122,9.7209
10.123,10.2208
10.124,10.1473
10.125,10.2793
10.126,10.0505
10.127,9.8818
10.128,9.6191
10.129,9.4562
10.13,9.7248
10.131,9.8856
10.132,10.1643
10.133,10.0792
10.134,10.1183
10.135,9.8738
10.136,9.6438
10.137,9.331
10.138,9.6157
10.139,9.7152
10.14,10.0909
10.141,10.244
10.142,10.3955
10.143,10.1045
10.144,10.0198
10.145,9.7089
10.146,9.7553
10.147,9.667
10.148,10.18
10.149,10.4427
10.15,10.5128
10.151,10.1997
10.152,9.7976
10.153,9.6824
10.154,9.6907
10.155,10.0129
10.156,10.3827
10.157,10.3531
10.158,10.3055
10.159,10.2465
10.16,9.9652
10.161,10.0613
10.162,9.6559
10.163,9.9178
10.164,10.0162
10.165,10.3605
10.166,10.5145
10.167,10.1191
10.168,9.7079
10.169,9.7164
10.17,10.0218
10.171,10.4623
10.172,10.6005
10.173,10.4066
10.174,10.125
10.175,9.8971
10.176,9.746
10.177,9.5761
10.178,9.3559
10.179,9.4323
10.18,9.8966
10.181,10.1401
10.182,10.2157
10.183,9.727
10.184,9.6945
10.185,9.5564
10.186,9.8746
10.187,10.0898
10.188,10.4444
10.189,10.5238
10.19,10.3429
10.191,9.8776
10.192,9.4574
10.193,9.3643
10.194,9.6028
10.195,10.0189
10.196,10.1096
10.197,10.2574
10.198,10.0203
10.199,10.0369
10.2,9.7519
10.201,9.8094
10.202,9.8294
10.203,10.0722
10.204,10.33
10.205,10.535
10.206,10.4724
10.207,10.4611
10.208,10.2358
10.209,10.1246
10.21,9.8646
10.211,9.8745
10.212,10.1322
10.213,10.2303
10.214,10.3369
10.215,9.9988
10.216,9.6768
10.217,9.3754
10.218,9.4231
10.219,9.5385
10.22,9.8019
10.221,9.8509
10.222,10.0534
10.223,9.8983
10.224,9.7586
10.225,9.6147
10.226,9.7407
10.227,10.2312
10.228,10.448
10.229,10.7294
10.23,10.5469
10.231,10.5149
10.232,10.0687
10.233,9.6799
10.234,9.6073
10.235,9.7707
10.236,10.2274
10.237,10.4247
10.238,10.2826
10.239,10.2885
10.24,9.8688
10.241,9.654
10.242,9.4198
10.243,9.6262
10.244,9.787
10.245,10.1107
10.246,10.233
10.247,10.318
10.248,10.0762
10.249,9.9433
10.25,9.806
10.251,9.9874
10.252,10.3453
10.253,10.3365
10.254,10.3164
10.255,10.1163
10.256,10.0556
10.257,9.9066
10.258,9.9252
10.259,9.9298
10.26,9.9771
10.261,9.9828
10.262,10.0984
10.263,10.0515
10.264,9.7064
10.265,9.6375
10.266,9.5697
10.267,9.9321
10.268,10.0738
10.269,10.3177
10.27,10.4169
10.271,10.2034
10.272,9.9958
10.273,9.7418
10.274,9.7029
10.275,9.7293
10.276,9.896
10.277,10.0815
10.278,10.1604
10.279,10.1596
10.28,10.1221
10.281,10.0784
10.282,10.0198
10.283,10.0874
10.284,10.2367
10.285,10.2361
10.286,10.4445
10.287,10.29
10.288,10.1356
10.289,9.9062
10.29,9.699
10.291,9.7932
10.292,9.832
10.293,10.1284
10.294,10.2295
10.295,10.04
10.296,9.7474
10.297,9.3509
10.298,9.3913
10.299,9.6279
10.3,10.0078
10.301,10.2826
10.302,10.3648
10.303,10.2938
10.304,9.7984
10.305,9.8101
10.306,9.5647
10.307,9.8364
10.308,9.932
10.309,10.0689
10.31,10.1928
10.311,10.1213
10.312,9.9919
10.313,9.652
10.314,9.5495
10.315,9.7647
10.316,10.1147
10.317,10.3017
10.318,10.376
10.319,10.4372
10.32,10.1203
10.321,10.0628
10.322,9.6003
10.323,9.7731
10.324,9.8777
10.325,10.1826
10.326,10.3648
10.327,10.2771
10.328,10.1961
10.329,10.5265
10.33,9.7789
10.331,9.7052
10.332,10.814
10.333,10.0569
10.334,10.297
10.335,10.0942
10.336,9.9164
10.337,9.6723
10.338,9.4711
10.339,9.6068
10.34,9.6869
10.341,10.0331
10.342,10.149
10.343,10.156
10.344,9.9755
10.345,9.8151
10.346,9.7435
10.347,9.7103
10.348,9.8495
10.349,10.0541
10.35,10.0523
10.351,10.1132
10.352,9.8523
10.353,9.7334
10.354,9.6342
10.355,9.6541
10.356,9.8351
10.357,10.1353
10.358,10.3326
10.359,10.417
10.36,9.9091
10.361,9.7624
10.362,9.5202
10.363,9.9089
10.364,10.2289
10.365,10.5831
10.366,10.5366
10.367,10.3032
10.368,9.8642
10.369,9.6965
10.37,9.552
10.371,9.5396
10.372,9.6536
10.373,10.1606
10.374,10.3526
10.375,10.1982
10.376,9.7624
10.377,9.6766
10.378,9.6168
10.379,9.7616
10.38,10.1109
10.381,10.1424
10.382,10.2564
10.383,10.2261
10.384,10.0795
10.385,9.9602
10.386,9.5998
10.387,9.7185
10.388,9.8367
10.389,10.1842
10.39,10.1864
10.391,10.3418
10.392,10.0244
10.393,9.9456
10.394,9.786
10.395,9.939
10.396,10.2751
10.397,10.362
10.398,10.5149
10.399,10.6402
10.4,10.3206
10.401,9.9164
10.402,9.4954
10.403,9.5813
10.404,9.9314
10.405,10.2214
10.406,10.2916
10.407,9.9066
10.408,9.692
10.409,9.478
10.41,9.599
10.411,9.6844
10.412,10.0471
10.413,10.2488
10.414,10.4532
10.415,10.6065
10.416,10.2627
10.417,9.9802
10.418,9.8288
10.419,9.8703
10.42,9.8648
10.421,10.1285
10.422,10.32
10.423,10.4062
10.424,10.0763
10.425,9.9739
10.426,9.765
10.427,10.0085
10.428,10.3088
10.429,10.1166
10.43,10.1092
10.431,9.6942
10.432,9.9134
10.433,9.683
10.434,9.8775
10.435,9.5862
10.436,9.8463
10.437,9.9432
10.438,10.102
10.439,10.1688
10.44,9.948
10.441,9.9074
10.442,9.4267
10.443,9.5372
10.444,9.7392
10.445,10.1084
10.446,10.4319
10.447,10.4318
10.448,10.0547
10.449,10.0565
10.45,9.8767
10.451,9.9764
10.452,9.9618
10.453,10.3681
10.454,10.3748
10.455,10.3736
10.456,10.2074
10.457,9.9378
10.458,9.7734
10.459,9.6892
10.46,10.1075
10.461,10.271
10.462,10.215
10.463,10.4042
10.464,10.2287
10.465,10.0151
10.466,9.5498
10.467,9.371
10.468,9.7657
10.469,9.9548
10.47,10.1376
10.471,9.9346
10.472,9.7644
10.473,9.622
10.474,9.3448
10.475,9.8053
10.476,9.7576
10.477,10.1459
10.478,10.0867
10.479,10.0864
10.48,9.9511
10.481,9.5765
10.482,9.2931
10.483,9.6222
10.484,9.9414
10.485,10.4055
10.486,10.4467
10.487,10.4
10.488,10.1162
10.489,9.9053
10.49,9.6793
10.491,9.8122
10.492,9.9714
10.493,10.1333
10.494,10.298
10.495,9.995
10.496,10.0542
10.497,9.7624
10.498,9.7125
10.499,9.7495
10.5,10.0171
10.501,10.2097
10.502,10.4286
10.503,10.3977
10.504,10.4238
10.505,10.0965
10.506,9.8596
10.507,9.8027
10.508,10.1508
10.509,10.476
10.51,10.5442
10.511,10.2442
10.512,10.201
10.513,9.9208
10.514,9.7689
10.515,9.5062
10.516,9.5751
10.517,9.8358
10.518,10.0873
10.519,10.2775
10.52,9.9247
10.521,9.8533
10.522,9.6463
10.523,9.7053
10.524,9.8089
10.525,10.1179
10.526,10.3103
10.527,10.3668
10.528,10.2322
10.529,9.8929
10.53,10.0832
10.531,10.4588
10.532,10.6177
10.533,10.2234
10.534,10.0361
10.535,10.0584
10.536,10.1062
10.537,9.7722
10.538,9.8612
10.539,9.7797
10.54,10.1355
10.541,10.1581
10.542,10.3277
10.543,10.1621
10.544,10.1276
10.545,9.8537
10.546,9.3812
10.547,9.3858
10.548,9.53
10.549,9.9202
10.55,10.059
10.551,10.13
10.552,9.9016
10.553,9.7371
10.554,9.5927
10.555,9.645
10.556,9.6425
10.557,10.0056
10.558,10.3403
10.559,10.3644
10.56,10.2415
10.561,9.8249
10.562,9.6521
10.563,9.597
10.564,10.0927
10.565,10.3901
10.566,10.5902
10.567,10.4812
10.568,10.2268
10.569,10.3577
10.57,10.0662
10.571,10.0009
10.572,9.746
10.573,10.0753
10.574,10.073
10.575,10.186
10.576,9.94
10.577,9.8475
10.578,9.6284
10.579,9.7403
10.58,9.71
10.581,9.8732
10.582,9.8225
10.583,10.0889
10.584,10.076
10.585,10.0425
10.586,9.6104
10.587,9.5792
10.588,9.6075
10.589,10.0615
10.59,10.3085
10.591,10.4706
10.592,10.2944
10.593,10.1006
10.594,9.8091
10.595,9.8708
10.596,9.9944
10.597,10.0682
10.598,10.1973
10.599,10.366
10.6,10.3615
10.601,10.0284
10.602,9.5154
10.603,9.3636
10.604,9.5868
10.605,9.9744
10.606,10.3567
10.607,10.3263
10.608,10.2269
10.609,9.8161
10.61,9.7036
10.611,9.6735
10.612,9.5619
10.613,9.6978
10.614,10.0461
10.615,10.1966
10.616,10.149
10.617,9.8288
10.618,9.8165
10.619,9.6155
10.62,9.8499
10.621,10.1921
10.622,10.4042
10.623,10.4664
10.624,10.3996
10.625,10.1241
10.626,9.7403
10.627,9.5035
10.628,9.5506
10.629,10.1488
10.63,10.3425
10.631,10.3689
10.632,10.0739
10.633,9.7639
10.634,9.6821
10.635,9.5811
10.636,9.8864
10.637,10.2065
10.638,10.5276
10.639,10.6137
10.64,10.5805
10.641,10.0991
10.642,9.9934
10.643,9.5407
10.644,9.7555
10.645,10.0473
10.646,10.7451
10.647,10.7502
10.648,10.2817
10.649,9.8641
10.65,9.4466
10.651,9.5505
10.652,9.634
10.653,10.0336
10.654,10.1434
10.655,10.1573
10.656,10.0905
10.657,9.9945
10.658,9.7896
10.659,10.0457
10.66,9.9418
10.661,10.0408
10.662,10.1225
10.663,10.4105
10.664,10.2408
10.665,9.9213
10.666,9.6012
10.667,9.7938
10.668,9.7973
10.669,10.0432
10.67,10.2149
10.671,10.1379
10.672,10.2628
10.673,9.8825
10.674,9.575
10.675,9.5572
10.676,9.5766
10.677,9.9069
10.678,9.9723
10.679,10.301
10.68,10.0335
10.681,9.7777
10.682,9.4792
10.683,9.5336
10.684,9.6882
10.685,9.9654
10.686,10.3144
10.687,10.5962
10.688,10.6243
10.689,10.393
10.69,9.9123
10.691,9.7708
10.692,9.6166
10.693,9.7665
10.694,10.0833
10.695,10.3562
10.696,10.3729
10.697,9.9995
10.698,9.8676
10.699,9.6533
10.7,9.7959
10.701,10.1638
10.702,10.3661
10.703,10.6304
10.704,10.4766
10.705,10.0804
10.706,9.6836
10.707,9.5599
10.708,9.7177
10.709,9.9834
10.71,10.212
10.711,10.4095
10.712,10.1437
10.713,9.8059
10.714,9.5974
10.715,9.5813
10.716,9.6946
10.717,9.9982
10.718,10.1527
10.719,10.5909
10.72,10.595
10.721,10.4249
10.722,10.2239
10.723,10.1015
10.724,9.9031
10.725,9.8699
10.726,10.0418
10.727,10.2613
10.728,9.8003
10.729,9.8025
10.73,9.1154
10.731,9.3224
10.732,9.1217
10.733,9.8982
10.734,10.1418
10.735,10.2104
10.736,10.2017
10.737,9.8315
10.738,9.8495
10.739,9.7022
10.74,9.9946
10.741,10.0272
10.742,10.5576
10.743,10.6179
10.744,10.5297
10.745,10.1343
10.746,9.914
10.747,9.8219
10.748,9.57
10.749,9.7028
10.75,9.8566
10.751,10.0024
10.752,10.3687
10.753,10.1194
10.754,10.0186
10.755,9.7765
10.756,9.8535
10.757,9.9252
10.758,10.1258
10.759,10.2968
10.76,10.1698
10.761,10.0972
10.762,9.9314
10.763,9.8998
10.764,9.796
10.765,10.0426
10.766,10.1916
10.767,10.2608
10.768,10.2612
10.769,9.9572
10.77,9.8431
10.771,9.7596
10.772,9.5584
10.773,9.7093
10.774,9.8476
10.775,10.227
10.776,10.0959
10.777,10.119
10.778,9.7602
10.779,9.7808
10.78,9.6394
10.781,10.0094
10.782,10.2791
10.783,10.5943
10.784,10.6095
10.785,10.1887
10.786,9.8494
10.787,9.5587
10.788,9.6082
10.789,9.8955
10.79,10.128
10.791,10.2637
10.792,10.1932
10.793,10.1628
10.794,10.0776
10.795,9.9564
10.796,9.6313
10.797,9.9428
10.798,10.0863
10.799,10.3054
10.8,10.2056
10.801,9.932
10.802,9.7523
10.803,9.6697
10.804,9.7585
10.805,9.8322
10.806,10.0867
10.807,10.1662
10.808,10.1251
10.809,9.8953
10.81,9.9243
10.811,9.873
10.812,9.8886
10.813,9.7537
10.814,10.0899
10.815,10.2141
10.816,10.5359
10.817,10.2539
10.818,9.807
10.819,9.7121
10.82,9.6512
10.821,9.8889
10.822,9.7062
10.823,9.9834
10.824,9.8337
10.825,9.8573
10.826,9.4545
10.827,9.4697
10.828,9.3598
10.829,9.8468
10.83,9.9948
10.831,10.4346
10.832,10.5439
10.833,10.4356
10.834,10.2079
10.835,10.0408
10.836,10.0439
10.837,10.0387
10.838,10.324
10.839,10.4944
10.84,10.4717
10.841,10.2636
10.842,9.7824
10.843,9.7808
10.844,9.5315
10.845,9.8123
10.846,9.952
10.847,9.9543
10.848,10.0805
10.849,10.1339
10.85,10.1047
10.851,9.873
10.852,9.8167
10.853,9.9978
10.854,10.2706
10.855,10.4884
10.856,10.4814
10.857,10.2427
10.858,9.842
10.859,9.7971
10.86,9.6492
10.861,9.744
10.862,10.1333
10.863,10.0626
10.864,10.2291
10.865,10.1088
10.866,9.9863
10.867,9.7508
10.868,9.7997
10.869,9.8752
10.87,10.1283
10.871,10.2599
10.872,10.337
10.873,10.2795
10.874,10.0512
10.875,9.9543
10.876,9.8924
10.877,10.0503
10.878,10.3914
10.879,10.4803
10.88,10.3759
10.881,10.0086
10.882,9.6761
10.883,9.5373
10.884,9.537
10.885,9.8057
10.886,9.9456
10.887,10.1773
10.888,10.0282
10.889,9.8415
10.89,9.7802
10.891,9.6129
10.892,9.8124
10.893,9.9302
10.894,10.2607
10.895,10.5086
10.896,10.4727
10.897,10.4175
10.898,9.9848
10.899,10.0447
10.9,9.8161
10.901,9.9835
10.902,9.8624
10.903,10.1088
10.904,10.1091
10.905,9.9289
10.906,9.7124
10.907,9.6195
10.908,9.734
10.909,9.75
10.91,9.9036
10.911,10.1133
10.912,10.1055
10.913,9.9039
10.914,9.6808
10.915,9.4477
10.916,9.7806
10.917,9.7984
10.918,10.0453
10.919,10.1635
10.92,10.5
10.921,10.4217
10.922,10.3875
10.923,10.0938
10.924,10.0304
10.925,9.7196
10.926,9.9752
10.927,10.2464
10.928,10.2565
10.929,10.1251
10.93,9.7952
10.931,9.5566
10.932,9.5295
10.933,9.6118
10.934,9.948
10.935,10.3354
10.936,10.476
10.937,10.1928
10.938,9.9799
10.939,9.7135
10.94,9.7384
10.941,9.6932
10.942,9.7916
10.943,10.0084
10.944,10.2413
10.945,10.1509
10.946,10.0303
10.947,9.7123
10.948,9.7753
10.949,9.9181
10.95,10.0875
10.951,10.3638
10.952,10.4464
10.953,10.3745
10.954,10.0761
10.955,9.8772
10.956,9.6647
10.957,9.8554
10.958,10.1174
10.959,9.9617
10.96,10.0573
10.961,9.9825
10.962,10.1645
10.963,9.9692
10.964,9.9392
10.965,9.8918
10.966,9.8546
10.967,9.8928
10.968,10.0753
10.969,10.2819
10.97,10.3003
10.971,9.9133
10.972,9.4983
10.973,9.478
10.974,9.8577
10.975,9.9802
10.976,9.9374
10.977,9.8659
10.978,9.8463
10.979,9.7266
10.98,9.7257
10.981,9.6331
10.982,9.8948
10.983,10.069
10.984,10.1661
10.985,10.1471
10.986,10.0572
10.987,9.8377
10.988,9.7728
10.989,9.777
10.99,10.1835
10.991,10.1257
10.992,10.1719
10.993,10.2172
10.994,10.1867
10.995,9.8208
10.996,9.708
10.997,9.6177
10.998,9.9645
10.999,10.0978
11.0,10.1308
11.001,9.9926
11.002,9.9195
11.003,9.8445
11.004,9.8619
11.005,9.7136
11.006,10.0082
11.007,10.1407
11.008,10.1794
11.009,10.2353
11.01,10.0811
11.011,9.8911
11.012,9.6989
11.013,9.669
11.014,9.5812
11.015,9.8738
11.016,9.9145
11.017,10.0187
11.018,9.9548
11.019,10.0007
11.02,10.0478
11.021,10.0371
11.022,10.4428
11.023,10.5084
11.024,10.4821
11.025,10.2704
11.026,10.1083
11.027,9.8669
11.028,9.8113
11.029,9.8699
11.03,10.0699
11.031,10.323
11.032,10.2617
11.033,10.3851
11.034,10.2337
11.035,10.2473
11.036,9.9434
11.037,9.8959
11.038,9.9982
11.039,10.3676
11.04,10.4495
11.041,10.695
11.042,10.3174
11.043,9.9073
11.044,9.5905
11.045,9.4518
11.046,9.903
11.047,10.0663
11.048,10.3893
11.049,10.233
11.05,9.9278
11.051,9.7229
11.052,9.464
11.053,9.4091
11.054,9.7407
11.055,9.672
11.056,10.0844
11.057,10.1236
11.058,10.2389
11.059,9.942
11.06,9.9544
11.061,10.0126
11.062,10.2526
11.063,10.386
11.064,10.3488
11.065,10.303
11.066,9.9801
11.067,9.755
11.068,9.4197
11.069,9.4569
11.07,9.6173
11.071,10.0056
11.072,10.1391
11.073,10.2678
11.074,9.9398
11.075,9.714
11.076,9.7655
11.077,9.8022
11.078,10.0183
11.079,10.1849
11.08,10.6138
11.081,10.6514
11.082,10.5075
11.083,10.106
11.084,9.8325
11.085,9.715
11.086,9.7648
11.087,10.0718
11.088,9.9877
11.089,9.8878
11.09,9.7552
11.091,9.5218
11.092,9.574
11.093,9.4761
11.094,9.7883
11.095,9.85
11.096,10.3677
11.097,10.6191
11.098,10.6507
11.099,10.2901
11.1,10.0035
11.101,9.954
11.102,10.1622
11.103,10.4148
11.104,10.5766
11.105,10.5151
11.106,10.2546
11.107,9.7845
11.108,9.544
11.109,9.3586
11.11,9.7032
11.111,9.851
11.112,10.0701
11.113,9.9982
11.114,9.8486
11.115,9.7549
11.116,9.706
11.117,9.7632
11.118,10.1013
11.119,10.3217
11.12,10.318
11.121,10.7367
11.122,10.6016
11.123,10.6123
11.124,10.0833
11.125,9.9874
11.126,9.8147
11.127,10.2141
11.128,10.3844
11.129,10.2663
11.13,9.9741
11.131,9.8015
11.132,9.6947
11.133,9.4469
11.134,9.5801
11.135,10.1658
11.136,10.3295
11.137,10.3105
11.138,10.0487
11.139,9.6909
11.14,9.6327
11.141,9.5141
11.142,9.6034
11.143,9.8223
11.144,10.1789
11.145,10.2566
11.146,10.1926
11.147,9.943
11.148,9.7705
11.149,9.5877
11.15,9.5834
11.151,9.8321
11.152,10.1745
11.153,10.1821
11.154,10.2692
11.155,9.9697
11.156,9.7668
11.157,9.6521
11.158,9.4429
11.159,9.6947
11.16,9.9084
11.161,10.1039
11.162,10.2585
11.163,10.0438
11.164,9.8735
11.165,9.7809
11.166,10.1404
11.167,10.6688
11.168,10.7612
11.169,10.8195
11.17,10.4165
11.171,10.1882
11.172,9.8965
11.173,9.9475
11.174,9.8809
11.175,9.8003
11.176,9.8351
11.177,9.8937
11.178,9.8015
11.179,9.6506
11.18,9.5123
11.181,9.7137
11.182,9.765
11.183,10.1312
11.184,10.4095
11.185,10.3806
11.186,10.3315
11.187,10.1982
11.188,10.0432
11.189,10.2222
11.19,10.1535
11.191,10.1246
11.192,10.1289
11.193,10.3243
11.194,10.223
11.195,10.0951
11.196,9.8374
11.197,9.7231
11.198,9.7783
11.199,10.1518
11.2,10.3079
11.201,10.1567
11.202,10.0244
11.203,9.7682
11.204,9.6286
11.205,9.3785
11.206,9.4511
11.207,9.433
11.208,9.6612
11.209,9.9097
11.21,10.1916
11.211,10.1635
11.212,9.9014
11.213,9.9447
11.214,9.8551
11.215,10.0337
11.216,10.2086
11.217,10.4189
11.218,10.2015
11.219,10.0972
11.22,9.699
11.221,9.7529
11.222,9.6019
11.223,9.8191
11.224,10.018
11.225,10.2423
11.226,10.1853
11.227,10.107
11.228,9.917
11.229,10.7159
11.23,10.3204
11.231,10.6532
11.232,11.1526
11.233,10.074
11.234,10.1906
11.235,10.1678
11.236,10.0496
11.237,9.578
11.238,9.4269
11.239,9.4263
11.24,9.9785
11.241,10.1374
11.242,10.1039
11.243,9.7028
11.244,9.4853
11.245,9.5024
11.246,9.8141
11.247,10.0844
11.248,10.324
11.249,10.4338
11.25,10.203
11.251,9.9796
11.252,9.6192
11.253,9.6488
11.254,9.4366
11.255,9.8509
11.256,10.1246
11.257,10.4422
11.258,10.3756
11.259,10.1211
11.26,9.9246
11.261,9.5946
11.262,9.6287
11.263,9.9858
11.264,9.9534
11.265,9.8621
11.266,9.928
11.267,10.087
11.268,10.0296
11.269,9.765
11.27,9.6329
11.271,9.6543
11.272,10.1603
11.273,10.1892
11.274,10.2572
11.275,9.9298
11.276,9.8652
11.277,9.9028
11.278,9.9028
11.279,10.3549
11.28,10.5659
11.281,10.8418
11.282,10.4095
11.283,10.0745
11.284,9.5645
11.285,9.6231
11.286,9.6627
11.287,9.7539
11.288,9.8886
11.289,10.1185
11.29,10.0928
11.291,9.9589
11.292,9.663
11.293,9.8163
11.294,9.9042
11.295,10.2991
11.296,10.3574
11.297,10.4076
11.298,10.5354
11.299,10.1314
11.3,9.8822
11.301,9.4253
11.302,9.6796
11.303,10.0206
11.304,10.4041
11.305,10.4561
11.306,10.0883
11.307,9.8682
11.308,9.6632
11.309,9.7257
11.31,9.861
11.311,10.191
11.312,10.515
11.313,10.3809
11.314,10.3177
11.315,9.9621
11.316,9.8956
11.317,9.6349
11.318,9.4686
11.319,9.6412
11.32,9.8439
11.321,10.002
11.322,10.0329
11.323,9.9475
11.324,9.863
11.325,9.637
11.326,9.7602
11.327,10.0064
11.328,10.3185
11.329,9.4081
11.33,10.1462
11.331,9.7596
11.332,10.433
11.333,9.5073
11.334,9.7463
11.335,9.921
11.336,10.2775
11.337,10.3906
11.338,10.6025
11.339,10.3804
11.34,10.0643
11.341,9.8023
11.342,9.8017
11.343,10.174
11.344,10.0812
11.345,10.2719
11.346,10.2937
11.347,10.0354
11.348,9.6238
11.349,9.5076
11.35,9.4447
11.351,9.8567
11.352,9.8805
11.353,10.1895
11.354,9.9886
11.355,9.9541
11.356,9.7868
11.357,9.8256
11.358,9.891
11.359,10.2959
11.36,10.3803
11.361,10.2816
11.362,10.2561
11.363,10.1503
11.364,9.9238
11.365,9.5914
11.366,9.4852
11.367,9.5444
11.368,10.0428
11.369,10.2135
11.37,10.3883
11.371,9.9417
11.372,9.885
11.373,9.9226
11.374,10.0882
11.375,10.2182
11.376,10.4278
11.377,10.5592
11.378,10.7139
11.379,10.3873
11.38,9.9574
11.381,9.7059
11.382,9.8494
11.383,10.0993
11.384,10.0294
11.385,10.1652
11.386,10.1079
11.387,9.996
11.388,9.6726
11.389,9.6157
11.39,9.6935
11.391,9.7035
11.392,9.782
11.393,9.8514
11.394,9.8799
11.395,9.8819
11.396,9.7288
11.397,9.6444
11.398,9.6417
11.399,9.8201
11.4,9.9279
11.401,10.2032
11.402,10.1658
11.403,10.1685
11.404,9.7558
11.405,9.5552
11.406,9.6421
11.407,9.8606
11.408,10.3641
11.409,10.5513
11.41,10.4229
11.411,10.1111
11.412,9.9083
11.413,9.8673
11.414,9.8061
11.415,9.8627
11.416,10.1007
11.417,10.2473
11.418,10.3339
11.419,10.149
11.42,9.9296
11.421,9.4951
11.422,9.3192
11.423,9.6829
11.424,9.9281
11.425,10.464
11.426,10.484
11.427,10.417
11.428,9.9141
11.429,9.6403
11.43,9.9555
11.431,10.1371
11.432,10.2663
11.433,10.2699
11.434,10.3218
11.435,10.1632
11.436,9.7721
11.437,9.5623
11.438,9.6214
11.439,9.7219
11.44,10.0819
11.441,10.3333
11.442,10.0846
11.443,9.8969
11.444,9.7066
11.445,9.8204
11.446,9.912
11.447,10.033
11.448,10.2125
11.449,10.4192
11.45,10.336
11.451,10.059
11.452,9.7547
11.453,9.5672
11.454,9.6002
11.455,9.8244
11.456,10.2984
11.457,10.6443
11.458,10.6531
11.459,10.4435
11.46,10.078
11.461,9.6948
11.462,9.6543
11.463,9.7262
11.464,9.8924
11.465,10.1553
11.466,10.2306
11.467,10.3216
11.468,10.2284
11.469,10.1394
11.47,9.9676
11.471,10.0017
11.472,10.0868
11.473,10.3313
11.474,10.4114
11.475,10.4237
11.476,9.833
11.477,9.4408
11.478,9.145
11.479,9.379
11.48,9.5359
11.481,9.9843
11.482,10.0015
11.483,10.2897
11.484,10.0058
11.485,9.8878
11.486,9.7048
11.487,9.8415
11.488,10.1422
11.489,10.1819
11.49,10.2057
11.491,10.3567
11.492,10.1148
11.493,9.8756
11.494,9.6604
11.495,9.6086
11.496,9.8788
11.497,9.9268
11.498,10.1316
11.499,9.978
11.5,9.9603
11.501,9.6996
11.502,9.5357
11.503,9.5777
11.504,9.9126
11.505,10.1888
11.506,10.3455
11.507,10.2387
11.508,10.076
11.509,9.73
11.51,9.5248
11.511,9.7222
11.512,10.0067
11.513,10.4923
11.514,10.5131
11.515,10.3845
11.516,9.9476
11.517,9.7141
11.518,9.6126
11.519,9.941
11.52,10.2507
11.521,10.3169
11.522,10.4168
11.523,10.2635
11.524,10.0674
11.525,9.6797
11.526,9.4775
11.527,9.8761
11.528,10.0675
11.529,10.4655
11.53,10.5749
11.531,10.8065
11.532,9.9689
11.533,9.6272
11.534,9.1343
11.535,9.8701
11.536,10.194
11.537,10.2827
11.538,10.2857
11.539,10.195
11.54,9.9046
11.541,9.7171
11.542,9.6411
11.543,9.7643
11.544,10.0836
11.545,10.1601
11.546,10.2418
11.547,10.0851
11.548,9.8725
11.549,9.8084
11.55,9.8401
11.551,9.9849
11.552,10.3293
11.553,10.3262
11.554,10.2697
11.555,10.2309
11.556,9.9902
11.557,9.8076
11.558,9.6788
11.559,9.7075
11.56,9.6923
11.561,9.8979
11.562,10.0276
11.563,10.0437
11.564,9.8858
11.565,9.534
11.566,9.7572
11.567,9.8716
11.568,10.4913
11.569,10.6869
11.57,10.5435
11.571,10.1384
11.572,9.7648
11.573,9.4236
11.574,9.6969
11.575,9.7406
11.576,10.0053
11.577,10.0928
11.578,10.4807
11.579,10.4917
11.58,10.1451
11.581,9.8073
11.582,9.6935
11.583,9.8803
11.584,10.2795
11.585,10.3374
11.586,10.2439
11.587,10.1874
11.588,9.8941
11.589,9.7434
11.59,9.5331
11.591,9.3689
11.592,9.6474
11.593,9.8534
11.594,10.2525
11.595,10.0226
11.596,10.0474
11.597,9.8275
11.598,10.0043
11.599,9.678
11.6,10.0363
11.601,10.0973
11.602,10.1207
11.603,10.2032
11.604,10.0999
11.605,10.0526
11.606,10.0804
11.607,10.163
11.608,10.0928
11.609,10.2356
11.61,10.2096
11.611,10.3127
11.612,10.0938
11.613,9.7957
11.614,9.671
11.615,9.7886
11.616,10.3252
11.617,10.3311
11.618,10.6024
11.619,10.2617
11.62,10.0032
11.621,9.6349
11.622,9.8018
11.623,9.893
11.624,9.9397
11.625,9.8606
11.626,10.0536
11.627,10.1433
11.628,9.8572
11.629,10.2542
11.63,9.483
11.631,9.5884
11.632,10.4651
11.633,10.059
11.634,10.7049
11.635,10.6857
11.636,10.2412
11.637,9.6446
11.638,9.6328
11.639,9.701
11.64,9.7656
11.641,9.8786
11.642,10.0005
11.643,10.2878
11.644,10.1407
11.645,9.8921
11.646,9.4735
11.647,9.4669
11.648,9.9107
11.649,10.2411
11.65,10.3962
11.651,10.1367
11.652,9.656
11.653,9.5107
11.654,9.7172
11.655,9.9572
11.656,10.1331
11.657,10.035
11.658,10.1487
11.659,10.133
11.66,10.1233
11.661,9.8912
11.662,9.526
11.663,9.5277
11.664,9.6301
11.665,9.9683
11.666,10.1686
11.667,10.2567
11.668,10.4241
11.669,10.0232
11.67,9.7777
11.671,9.6163
11.672,10.0545
11.673,10.2581
11.674,10.3004
11.675,10.2021
11.676,9.7726
11.677,9.8212
11.678,9.6434
11.679,9.9445
11.68,10.0331
11.681,10.313
11.682,10.2278
11.683,10.0781
11.684,9.8594
11.685,9.8344
11.686,9.6909
11.687,9.8409
11.688,10.0328
11.689,10.117
11.69,10.3945
11.691,10.4451
11.692,10.5255
11.693,9.9878
11.694,9.7695
11.695,9.536
11.696,9.6965
11.697,10.1077
11.698,10.3183
11.699,10.3989
11.7,9.9973
11.701,9.6556
11.702,9.5637
11.703,9.7683
11.704,9.6714
11.705,9.9396
11.706,10.0573
11.707,10.292
11.708,10.1036
11.709,9.8982
11.71,9.8503
11.711,9.9478
11.712,10.2365
11.713,10.5484
11.714,10.6821
11.715,10.6521
11.716,10.1751
11.717,9.6928
11.718,9.2081
11.719,9.1035
11.72,9.4006
11.721,9.7064
11.722,10.0661
11.723,10.021
11.724,10.0744
11.725,10.3342
11.726,10.6199
11.727,10.967
11.728,11.5544
11.729,11.2266
11.73,13.0237
11.731,13.4013
11.732,14.8818
11.733,14.2056
11.734,14.7135
11.735,15.4421
11.736,16.4269
11.737,17.5877
11.738,18.4505
11.739,19.2569
11.74,20.1339
11.741,20.9727
11.742,21.7858
11.743,22.9657
11.744,24.154
11.745,25.1689
11.746,26.5749
11.747,27.8925
11.748,29.2456
11.749,30.3323
11.75,31.7238
11.751,33.2212
11.752,34.8532
11.753,36.5108
11.754,38.2975
11.755,40.1391
11.756,41.7873
11.757,43.4545
11.758,45.0205
11.759,47.1038
11.76,49.2606
11.761,50.7077
11.762,52.8859
11.763,54.9372
11.764,57.1059
11.765,59.1239
11.766,61.3214
11.767,63.3735
11.768,65.9053
11.769,68.3366
11.77,70.9612
11.771,73.3683
11.772,75.6067
11.773,77.7055
11.774,79.9417
11.775,82.5458
11.776,85.4454
11.777,87.2153
11.778,90.0951
11.779,92.9857
11.78,95.7446
11.781,98.4917
11.782,101.0478
11.783,103.7925
11.784,106.3524
11.785,109.0176
11.786,111.2487
11.787,113.8721
11.788,115.9351
11.789,117.8573
11.79,119.4207
11.791,121.1443
11.792,122.9949
11.793,123.8943
11.794,125.8088
11.795,127.2574
11.796,128.8574
11.797,130.0385
11.798,131.4988
11.799,132.9618
11.8,134.3327
11.801,135.657
11.802,136.621
11.803,137.7968
11.804,138.4829
11.805,139.2081
11.806,139.8442
11.807,140.5554
11.808,141.0179
11.809,141.6724
11.81,141.9559
11.811,142.3889
11.812,142.5296
11.813,142.4728
11.814,142.2682
11.815,142.1522
11.816,142.2005
11.817,142.2297
11.818,142.2305
11.819,141.8466
11.82,141.3765
11.821,140.6031
11.822,139.7091
11.823,138.907
11.824,138.1687
11.825,138.1332
11.826,137.412
11.827,136.467
11.828,135.2853
11.829,133.9792
11.83,132.528
11.831,131.2312
11.832,129.9437
11.833,128.4907
11.834,126.7956
11.835,125.0759
11.836,123.0565
11.837,120.7246
11.838,118.0859
11.839,115.6927
11.84,113.4808
11.841,112.6523
11.842,110.6948
11.843,108.0676
11.844,105.5878
11.845,102.3346
11.846,99.2972
11.847,96.2662
11.848,93.5074
11.849,90.6257
11.85,87.8499
11.851,84.9602
11.852,82.077
11.853,78.8663
11.854,75.6077
11.855,72.2689
11.856,69.2012
11.857,67.7905
11.858,64.6683
11.859,61.598
11.86,58.3577
11.861,54.817
11.862,51.2559
11.863,47.8326
11.864,44.7677
11.865,41.9642
11.866,39.3198
11.867,36.6802
11.868,34.1141
11.869,31.3255
11.87,29.0915
11.871,26.8563
11.872,25.3437
11.873,24.5879
11.874,22.9099
11.875,21.4876
11.876,19.8942
11.877,18.3388
11.878,16.6084
11.879,15.5277
11.88,14.7248
11.881,13.9765
11.882,13.2278
11.883,12.3936
11.884,11.641
11.885,10.5874
11.886,9.7449
11.887,8.9899
11.888,8.6671
11.889,8.8083
11.89,8.6898
11.891,8.4048
11.892,7.8646
11.893,7.4243
11.894,6.7777
11.895,6.5044
11.896,6.1276
11.897,6.0982
11.898,6.357
11.899,6.4195
11.9,6.4705
11.901,6.0435
11.902,5.7165
11.903,5.5054
11.904,5.785
11.905,6.177
11.906,6.5966
11.907,6.8704
11.908,6.8644
11.909,6.5632
11.91,6.3467
11.911,6.2839
11.912,6.27
11.913,6.0141
11.914,6.1742
11.915,6.4111
11.916,6.4094
11.917,6.0428
11.918,5.768
11.919,5.8702
11.92,6.099
11.921,6.548
11.922,6.8426
11.923,7.0625
11.924,7.1608
11.925,7.2829
11.926,7.4615
11.927,7.7239
11.928,7.9789
11.929,8.3151
11.93,8.889
11.931,9.3778
11.932,9.9057
11.933,10.3152
11.934,10.8119
11.935,11.4014
11.936,12.1232
11.937,12.913
11.938,13.5747
11.939,14.0773
11.94,14.5293
11.941,14.8399
11.942,15.529
11.943,16.2001
11.944,16.9074
11.945,17.6115
11.946,18.5384
11.947,19.4805
11.948,20.1629
11.949,20.7323
11.95,21.3895
11.951,22.4346
11.952,23.2449
11.953,24.521
11.954,25.1765
11.955,26.032
11.956,26.9323
11.957,27.9121
11.958,28.8171
11.959,29.7473
11.96,31.0451
11.961,32.4351
11.962,33.8668
11.963,35.2672
11.964,36.4657
11.965,37.6077
11.966,38.5799
11.967,39.8699
11.968,41.0468
11.969,42.0598
11.97,42.8598
11.971,43.8176
11.972,44.6799
11.973,46.0942
11.974,47.0215
11.975,48.2286
11.976,49.0852
11.977,50.4506
11.978,52.0433
11.979,53.5312
11.98,54.7881
11.981,55.7953
11.982,56.905
11.983,58.2595
11.984,59.4524
11.985,60.787
11.986,61.6301
11.987,62.6737
11.988,64.0424
11.989,64.8051
11.99,65.6317
11.991,66.2722
11.992,67.4085
11.993,69.0127
11.994,70.5752
11.995,72.0326
11.996,73.2539
11.997,74.4404
11.998,75.521
11.999,76.8652
12.0,78.1654
12.001,79.4161
12.002,80.2341
12.003,81.163
12.004,82.2509
12.005,82.9219
12.006,83.6413
12.007,84.4366
12.008,85.3561
12.009,86.418
12.01,87.4577
12.011,88.5641
12.012,89.5993
12.013,90.4618
12.014,91.3493
12.015,91.9374
12.016,92.8624
12.017,93.685
12.018,94.4474
12.019,95.3968
12.02,96.1002
12.021,96.5325
12.022,97.0088
12.023,97.5475
12.024,98.1353
12.025,98.7421
12.026,99.4035
12.027,100.179
12.028,100.8103
12.029,101.0456
12.03,101.3977
12.031,101.5952
12.032,102.1185
12.033,102.4211
12.034,103.0489
12.035,103.1712
12.036,103.3133
12.037,103.3194
12.038,103.483
12.039,103.5815
12.04,103.7235
12.041,103.9391
12.042,104.1922
12.043,104.3605
12.044,104.4459
12.045,104.2656
12.046,104.1519
12.047,103.8759
12.048,103.705
12.049,103.6547
12.05,103.9107
12.051,103.9761
12.052,103.9659
12.053,103.6276
12.054,103.1266
12.055,102.4703
12.056,102.2493
12.057,101.7803
12.058,101.4736
12.059,101.087
12.06,100.5533
12.061,99.8937
12.062,98.9685
12.063,98.3995
12.064,97.9024
12.065,97.3435
12.066,97.3325
12.067,96.6933
12.068,95.9005
12.069,95.2917
12.07,94.6288
12.071,93.8953
12.072,92.8157
12.073,91.5779
12.074,90.5985
12.075,89.5977
12.076,88.5981
12.077,87.3835
12.078,86.2108
12.079,85.056
12.08,84.0005
12.081,83.1646
12.082,83.0444
12.083,82.2103
12.084,81.4232
12.085,80.3822
12.086,79.2966
12.087,77.9437
12.088,77.1179
12.089,75.9652
12.09,75.0408
12.091,73.7879
12.092,72.4604
12.093,70.9278
12.094,69.4278
12.095,68.0845
12.096,66.9619
12.097,66.0931
12.098,65.915
12.099,65.1664
12.1,64.1629
12.101,63.0438
12.102,61.5697
12.103,60.1704
12.104,59.1523
12.105,58.1192
12.106,57.2285
12.107,55.9127
12.108,54.6989
12.109,53.1607
12.11,51.8388
12.111,50.6334
12.112,49.392
12.113,48.3168
12.114,47.9889
12.115,47.4334
12.116,46.7221
12.117,45.68
12.118,44.1795
12.119,43.2063
12.12,42.2046
12.121,41.7047
12.122,40.7422
12.123,40.0895
12.124,38.9806
12.125,38.0569
12.126,36.7826
12.127,35.5686
12.128,34.5739
12.129,34.7946
12.13,34.3016
12.131,33.6675
12.132,33.5464
12.133,31.6949
12.134,30.9448
12.135,30.1253
12.136,29.2768
12.137,28.4141
12.138,27.6502
12.139,26.9758
12.14,26.0868
12.141,25.3574
12.142,24.3732
12.143,23.2516
12.144,22.4241
12.145,22.1054
12.146,22.4986
12.147,22.3033
12.148,21.8754
12.149,21.2913
12.15,20.6511
12.151,20.0225
12.152,19.565
12.153,19.2178
12.154,18.794
12.155,18.3916
12.156,17.8955
12.157,17.4547
12.158,16.9803
12.159,16.5055
12.16,15.9739
12.161,15.8564
12.162,16.0428
12.163,16.1674
12.164,16.3091
12.165,16.2393
12.166,15.7105
12.167,15.2344
12.168,14.7795
12.169,14.8432
12.17,14.8609
12.171,15.1468
12.172,15.2121
12.173,15.3536
12.174,15.008
12.175,14.8139
12.176,14.9129
12.177,15.2298
12.178,15.7102
12.179,15.9846
12.18,16.3173
12.181,16.5276
12.182,16.6835
12.183,16.6066
12.184,17.2348
12.185,17.4508
12.186,18.2868
12.187,18.639
12.188,19.5112
12.189,20.0522
12.19,20.5826
12.191,21.0341
12.192,21.5822
12.193,22.5689
12.194,23.3732
12.195,24.3989
12.196,25.3226
12.197,25.7204
12.198,25.9727
12.199,26.6496
12.2,27.5848
12.201,28.7827
12.202,29.6729
12.203,30.5106
12.204,31.6258
12.205,32.6136
12.206,33.5906
12.207,34.3263
12.208,34.9922
12.209,36.1059
12.21,36.793
12.211,38.0012
12.212,39.2218
12.213,40.2118
12.214,40.9426
12.215,41.7271
12.216,42.7225
12.217,43.9425
12.218,45.2493
12.219,46.5571
12.22,47.8297
12.221,49.0386
12.222,50.1173
12.223,51.1037
12.224,52.3523
12.225,53.7771
12.226,54.6005
12.227,55.8657
12.228,56.859
12.229,58.0458
12.23,58.8065
12.231,59.6766
12.232,60.8229
12.233,61.914
12.234,63.0895
12.235,64.2599
12.236,65.8491
12.237,67.3301
12.238,68.5995
12.239,69.5768
12.24,70.911
12.241,72.2983
12.242,73.3154
12.243,74.7986
12.244,75.7959
12.245,76.8211
12.246,77.6296
12.247,78.3786
12.248,79.22
12.249,80.363
12.25,81.6529
12.251,82.9625
12.252,84.0186
12.253,85.0713
12.254,86.0113
12.255,86.8511
12.256,87.6302
12.257,88.4801
12.258,89.5389
12.259,90.2622
12.26,91.2174
12.261,92.032
12.262,92.7786
12.263,93.2153
12.264,93.8317
12.265,94.653
12.266,95.5876
12.267,96.6156
12.268,97.5986
12.269,98.3793
12.27,98.8035
12.271,99.1086
12.272,99.7492
12.273,100.5633
12.274,101.4454
12.275,101.8665
12.276,102.2219
12.277,102.2412
12.278,102.4468
12.279,102.5415
12.28,102.9124
12.281,103.3505
12.282,103.8755
12.283,104.3432
12.284,104.767
12.285,104.9724
12.286,105.1792
12.287,105.211
12.288,105.606
12.289,105.8976
12.29,106.1502
12.291,106.337
12.292,106.3868
12.293,106.1163
12.294,105.7881
12.295,105.5704
12.296,105.5696
12.297,105.533
12.298,105.3787
12.299,105.1013
12.3,105.0766
12.301,104.7325
12.302,104.5303
12.303,104.1965
12.304,104.2686
12.305,104.0526
12.306,103.8784
12.307,103.964
12.308,103.4915
12.309,102.9605
12.31,102.2302
12.311,101.5981
12.312,100.8643
12.313,100.294
12.314,99.3502
12.315,98.4967
12.316,97.7496
12.317,97.0436
12.318,96.4295
12.319,95.5694
12.32,94.8129
12.321,93.8379
12.322,93.142
12.323,92.9306
12.324,92.1405
12.325,91.3256
12.326,90.4492
12.327,89.2414
12.328,88.0821
12.329,86.9586
12.33,85.8258
12.331,84.7864
12.332,83.6979
12.333,82.6647
12.334,81.524
12.335,80.3433
12.336,79.1
12.337,78.121
12.338,77.144
12.339,76.8721
12.34,75.7546
12.341,74.2623
12.342,72.9807
12.343,71.9311
12.344,70.9889
12.345,69.8569
12.346,68.5944
12.347,67.2572
12.348,66.1271
12.349,65.0702
12.35,63.6413
12.351,62.2236
12.352,60.9168
12.353,59.783
12.354,58.9187
12.355,58.7851
12.356,58.0173
12.357,57.001
12.358,55.9273
12.359,54.4366
12.36,53.1824
12.361,52.1571
12.362,51.144
12.363,50.1783
12.364,48.8164
12.365,47.5596
12.366,46.1405
12.367,45.1075
12.368,44.0475
12.369,43.0651
12.37,42.2739
12.371,42.0064
12.372,41.2885
12.373,40.5207
12.374,39.7532
12.375,38.4352
12.376,37.4504
12.377,36.6523
12.378,36.0316
12.379,35.029
12.38,34.1614
12.381,33.2819
12.382,32.4571
12.383,31.3484
12.384,30.2486
12.385,29.5454
12.386,28.9264
12.387,28.9799
12.388,28.4109
12.389,27.7482
12.39,26.7413
12.391,26.1496
12.392,25.0694
12.393,24.4956
12.394,23.7053
12.395,23.2533
12.396,22.8062
12.397,22.0632
12.398,21.1567
12.399,20.337
12.4,19.5071
12.401,19.212
12.402,19.0485
12.403,19.4695
12.404,19.2198
12.405,18.7339
12.406,18.5847
12.407,18.0786
12.408,17.6009
12.409,16.9367
12.41,16.7115
12.411,17.004
12.412,17.0226
12.413,16.8746
12.414,16.4749
12.415,15.8068
12.416,15.3601
12.417,14.9446
12.418,15.1871
12.419,15.3729
12.42,15.3793
12.421,15.3691
12.422,15.334
12.423,15.1724
12.424,15.1795
12.425,15.0472
12.426,15.2914
12.427,15.619
12.428,16.0893
12.429,16.227
12.43,16.1731
12.431,16.137
12.432,16.1437
12.433,16.4772
12.434,17.1581
12.435,17.8044
12.436,18.6211
12.437,19.3009
12.438,19.6996
12.439,20.0157
12.44,20.5335
12.441,21.3268
12.442,22.126
12.443,22.8798
12.444,23.5578
12.445,24.0643
12.446,24.7141
12.447,25.3842
12.448,26.4447
12.449,27.1062
12.45,28.0603
12.451,28.7423
12.452,29.7177
12.453,30.9161
12.454,31.6657
12.455,32.3021
12.456,32.9553
12.457,33.8431
12.458,35.0401
12.459,36.2348
12.46,37.4134
12.461,38.5523
12.462,39.2271
12.463,40.196
12.464,40.9384
12.465,42.1445
12.466,43.2109
12.467,44.1757
12.468,45.3559
12.469,46.5674
12.47,47.8227
12.471,48.7881
12.472,49.9053
12.473,50.8045
12.474,52.0624
12.475,53.204
12.476,54.5556
12.477,56.0931
12.478,57.3477
12.479,58.2453
12.48,59.1031
12.481,60.1746
12.482,61.6573
12.483,62.4646
12.484,63.7102
12.485,65.0626
12.486,66.2047
12.487,67.1665
12.488,67.9135
12.489,69.3746
12.49,70.7867
12.491,72.4671
12.492,73.7137
12.493,75.2002
12.494,76.3936
12.495,77.3049
12.496,78.1454
12.497,79.1842
12.498,80.1558
12.499,80.8308
12.5,81.8091
12.501,82.8991
12.502,83.9265
12.503,84.5773
12.504,85.4158
12.505,86.1846
12.506,87.3538
12.507,88.2815
12.508,89.4021
12.509,90.6131
12.51,91.6767
12.511,92.5049
12.512,92.9272
12.513,93.6407
12.514,94.7957
12.515,95.7099
12.516,96.6709
12.517,97.2046
12.518,97.7047
12.519,98.1385
12.52,98.7338
12.521,99.2931
12.522,100.1192
12.523,100.7182
12.524,101.2419
12.525,101.668
12.526,102.1708
12.527,102.4541
12.528,102.6124
12.529,102.8987
12.53,104.0848
12.531,103.3011
12.532,104.4886
12.533,105.6896
12.534,105.9155
12.535,105.1556
12.536,104.8718
12.537,104.7817
12.538,104.8388
12.539,105.2289
12.54,105.5242
12.541,106.0662
12.542,106.1079
12.543,106.2213
12.544,105.9838
12.545,105.9014
12.546,105.8503
12.547,105.8694
12.548,106.1151
12.549,106.0061
12.55,105.9244
12.551,105.4841
12.552,104.8495
12.553,104.2605
12.554,104.0092
12.555,104.0464
12.556,103.7285
12.557,103.4129
12.558,102.8048
12.559,102.4897
12.56,102.0008
12.561,101.6012
12.562,101.1102
12.563,100.5756
12.564,100.3957
12.565,99.6702
12.566,98.7468
12.567,97.9247
12.568,96.7419
12.569,95.8296
12.57,95.0139
12.571,94.2209
12.572,93.2421
12.573,92.2138
12.574,91.2118
12.575,90.1498
12.576,89.2944
12.577,88.5006
12.578,87.7107
12.579,86.8804
12.58,86.7076
12.581,85.7324
12.582,84.5943
12.583,83.1869
12.584,82.1113
12.585,80.7425
12.586,79.4624
12.587,78.3598
12.588,77.553
12.589,76.4558
12.59,75.0509
12.591,73.4982
12.592,72.1016
12.593,70.7291
12.594,69.7242
12.595,68.9323
12.596,68.7675
12.597,67.6404
12.598,66.3114
12.599,65.0547
12.6,63.9997
12.601,62.7929
12.602,61.7941
12.603,60.8114
12.604,60.0315
12.605,59.1271
12.606,58.0405
12.607,56.6383
12.608,55.1755
12.609,53.877
12.61,52.8191
12.611,51.7619
12.612,51.3471
12.613,50.1773
12.614,49.3168
12.615,48.1335
12.616,47.0239
12.617,45.4244
12.618,44.3095
12.619,43.2008
12.62,42.7144
12.621,41.9303
12.622,41.1384
12.623,39.8069
12.624,38.4569
12.625,37.2568
12.626,36.7143
12.627,36.0622
12.628,36.0078
12.629,35.1529
12.63,34.4206
12.631,33.5697
12.632,32.8748
12.633,31.7618
12.634,31.0256
12.635,30.3015
12.636,29.8267
12.637,29.1536
12.638,28.2329
12.639,27.2934
12.64,26.262
12.641,25.4127
12.642,24.4354
12.643,23.7628
12.644,23.7435
12.645,23.2045
12.646,22.6591
12.647,21.9523
12.648,21.1074
12.649,20.6186
12.65,20.1589
12.651,19.8476
12.652,19.6243
12.653,19.6255
12.654,19.6601
12.655,19.2788
12.656,18.5628
12.657,17.5875
12.658,17.0248
12.659,16.7346
12.66,16.999
12.661,16.8336
12.662,16.5185
12.663,16.2027
12.664,15.7543
12.665,15.3293
12.666,15.2177
12.667,15.2465
12.668,15.3848
12.669,15.5783
12.67,15.5938
12.671,15.5235
12.672,15.1895
12.673,14.9815
12.674,15.1309
12.675,15.2634
12.676,15.5806
12.677,15.866
12.678,15.9644
12.679,15.9459
12.68,16.1751
12.681,16.1257
12.682,16.5494
12.683,16.7821
12.684,17.4232
12.685,17.8746
12.686,18.5511
12.687,18.995
12.688,19.3129
12.689,19.9359
12.69,20.3238
12.691,21.0979
12.692,21.7484
12.693,22.4935
12.694,23.4152
12.695,24.1979
12.696,24.7656
12.697,25.2602
12.698,26.0711
12.699,27.2369
12.7,28.2788
12.701,29.2536
12.702,30.0759
12.703,30.8766
12.704,31.5631
12.705,32.4888
12.706,33.3939
12.707,34.4317
12.708,35.1021
12.709,36.2451
12.71,37.3263
12.711,38.2282
12.712,38.9474
12.713,39.8221
12.714,40.8717
12.715,42.1548
12.716,43.4782
12.717,44.9114
12.718,46.2046
12.719,47.0883
12.72,47.9535
12.721,48.7002
12.722,50.0076
12.723,51.3297
12.724,52.1037
12.725,53.3771
12.726,54.5765
12.727,55.744
12.728,56.7036
12.729,57.3338
12.73,58.3845
12.731,59.5409
12.732,61.0079
12.733,62.5412
12.734,64.069
12.735,65.4202
12.736,66.6126
12.737,67.7047
12.738,68.9498
12.739,70.2895
12.74,71.2876
12.741,72.5264
12.742,73.9712
12.743,74.7258
12.744,75.9192
12.745,76.504
12.746,77.7651
12.747,78.6293
12.748,79.997
12.749,81.2823
12.75,82.401
12.751,83.4254
12.752,84.0112
12.753,85.0886
12.754,85.8829
12.755,86.9849
12.756,87.6633
12.757,88.5256
12.758,89.7513
12.759,90.6894
12.76,91.198
12.761,91.7633
12.762,92.5845
12.763,93.5722
12.764,94.6557
12.765,95.7199
12.766,96.7593
12.767,97.2204
12.768,97.6705
12.769,98.0588
12.77,98.8247
12.771,99.4062
12.772,100.0306
12.773,100.5831
12.774,100.9548
12.775,101.4659
12.776,101.6971
12.777,102.1281
12.778,102.3434
12.779,102.948
12.78,103.4499
12.781,104.239
12.782,104.5764
12.783,104.9108
12.784,104.9657
12.785,105.1876
12.786,105.1225
12.787,105.3602
12.788,105.5559
12.789,105.8409
12.79,105.8506
12.791,105.9944
12.792,106.0555
12.793,105.7614
12.794,105.9474
12.795,105.9533
12.796,106.1413
12.797,106.1253
12.798,106.0364
12.799,105.8559
12.8,105.4946
12.801,105.1229
12.802,105.0201
12.803,104.8324
12.804,104.9332
12.805,104.6013
12.806,103.9129
12.807,103.4644
12.808,103.0411
12.809,102.5168
12.81,101.9693
12.811,101.3508
12.812,100.9471
12.813,100.3426
12.814,99.7959
12.815,98.7922
12.816,97.8114
12.817,96.9262
12.818,96.2579
12.819,95.7015
12.82,95.6301
12.821,95.0062
12.822,94.4563
12.823,93.5138
12.824,92.4767
12.825,91.2106
12.826,90.1277
12.827,89.0595
12.828,87.768
12.829,86.9017
12.83,85.7491
12.831,84.7898
12.832,83.4491
12.833,82.1247
12.834,80.8975
12.835,79.7372
12.836,78.9861
12.837,78.7852
12.838,77.7495
12.839,76.9016
12.84,75.7652
12.841,74.684
12.842,73.513
12.843,72.1091
12.844,70.9193
12.845,69.4806
12.846,68.676
12.847,67.1465
12.848,65.8762
12.849,64.03
12.85,63.0113
12.851,61.8736
12.852,61.0811
12.853,60.6668
12.854,59.7584
12.855,58.8464
12.856,57.8956
12.857,56.9032
12.858,55.6982
12.859,54.7523
12.86,53.62
12.861,52.5023
12.862,51.3119
12.863,50.0811
12.864,48.7432
12.865,47.3776
12.866,46.0839
12.867,45.0411
12.868,43.981
12.869,43.8659
12.87,42.9329
12.871,41.8219
12.872,40.8076
12.873,39.7778
12.874,39.1146
12.875,38.4512
12.876,37.5699
12.877,36.6656
12.878,35.8779
12.879,35.027
12.88,34.0259
12.881,32.7603
12.882,32.129
12.883,31.3209
12.884,30.6935
12.885,30.5057
12.886,29.5704
12.887,28.7917
12.888,27.9529
12.889,27.2062
12.89,26.2875
12.891,25.7551
12.892,25.2836
12.893,24.7931
12.894,24.21
12.895,23.348
12.896,22.5901
12.897,21.5278
12.898,20.8442
12.899,20.3379
12.9,20.2079
12.901,20.2753
12.902,20.2617
12.903,19.6054
12.904,19.2775
12.905,18.4705
12.906,18.3658
12.907,17.8342
12.908,17.734
12.909,17.5358
12.91,17.3537
12.911,16.7923
12.912,16.301
12.913,15.868
12.914,15.6636
12.915,15.4248
12.916,15.3136
12.917,15.4807
12.918,15.451
12.919,15.4378
12.92,15.3592
12.921,15.2963
12.922,15.0684
12.923,14.9515
12.924,14.9038
12.925,15.1977
12.926,15.4224
12.927,15.6496
12.928,15.5356
12.929,15.6183
12.93,15.7066
12.931,16.2557
12.932,16.7295
12.933,17.111
12.934,17.6271
12.935,18.2854
12.936,18.6161
12.937,19.004
12.938,19.215
12.939,19.7615
12.94,20.4296
12.941,21.0716
12.942,21.904
12.943,22.5611
12.944,23.358
12.945,23.9152
12.946,24.6833
12.947,25.5467
12.948,26.4529
12.949,27.0627
12.95,27.7954
12.951,28.563
12.952,29.5802
12.953,30.4015
12.954,31.1077
12.955,31.9513
12.956,33.0373
12.957,34.3628
12.958,35.4784
12.959,36.5251
12.96,37.5156
12.961,38.3459
12.962,39.4545
12.963,40.3475
12.964,41.7414
12.965,42.2585
12.966,43.4083
12.967,44.5261
12.968,45.6329
12.969,46.4406
12.97,47.2889
12.971,48.463
12.972,49.9019
12.973,51.189
12.974,52.5284
12.975,53.6956
12.976,54.9067
12.977,55.6933
12.978,56.651
12.979,57.8839
12.98,59.261
12.981,60.1507
12.982,61.5088
12.983,62.9696
12.984,64.3063
12.985,65.4575
12.986,66.3209
12.987,67.5222
12.988,68.6179
12.989,70.1186
12.99,71.598
12.991,72.8843
12.992,73.976
12.993,74.6977
12.994,75.9542
12.995,76.8081
12.996,78.1125
12.997,79.0505
12.998,79.8079
12.999,81.0411
13.0,81.6499
13.001,82.5781
13.002,83.3953
13.003,84.6252
13.004,85.7601
13.005,86.8492
13.006,87.9169
13.007,89.2235
13.008,90.0502
13.009,90.866
13.01,91.494
13.011,92.3464
13.012,93.4383
13.013,94.3179
13.014,95.0941
13.015,96.0553
13.016,96.5335
13.017,96.8857
13.018,97.3742
13.019,97.8227
13.02,98.462
13.021,99.2674
13.022,100.1869
13.023,100.8572
13.024,101.2996
13.025,101.4274
13.026,101.5357
13.027,102.0212
13.028,102.7116
13.029,102.5598
13.03,104.0421
13.031,104.2697
13.032,105.2583
13.033,104.2844
13.034,104.8091
13.035,105.0299
13.036,105.3871
13.037,105.434
13.038,105.6862
13.039,105.8471
13.04,105.9384
13.041,105.8304
13.042,105.8848
13.043,105.8949
13.044,106.0046
13.045,106.2276
13.046,106.4388
13.047,106.4252
13.048,106.1752
13.049,105.6004
13.05,105.2812
13.051,105.0285
13.052,104.9305
13.053,104.7378
13.054,104.3552
13.055,104.0446
13.056,103.3821
13.057,102.9391
13.058,102.4737
13.059,102.2417
13.06,101.816
13.061,101.8301
13.062,101.4816
13.063,100.6865
13.064,99.9561
13.065,99.0168
13.066,98.4199
13.067,97.5657
13.068,96.7725
13.069,95.8512
13.07,95.0028
13.071,94.185
13.072,93.2889
13.073,92.5393
13.074,91.4203
13.075,90.6841
13.076,89.8369
13.077,89.7093
13.078,88.9963
13.079,87.8829
13.08,86.7051
13.081,85.5396
13.082,84.2535
13.083,83.2448
13.084,81.8524
13.085,80.8052
13.086,79.5095
13.087,78.0374
13.088,76.7952
13.089,75.5227
13.09,74.7384
13.091,73.6556
13.092,72.5928
13.093,72.3669
13.094,71.2405
13.095,70.1715
13.096,68.9591
13.097,67.8683
13.098,66.4655
13.099,65.0392
13.1,63.743
13.101,62.6292
13.102,61.6399
13.103,60.3783
13.104,58.938
13.105,57.5828
13.106,56.4266
13.107,55.4521
13.108,54.5536
13.109,54.444
13.11,53.3608
13.111,52.4185
13.112,51.536
13.113,50.4326
13.114,49.3145
13.115,48.0732
13.116,47.218
13.117,46.2157
13.118,45.2189
13.119,44.0047
13.12,42.7514
13.121,41.3753
13.122,40.1349
13.123,39.2272
13.124,38.5552
13.125,38.5382
13.126,37.3503
13.127,36.6555
13.128,35.6349
13.129,34.8959
13.13,33.749
13.131,32.9181
13.132,32.2388
13.133,31.6614
13.134,30.9823
13.135,30.3189
13.136,29.4425
13.137,28.5933
13.138,27.5166
13.139,26.7269
13.14,25.8908
13.141,25.4432
13.142,25.4587
13.143,24.9821
13.144,24.0648
13.145,23.1167
13.146,22.1856
13.147,21.625
13.148,21.2226
13.149,20.8771
13.15,20.6789
13.151,20.3083
13.152,19.9367
13.153,19.143
13.154,18.7256
13.155,18.0353
13.156,17.6032
13.157,17.1637
13.158,17.2756
13.159,17.1367
13.16,17.0839
13.161,16.7593
13.162,16.3841
13.163,16.1055
13.164,16.0277
13.165,15.9763
13.166,15.6758
13.167,15.6978
13.168,15.503
13.169,15.4889
13.17,15.0451
13.171,14.8135
13.172,14.801
13.173,15.0626
13.174,15.4838
13.175,15.9489
13.176,15.98
13.177,15.7604
13.178,15.4878
13.179,15.4992
13.18,15.879
13.181,16.3661
13.182,16.814
13.183,17.2969
13.184,17.5655
13.185,17.9607
13.186,18.2682
13.187,18.7253
13.188,19.3534
13.189,20.0873
13.19,20.6801
13.191,21.2593
13.192,21.7885
13.193,22.3804
13.194,23.0313
13.195,23.7124
13.196,24.396
13.197,25.1482
13.198,26.0334
13.199,27.0777
13.2,28.0271
13.201,28.993
13.202,29.7844
13.203,30.7302
13.204,31.7788
13.205,32.8356
13.206,33.5285
13.207,34.3507
13.208,35.068
13.209,35.9319
13.21,36.8279
13.211,37.7334
13.212,38.7487
13.213,39.9094
13.214,41.278
13.215,42.5586
13.216,43.6457
13.217,44.8179
13.218,45.7713
13.219,47.0107
13.22,48.0139
13.221,49.2756
13.222,50.0702
13.223,51.227
13.224,52.4417
13.225,53.5755
13.226,54.2617
13.227,55.1717
13.228,56.0847
13.229,57.5307
13.23,59.0188
13.231,60.5595
13.232,61.882
13.233,63.1568
13.234,64.2073
13.235,65.4628
13.236,66.894
13.237,68.4369
13.238,69.2542
13.239,70.6825
13.24,71.9486
13.241,72.7425
13.242,73.2956
13.243,74.1836
13.244,75.4243
13.245,76.6543
13.246,77.642
13.247,78.7346
13.248,79.7677
13.249,80.8948
13.25,81.8913
13.251,83.1062
13.252,84.3384
13.253,85.6715
13.254,86.4165
13.255,87.1274
13.256,88.1071
13.257,88.916
13.258,89.9498
13.259,90.5447
13.26,91.3888
13.261,92.3572
13.262,93.3039
13.263,94.2038
13.264,94.9198
13.265,95.4716
13.266,96.006
13.267,96.577
13.268,97.5664
13.269,98.3987
13.27,99.0354
13.271,99.6396
13.272,100.2487
13.273,100.5339
13.274,100.9392
13.275,101.1604
13.276,101.6488
13.277,102.173
13.278,102.7216
13.279,103.1893
13.28,103.6414
13.281,104.0967
13.282,104.4717
13.283,104.7594
13.284,104.9826
13.285,105.2083
13.286,105.5548
13.287,105.6209
13.288,105.8937
13.289,106.1472
13.29,106.2979
13.291,106.2085
13.292,106.0616
13.293,106.0235
13.294,106.0371
13.295,106.236
13.296,106.1983
13.297,106.049
13.298,105.5958
13.299,105.5405
13.3,105.3065
13.301,105.347
13.302,105.3737
13.303,105.144
13.304,104.9144
13.305,104.5309
13.306,103.8321
13.307,103.0251
13.308,102.668
13.309,102.2931
13.31,101.8493
13.311,101.1953
13.312,100.5799
13.313,99.8179
13.314,99.2178
13.315,98.4393
13.316,97.8694
13.317,97.3189
13.318,97.2406
13.319,96.7112
13.32,95.8691
13.321,95.2886
13.322,94.023
13.323,93.0269
13.324,91.9163
13.325,91.1243
13.326,90.2033
13.327,89.2969
13.328,88.2158
13.329,87.0346
13.33,85.8025
13.331,84.7164
13.332,83.4342
13.333,82.4986
13.334,82.3476
13.335,81.283
13.336,80.0484
13.337,78.9637
13.338,77.84
13.339,76.7137
13.34,75.3953
13.341,74.0601
13.342,73.0124
13.343,71.8023
13.344,70.6101
13.345,69.2279
13.346,67.8061
13.347,66.6896
13.348,65.3837
13.349,64.4625
13.35,64.1965
13.351,63.2077
13.352,62.2273
13.353,61.027
13.354,59.5592
13.355,58.3061
13.356,57.2625
13.357,56.4541
13.358,55.4375
13.359,54.5619
13.36,53.3801
13.361,52.2911
13.362,50.7071
13.363,49.3753
13.364,48.039
13.365,47.3535
13.366,47.2849
13.367,46.1924
13.368,45.086
13.369,43.7432
13.37,42.8115
13.371,41.4428
13.372,40.4479
13.373,39.2201
13.374,38.4821
13.375,37.765
13.376,37.0595
13.377,36.1462
13.378,35.137
13.379,33.998
13.38,33.1337
13.381,32.4484
13.382,32.5388
13.383,32.0564
13.384,31.4722
13.385,30.5617
13.386,29.6901
13.387,28.5426
13.388,27.7734
13.389,27.0517
13.39,26.6765
13.391,26.3253
13.392,25.6519
13.393,24.6068
13.394,23.4538
13.395,22.6985
13.396,22.1585
13.397,21.8776
13.398,21.941
13.399,21.434
13.4,20.8687
13.401,20.2666
13.402,19.4744
13.403,18.8396
13.404,18.3409
13.405,18.0783
13.406,17.8802
13.407,17.6789
13.408,17.4773
13.409,17.274
13.41,16.9885
13.411,16.3865
13.412,15.9408
13.413,15.6618
13.414,16.0118
13.415,15.9745
13.416,15.9672
13.417,15.9041
13.418,15.4692
13.419,15.1396
13.42,15.0393
13.421,14.917
13.422,14.7444
13.423,14.8953
13.424,15.2227
13.425,15.5807
13.426,15.3319
13.427,15.226
13.428,15.1307
13.429,15.5574
13.43,16.0809
13.431,16.6435
13.432,17.1417
13.433,17.5196
13.434,17.7304
13.435,17.9471
13.436,18.1099
13.437,18.4555
13.438,19.0608
13.439,19.8016
13.44,20.5862
13.441,21.3993
13.442,21.8969
13.443,22.4788
13.444,23.0687
13.445,24.1807
13.446,25.2256
13.447,25.8851
13.448,26.6323
13.449,27.2769
13.45,27.7376
13.451,28.1959
13.452,29.1133
13.453,29.9897
13.454,31.3228
13.455,32.3161
13.456,33.6528
13.457,34.5998
13.458,35.458
13.459,36.262
13.46,37.3334
13.461,38.3496
13.462,39.4372
13.463,40.2767
13.464,41.5965
13.465,42.7421
13.466,43.6533
13.467,44.4781
13.468,45.4098
13.469,46.5477
13.47,47.8389
13.471,49.021
13.472,50.1693
13.473,51.1734
13.474,52.357
13.475,53.4273
13.476,54.7375
13.477,55.9156
13.478,57.1265
13.479,57.8566
13.48,59.1477
13.481,60.1306
13.482,61.3349
13.483,62.3813
13.484,63.5669
13.485,64.774
13.486,66.1179
13.487,67.4589
13.488,69.0779
13.489,70.5603
13.49,71.8184
13.491,72.9049
13.492,73.9752
13.493,75.1786
13.494,76.2045
13.495,76.7873
13.496,77.8364
13.497,79.071
13.498,80.2269
13.499,80.7804
13.5,81.6636
13.501,82.4655
13.502,83.7563
13.503,84.6758
13.504,86.0931
13.505,87.2036
13.506,88.2938
13.507,88.7589
13.508,89.6507
13.509,90.7297
13.51,91.9642
13.511,92.7483
13.512,93.7219
13.513,94.2949
13.514,94.8518
13.515,95.3105
13.516,95.9724
13.517,96.6038
13.518,97.5316
13.519,98.3832
13.52,99.2976
13.521,99.8517
13.522,100.3283
13.523,100.4281
13.524,100.7927
13.525,101.3774
13.526,102.0555
13.527,102.542
13.528,102.8366
13.529,103.0966
13.53,103.064
13.531,103.6805
13.532,104.1581
13.533,104.916
13.534,105.1625
13.535,105.3879
13.536,105.8904
13.537,105.9206
13.538,105.929
13.539,105.8688
13.54,105.8923
13.541,105.9669
13.542,105.8365
13.543,106.0829
13.544,106.243
13.545,106.2766
13.546,106.321
13.547,106.0622
13.548,105.8022
13.549,105.4966
13.55,105.3617
13.551,105.2396
13.552,105.2136
13.553,104.9941
13.554,104.5742
13.555,104.1412
13.556,103.5127
13.557,103.2123
13.558,102.8857
13.559,102.885
13.56,102.3521
13.561,101.5759
13.562,100.7499
13.563,99.8648
13.564,98.8982
13.565,98.46
13.566,98.0806
13.567,97.6089
13.568,96.9187
13.569,96.2582
13.57,95.5356
13.571,94.5629
13.572,93.5298
13.573,92.5711
13.574,91.8284
13.575,91.691
13.576,90.8674
13.577,89.6975
13.578,88.6735
13.579,87.1315
13.58,86.0927
13.581,85.0221
13.582,84.2441
13.583,83.0846
13.584,81.9571
13.585,80.8825
13.586,79.7606
13.587,78.3091
13.588,76.6628
13.589,75.5998
13.59,74.594
13.591,74.5164
13.592,73.5483
13.593,72.3836
13.594,71.2559
13.595,69.8888
13.596,68.6438
13.597,67.1794
13.598,66.1727
13.599,65.1153
13.6,64.2187
13.601,62.8559
13.602,61.466
13.603,60.0315
13.604,58.7995
13.605,57.6384
13.606,56.6594
13.607,56.5339
13.608,55.551
13.609,54.7692
13.61,53.5665
13.611,52.238
13.612,50.8738
13.613,49.8542
13.614,49.0646
13.615,48.2566
13.616,47.1884
13.617,45.9185
13.618,44.5064
13.619,43.2508
13.62,42.1342
13.621,41.0853
13.622,40.2671
13.623,40.0326
13.624,39.3633
13.625,38.4818
13.626,37.7413
13.627,36.6611
13.628,35.5094
13.629,34.4274
13.63,33.5368
13.631,33.0364
13.632,32.4388
13.633,31.8845
13.634,30.9673
13.635,29.7774
13.636,28.6125
13.637,27.8258
13.638,27.2824
13.639,27.3041
13.64,26.9323
13.641,26.1515
13.642,25.3839
13.643,24.5726
13.644,23.7766
13.645,23.0145
13.646,22.3393
13.647,21.9391
13.648,21.7816
13.649,21.5245
13.65,21.1086
13.651,20.2788
13.652,19.3281
13.653,18.7592
13.654,18.3025
13.655,18.4694
13.656,18.5095
13.657,18.1394
13.658,17.6394
13.659,16.8412
13.66,16.4049
13.661,16.1054
13.662,16.0917
13.663,15.9335
13.664,15.8994
13.665,15.706
13.666,15.666
13.667,15.5098
13.668,15.4934
13.669,15.3247
13.67,15.1844
13.671,15.252
13.672,15.2091
13.673,15.4432
13.674,15.5658
13.675,15.0212
13.676,14.929
13.677,14.8324
13.678,15.5398
13.679,15.6488
13.68,16.0652
13.681,16.4441
13.682,16.8368
13.683,17.2593
13.684,17.5046
13.685,18.1098
13.686,18.3351
13.687,18.8767
13.688,19.3299
13.689,20.0887
13.69,20.3411
13.691,21.0374
13.692,21.3344
13.693,22.1723
13.694,22.9974
13.695,24.0204
13.696,25.0269
13.697,25.7381
13.698,26.3817
13.699,27.1947
13.7,27.9742
13.701,28.5925
13.702,29.3214
13.703,30.2009
13.704,31.5064
13.705,32.7578
13.706,33.6988
13.707,34.44
13.708,35.1835
13.709,35.9486
13.71,36.7547
13.711,37.9394
13.712,39.0838
13.713,40.4467
13.714,41.4929
13.715,42.6165
13.716,43.5299
13.717,44.4845
13.718,45.6676
13.719,46.6343
13.72,47.9555
13.721,49.0992
13.722,50.1381
13.723,50.9269
13.724,51.7367
13.725,52.9542
13.726,54.2889
13.727,55.6251
13.728,56.9316
13.729,58.3564
13.73,59.4889
13.731,60.4991
13.732,61.474
13.733,62.7605
13.734,64.302
13.735,66.0062
13.736,66.9375
13.737,68.2869
13.738,69.4391
13.739,70.1976
13.74,70.9807
13.741,71.9515
13.742,73.165
13.743,74.4098
13.744,75.7035
13.745,77.1719
13.746,78.4327
13.747,79.4907
13.748,80.2411
13.749,81.385
13.75,82.5673
13.751,83.8306
13.752,84.4697
13.753,85.3584
13.754,86.093
13.755,86.7202
13.756,87.4097
13.757,88.4226
13.758,89.428
13.759,90.6221
13.76,91.5092
13.761,92.6311
13.762,93.511
13.763,94.405
13.764,95.1135
13.765,95.7878
13.766,96.6017
13.767,97.3958
13.768,98.0246
13.769,98.4143
13.77,98.756
13.771,99.0357
13.772,99.5742
13.773,99.9771
13.774,100.4396
13.775,100.93
13.776,101.7598
13.777,102.4909
13.778,103.0569
13.779,103.2488
13.78,103.4397
13.781,103.9219
13.782,104.3355
13.783,104.875
13.784,105.2004
13.785,105.3726
13.786,105.7279
13.787,105.6158
13.788,105.7444
13.789,105.4938
13.79,105.6713
13.791,105.8115
13.792,106.3033
13.793,106.3803
13.794,106.5765
13.795,106.289
13.796,106.1942
13.797,106.0221
13.798,105.9842
13.799,105.7324
13.8,105.8092
13.801,105.6126
13.802,105.3876
13.803,104.9555
13.804,104.4273
13.805,103.9329
13.806,103.8216
13.807,103.4089
13.808,102.9863
13.809,102.4188
13.81,101.765
13.811,101.0569
13.812,100.3886
13.813,99.6711
13.814,99.1619
13.815,98.7251
13.816,98.593
13.817,97.9267
13.818,97.0926
13.819,96.3581
13.82,95.5193
13.821,94.68
13.822,93.7531
13.823,92.8673
13.824,92.0113
13.825,91.1532
13.826,90.285
13.827,88.9145
13.828,87.9548
13.829,86.6521
13.83,85.7229
13.831,84.6231
13.832,84.5814
13.833,83.6008
13.834,82.554
13.835,81.2307
13.836,79.9403
13.837,78.629
13.838,77.391
13.839,76.3728
13.84,75.3362
13.841,74.163
13.842,72.9484
13.843,71.5907
13.844,70.2647
13.845,68.9626
13.846,67.9265
13.847,66.8944
13.848,66.7172
13.849,65.4355
13.85,64.4204
13.851,63.1189
13.852,61.7008
13.853,60.3192
13.854,59.0787
13.855,58.2798
13.856,57.4208
13.857,56.6116
13.858,55.626
13.859,54.3655
13.86,53.0211
13.861,51.4989
13.862,50.4317
13.863,49.4882
13.864,49.4335
13.865,48.5193
13.866,47.6195
13.867,46.4386
13.868,45.4839
13.869,43.9338
13.87,42.901
13.871,41.6664
13.872,40.5213
13.873,39.3646
13.874,38.4256
13.875,37.47
13.876,36.3336
13.877,35.2803
13.878,34.3856
13.879,33.897
13.88,33.9306
13.881,33.3405
13.882,32.7551
13.883,31.7989
13.884,31.0467
13.885,30.1873
13.886,29.4346
13.887,28.6237
13.888,28.1487
13.889,27.4786
13.89,26.5286
13.891,25.5103
13.892,24.4552
13.893,23.8796
13.894,23.285
13.895,22.8997
13.896,22.8209
13.897,22.53
13.898,22.0208
13.899,21.4676
13.9,20.5739
13.901,20.0385
13.902,19.5489
13.903,19.3037
13.904,18.9294
13.905,18.7409
13.906,18.5873
13.907,18.0669
13.908,17.3753
13.909,16.5676
13.91,16.0868
13.911,16.0347
13.912,16.3167
13.913,16.1637
13.914,16.0259
13.915,15.6691
13.916,15.2105
13.917,14.7797
13.918,14.7597
13.919,15.0365
13.92,15.347
13.921,15.318
13.922,15.2675
13.923,15.1725
13.924,15.2777
13.925,15.125
13.926,15.2889
13.927,15.4462
13.928,15.9662
13.929,16.2042
13.93,16.5435
13.931,16.4901
13.932,16.6877
13.933,16.5827
13.934,16.9422
13.935,17.2818
13.936,18.0691
13.937,18.8505
13.938,19.4394
13.939,20.1005
13.94,20.6462
13.941,21.3746
13.942,22.1207
13.943,22.7705
13.944,23.3828
13.945,24.0391
13.946,24.7976
13.947,25.3039
13.948,26.0828
13.949,26.6202
13.95,27.3556
13.951,28.2163
13.952,29.3186
13.953,30.609
13.954,31.5874
13.955,32.5106
13.956,33.2513
13.957,34.2909
13.958,35.248
13.959,36.4957
13.96,37.2482
13.961,38.5828
13.962,39.8002
13.963,40.6373
13.964,41.6544
13.965,42.2229
13.966,43.3409
13.967,44.2469
13.968,45.5792
13.969,46.8457
13.97,47.9438
13.971,49.1212
13.972,50.3586
13.973,51.2466
13.974,52.4351
13.975,53.3276
13.976,54.3474
13.977,55.6184
13.978,56.8247
13.979,58.2135
13.98,59.133
13.981,60.1654
13.982,61.2717
13.983,62.4768
13.984,63.945
13.985,65.6369
13.986,66.9799
13.987,68.309
13.988,69.1885
13.989,70.3215
13.99,71.3061
13.991,72.6345
13.992,73.4814
13.993,74.9468
13.994,76.0317
13.995,77.1713
13.996,77.8665
13.997,78.9987
13.998,79.9959
13.999,80.9777
14.0,81.9766
14.001,82.965
14.002,84.1569
14.003,85.2062
14.004,86.174
14.005,86.7592
14.006,87.6572
14.007,88.8779
14.008,89.8908
14.009,91.229
14.01,92.281
14.011,92.9721
14.012,93.4353
14.013,93.7364
14.014,94.6349
14.015,95.4038
14.016,96.2174
14.017,96.8763
14.018,97.6435
14.019,98.3289
14.02,98.6879
14.021,99.1304
14.022,99.4553
14.023,100.0309
14.024,100.6645
14.025,101.3839
14.026,101.9684
14.027,102.2137
14.028,102.6589
14.029,102.9907
14.03,103.3056
14.031,103.6654
14.032,104.0388
14.033,104.8389
14.034,105.2453
14.035,105.7207
14.036,105.7008
14.037,105.7292
14.038,105.8002
14.039,106.2211
14.04,106.6567
14.041,106.8471
14.042,107.1119
14.043,106.7999
14.044,106.5274
14.045,106.2972
14.046,106.0916
14.047,106.1306
14.048,105.7256
14.049,105.6916
14.05,105.5969
14.051,105.562
14.052,105.207
14.053,104.6119
14.054,104.2588
14.055,103.8978
14.056,103.7104
14.057,103.7338
14.058,103.2632
14.059,102.6578
14.06,101.9863
14.061,101.2033
14.062,100.4438
14.063,99.8186
14.064,99.2243
14.065,98.8056
14.066,98.1073
14.067,97.4792
14.068,96.5226
14.069,95.6799
14.07,94.7038
14.071,94.1239
14.072,93.4334
14.073,93.3555
14.074,92.4098
14.075,91.4683
14.076,90.4713
14.077,89.3298
14.078,88.2213
14.079,87.2662
14.08,86.154
14.081,85.1688
14.082,84.1648
14.083,83.3418
14.084,82.359
14.085,81.2824
14.086,79.8742
14.087,78.5422
14.088,77.35
14.089,77.0774
14.09,76.0051
14.091,74.831
14.092,73.5122
14.093,72.0508
14.094,70.7218
14.095,69.3442
14.096,68.2557
14.097,67.1945
14.098,66.0831
14.099,64.9603
14.1,63.3775
14.101,61.9998
14.102,60.6866
14.103,59.7902
14.104,58.8274
14.105,58.388
14.106,57.5653
14.107,56.4179
14.108,55.6815
14.109,54.4765
14.11,53.4478
14.111,52.3493
14.112,51.4798
14.113,50.7255
14.114,49.6911
14.115,48.4889
14.116,46.9691
14.117,45.4973
14.118,44.1024
14.119,42.9616
14.12,42.0173
14.121,41.7533
14.122,40.9118
14.123,39.7897
14.124,38.8697
14.125,37.7106
14.126,36.9105
14.127,36.066
14.128,35.3145
14.129,34.5712
14.13,33.8578
14.131,33.0547
14.132,32.1169
14.133,31.3793
14.134,30.5909
14.135,29.9434
14.136,29.1614
14.137,29.0925
14.138,28.4664
14.139,27.8396
14.14,26.762
14.141,25.8937
14.142,24.9328
14.143,24.2064
14.144,23.5626
14.145,23.1023
14.146,22.6952
14.147,22.1337
14.148,21.3429
14.149,20.4179
14.15,19.7013
14.151,19.37
14.152,19.1597
14.153,19.1185
14.154,18.928
14.155,18.477
14.156,18.1218
14.157,17.4825
14.158,16.9552
14.159,16.8507
14.16,16.764
14.161,16.6257
14.162,16.3193
14.163,16.0229
14.164,15.8093
14.165,15.5002
14.166,15.2883
14.167,15.0614
14.168,15.2397
14.169,15.607
14.17,15.5593
14.171,15.3168
14.172,15.1313
14.173,15.1406
14.174,15.212
14.175,15.0966
14.176,15.3658
14.177,15.7187
14.178,16.3075
14.179,16.369
14.18,16.2089
14.181,16.089
14.182,16.2019
14.183,16.6959
14.184,17.3366
14.185,17.8089
14.186,18.4567
14.187,18.9588
14.188,19.3484
14.189,19.6907
14.19,20.1567
14.191,20.7353
14.192,21.5441
14.193,22.4393
14.194,23.2884
14.195,24.0618
14.196,24.6818
14.197,25.3278
14.198,26.161
14.199,27.2133
14.2,28.2666
14.201,29.0
14.202,29.8715
14.203,30.7429
14.204,31.7246
14.205,32.4486
14.206,33.0456
14.207,33.7158
14.208,34.7884
14.209,36.0943
14.21,37.406
14.211,38.4599
14.212,39.5327
14.213,40.7099
14.214,41.7678
14.215,42.8335
14.216,43.7896
14.217,44.8058
14.218,46.0557
14.219,47.024
14.22,48.051
14.221,48.8258
14.222,49.647
14.223,50.4771
14.224,51.5731
14.225,52.9628
14.226,54.391
14.227,55.708
14.228,56.7859
14.229,57.8806
14.23,59.0942
14.231,60.6697
14.232,62.1372
14.233,63.079
14.234,64.2359
14.235,65.5475
14.236,66.8994
14.237,68.0563
14.238,69.0735
14.239,70.2053
14.24,71.4138
14.241,72.733
14.242,74.0351
14.243,75.2616
14.244,76.2223
14.245,76.8876
14.246,77.9894
14.247,78.8886
14.248,80.2469
14.249,80.8195
14.25,82.0203
14.251,83.1259
14.252,84.2979
14.253,85.0106
14.254,85.8751
14.255,86.5865
14.256,87.8196
14.257,89.0196
14.258,90.3452
14.259,91.2119
14.26,92.0182
14.261,92.7104
14.262,93.2106
14.263,94.0191
14.264,94.7196
14.265,95.5632
14.266,96.0911
14.267,97.0063
14.268,97.4311
14.269,98.13
14.27,98.466
14.271,98.9692
14.272,99.2378
14.273,99.8914
14.274,100.7208
14.275,101.5333
14.276,101.8496
14.277,101.9747
14.278,102.385
14.279,103.2051
14.28,103.7876
14.281,104.3762
14.282,104.8198
14.283,105.4301
14.284,105.7384
14.285,105.7509
14.286,105.5962
14.287,105.7974
14.288,105.9522
14.289,106.1666
14.29,106.0518
14.291,106.1047
14.292,106.0069
14.293,106.1093
14.294,106.1051
14.295,106.0917
14.296,106.1989
14.297,106.5079
14.298,106.4194
14.299,106.4096
14.3,105.8759
14.301,105.729
14.302,105.0462
14.303,104.8348
14.304,104.3425
14.305,104.1785
14.306,103.7001
14.307,102.9206
14.308,102.5039
14.309,101.9579
14.31,101.7198
14.311,101.134
14.312,100.6592
14.313,100.5494
14.314,99.7252
14.315,99.0831
14.316,98.5093
14.317,97.7245
14.318,96.7156
14.319,95.7586
14.32,95.07
14.321,94.2598
14.322,93.5081
14.323,92.6357
14.324,91.9476
14.325,90.8437
14.326,89.767
14.327,88.7236
14.328,88.0124
14.329,88.0819
14.33,87.0067
14.331,85.9969
14.332,84.5116
14.333,83.5376
14.334,82.194
14.335,81.0931
14.336,79.6918
14.337,78.5997
14.338,77.4188
14.339,76.3927
14.34,75.3392
14.341,74.0413
14.342,72.7369
14.343,71.2457
14.344,70.4284
14.345,70.1441
14.346,68.9943
14.347,67.984
14.348,66.8722
14.349,65.5355
14.35,64.1712
14.351,62.8255
14.352,61.7323
14.353,60.4282
14.354,59.5172
14.355,58.1498
14.356,57.0389
14.357,55.4917
14.358,54.3815
14.359,53.277
14.36,52.3346
14.361,51.652
14.362,51.3931
14.363,50.3587
14.364,49.4371
14.365,48.4675
14.366,47.3935
14.367,46.0781
14.368,44.876
14.369,43.6769
14.37,42.839
14.371,41.7445
14.372,40.7144
14.373,39.2564
14.374,38.0724
14.375,37.0918
14.376,36.3011
14.377,35.6005
14.378,35.3101
14.379,34.8221
14.38,33.9894
14.381,33.2288
14.382,32.1434
14.383,31.458
14.384,30.6694
14.385,30.0811
14.386,29.4182
14.387,28.9816
14.388,28.059
14.389,27.2312
14.39,26.032
14.391,25.1521
14.392,24.4147
14.393,23.8816
14.394,23.8303
14.395,23.4416
14.396,22.7122
14.397,22.2895
14.398,21.3592
14.399,20.6945
14.4,20.1418
14.401,20.0179
14.402,19.6627
14.403,19.5176
14.404,19.0209
14.405,18.4397
14.406,17.6319
14.407,17.1109
14.408,16.8244
14.409,16.8326
14.41,17.1612
14.411,16.6501
14.412,16.4018
14.413,16.0584
14.414,16.039
14.415,15.7004
14.416,15.5025
14.417,15.4349
14.418,15.2933
14.419,15.3478
14.42,15.1052
14.421,15.2411
14.422,15.152
14.423,15.1686
14.424,15.2013
14.425,15.3182
14.426,15.6764
14.427,15.7215
14.428,15.8276
14.429,16.013
14.43,16.0155
14.431,15.9266
14.432,15.8817
14.433,16.4782
14.434,17.1526
14.435,17.9119
14.436,18.3873
14.437,18.8477
14.438,19.5697
14.439,20.0608
14.44,20.6763
14.441,21.1908
14.442,21.7489
14.443,22.4723
14.444,23.3626
14.445,24.0265
14.446,24.6132
14.447,24.9305
14.448,25.6481
14.449,26.7078
14.45,27.9124
14.451,29.1671
14.452,30.1741
14.453,31.1833
14.454,31.7594
14.455,32.5839
14.456,33.5098
14.457,34.7838
14.458,35.4557
14.459,36.2084
14.46,37.4714
14.461,37.9924
14.462,38.9863
14.463,39.5785
14.464,40.7476
14.465,41.9535
14.466,43.1816
14.467,44.5499
14.468,45.8797
14.469,46.8854
14.47,48.025
14.471,49.0693
14.472,50.5074
14.473,51.679
14.474,52.5002
14.475,53.5185
14.476,54.78
14.477,55.8837
14.478,56.8008
14.479,57.7116
14.48,58.766
14.481,60.0755
14.482,61.539
14.483,63.0929
14.484,64.6051
14.485,65.9897
14.486,67.087
14.487,68.2253
14.488,69.5264
14.489,70.7802
14.49,71.7472
14.491,72.8162
14.492,73.9949
14.493,74.8034
14.494,75.431
14.495,76.2088
14.496,77.305
14.497,78.5653
14.498,79.9686
14.499,81.2712
14.5,82.4172
14.501,83.4408
14.502,84.2962
14.503,85.4386
14.504,86.2174
14.505,87.2927
14.506,87.9347
14.507,88.9166
14.508,89.9876
14.509,90.8249
14.51,91.5523
14.511,92.2474
14.512,93.0866
14.513,94.2315
14.514,95.2012
14.515,96.1746
14.516,96.805
14.517,97.2161
14.518,97.4578
14.519,98.1189
14.52,98.8132
14.521,99.5777
14.522,99.8477
14.523,100.2629
14.524,100.6856
14.525,101.1141
14.526,101.4957
14.527,101.748
14.528,102.1254
14.529,102.6295
14.53,103.2102
14.531,104.0927
14.532,104.2225
14.533,104.5234
14.534,104.5172
14.535,105.1079
14.536,105.6183
14.537,106.1393
14.538,106.5163
14.539,106.7444
14.54,106.7955
14.541,106.7248
14.542,106.6275
14.543,106.4102
14.544,106.2806
14.545,106.0234
14.546,106.0572
14.547,106.2792
14.548,106.3527
14.549,106.2526
14.55,105.6842
14.551,105.3229
14.552,104.9915
14.553,104.9311
14.554,105.1753
14.555,105.0381
14.556,104.4676
14.557,103.9013
14.558,102.9155
14.559,102.4139
14.56,101.9092
14.561,101.319
14.562,100.6639
14.563,99.9717
14.564,99.3827
14.565,98.3912
14.566,97.5122
14.567,96.5996
14.568,96.055
14.569,95.3971
14.57,95.4591
14.571,94.8117
14.572,93.9965
14.573,93.1786
14.574,92.1696
14.575,90.9947
14.576,89.7484
14.577,89.0912
14.578,88.319
14.579,87.572
14.58,86.0674
14.581,85.0227
14.582,83.5931
14.583,82.7056
14.584,81.4513
14.585,80.558
14.586,80.3405
14.587,79.5584
14.588,78.5454
14.589,77.0285
14.59,75.6461
14.591,74.3043
14.592,73.4193
14.593,72.292
14.594,70.9728
14.595,69.6692
14.596,68.2326
14.597,67.0216
14.598,65.6123
14.599,64.3043
14.6,63.2457
14.601,62.2802
14.602,62.0196
14.603,61.0828
14.604,60.1859
14.605,59.0243
14.606,57.8837
14.607,56.4529
14.608,55.333
14.609,54.1375
14.61,53.1185
14.611,52.2519
14.612,51.262
14.613,50.015
14.614,48.5252
14.615,47.21
14.616,46.077
14.617,45.104
14.618,45.0176
14.619,44.0583
14.62,43.2703
14.621,42.1015
14.622,40.8986
14.623,39.3708
14.624,38.4919
14.625,37.5736
14.626,36.9818
14.627,36.0822
14.628,35.2549
14.629,34.4976
14.63,33.6189
14.631,32.8331
14.632,31.8838
14.633,31.2017
14.634,31.1334
14.635,30.5946
14.636,29.6986
14.637,29.1057
14.638,28.0001
14.639,27.1786
14.64,26.3082
14.641,25.7018
14.642,25.2702
14.643,24.4777
14.644,24.0374
14.645,23.345
14.646,22.7795
14.647,21.6564
14.648,20.8806
14.649,20.3455
14.65,20.5095
14.651,20.2611
14.652,19.9426
14.653,19.5952
14.654,18.8415
14.655,18.2746
14.656,17.4238
14.657,17.3522
14.658,17.0923
14.659,16.9071
14.66,16.4348
14.661,16.101
14.662,15.9789
14.663,15.8415
14.664,15.6267
14.665,15.4293
14.666,15.2809
14.667,15.3496
14.668,15.1392
14.669,15.087
14.67,15.1073
14.671,15.0045
14.672,14.7226
14.673,14.8694
14.674,14.9209
14.675,15.2822
14.676,15.2497
14.677,15.2822
14.678,15.2195
14.679,15.5106
14.68,15.8221
14.681,16.3205
14.682,16.8481
14.683,17.5842
14.684,17.7268
14.685,18.2183
14.686,18.3237
14.687,18.6363
14.688,19.0619
14.689,19.5221
14.69,20.225
14.691,21.0426
14.692,22.0073
14.693,22.8871
14.694,23.4125
14.695,24.0587
14.696,24.9175
14.697,25.6939
14.698,26.6527
14.699,27.1994
14.7,28.1177
14.701,28.6086
14.702,29.3907
14.703,30.0914
14.704,31.0719
14.705,31.889
14.706,32.8964
14.707,34.0938
14.708,35.4703
14.709,36.6501
14.71,37.6084
14.711,38.4131
14.712,39.4705
14.713,40.5435
14.714,41.8851
14.715,42.6543
14.716,43.4987
14.717,44.6033
14.718,45.4121
14.719,46.4289
14.72,47.2206
14.721,48.3298
14.722,49.5823
14.723,51.0198
14.724,52.4684
14.725,53.6534
14.726,54.8831
14.727,56.0367
14.728,57.1772
14.729,58.3367
14.73,59.6604
14.731,60.8021
14.732,62.1796
14.733,63.298
14.734,64.3427
14.735,65.5022
14.736,66.7093
14.737,67.714
14.738,68.876
14.739,70.3428
14.74,71.756
14.741,72.7958
14.742,73.6288
14.743,74.659
14.744,75.9068
14.745,77.0435
14.746,78.3399
14.747,79.1124
14.748,80.1825
14.749,81.0934
14.75,82.0266
14.751,82.9175
14.752,84.0074
14.753,85.009
14.754,86.0851
14.755,87.1118
14.756,88.182
14.757,89.1962
14.758,89.8552
14.759,90.9496
14.76,91.6923
14.761,92.6651
14.762,93.3482
14.763,94.0707
14.764,94.9733
14.765,95.9479
14.766,96.4836
14.767,96.804
14.768,97.0744
14.769,97.5404
14.77,98.3277
14.771,98.9822
14.772,99.7695
14.773,100.4903
14.774,101.0938
14.775,101.5005
14.776,101.6472
14.777,102.1155
14.778,102.6819
14.779,103.1641
14.78,103.8894
14.781,104.173
14.782,104.6522
14.783,104.6839
14.784,104.9839
14.785,105.0885
14.786,105.6966
14.787,105.9161
14.788,106.3227
14.789,106.2898
14.79,106.5673
14.791,106.3574
14.792,106.4626
14.793,106.2777
14.794,106.4049
14.795,106.7511
14.796,106.7533
14.797,106.631
14.798,106.4877
14.799,105.9354
14.8,105.6104
14.801,105.1285
14.802,105.1552
14.803,104.9121
14.804,104.8704
14.805,104.3867
14.806,103.8912
14.807,103.2856
14.808,102.7385
14.809,102.3031
14.81,101.7463
14.811,101.6785
14.812,101.1483
14.813,100.4812
14.814,99.9459
14.815,98.8206
14.816,97.6483
14.817,96.6486
14.818,95.9613
14.819,95.4374
14.82,94.8109
14.821,94.0751
14.822,93.3143
14.823,92.4166
14.824,91.6124
14.825,90.5812
14.826,89.7156
14.827,89.6116
14.828,88.8146
14.829,88.2468
14.83,87.079
14.831,85.8269
14.832,84.3683
14.833,83.2145
14.834,82.1721
14.835,80.9642
14.836,79.6775
14.837,78.3607
14.838,77.2086
14.839,75.9746
14.84,74.842
14.841,73.4802
14.842,72.6485
14.843,72.3613
14.844,71.3962
14.845,70.3524
14.846,69.0705
14.847,67.8108
14.848,66.3793
14.849,65.046
14.85,63.825
14.851,62.7591
14.852,61.6266
14.853,60.3005
14.854,58.8737
14.855,57.4727
14.856,56.2289
14.857,55.2766
14.858,54.5263
14.859,54.3448
14.86,53.7886
14.861,53.06
14.862,52.2163
14.863,51.0736
14.864,49.8667
14.865,48.763
14.866,47.4773
14.867,46.0629
14.868,44.7427
14.869,43.4476
14.87,42.1799
14.871,40.7974
14.872,39.778
14.873,38.8226
14.874,38.0092
14.875,37.8739
14.876,37.3328
14.877,36.7832
14.878,35.934
14.879,34.923
14.88,33.8605
14.881,32.9104
14.882,31.8744
14.883,31.162
14.884,30.5441
14.885,29.8532
14.886,29.0501
14.887,28.015
14.888,26.9584
14.889,26.3008
14.89,25.7268
14.891,26.0219
14.892,25.3805
14.893,25.1301
14.894,24.4323
14.895,23.7612
14.896,22.7038
14.897,22.1176
14.898,21.6142
14.899,21.3303
14.9,20.8669
14.901,20.4937
14.902,19.7675
14.903,18.9811
14.904,18.0886
14.905,17.4834
14.906,17.2855
14.907,17.5273
14.908,17.4004
14.909,17.0135
14.91,16.8742
14.911,16.7256
14.912,16.4921
14.913,16.1044
14.914,15.762
14.915,15.5631
14.916,15.4468
14.917,15.3121
14.918,15.0377
14.919,14.7903
14.92,14.7231
14.921,14.9371
14.922,15.0493
14.923,15.5
14.924,15.6524
14.925,15.804
14.926,15.7917
14.927,15.6078
14.928,15.4587
14.929,15.5471
14.93,15.8313
14.931,16.061
14.932,16.4969
14.933,16.7046
14.934,16.976
14.935,17.3159
14.936,17.8154
14.937,18.4278
14.938,19.2502
14.939,19.9697
14.94,20.9581
14.941,21.2509
14.942,21.8839
14.943,22.1159
14.944,22.9297
14.945,23.5248
14.946,24.5074
14.947,25.4195
14.948,26.4287
14.949,27.4251
14.95,28.366
14.951,29.1837
14.952,30.0408
14.953,30.8158
14.954,31.829
14.955,32.8059
14.956,33.4015
14.957,34.3113
14.958,35.2731
14.959,36.0301
14.96,36.7345
14.961,37.4177
14.962,38.5804
14.963,40.0066
14.964,41.392
14.965,42.8113
14.966,43.9393
14.967,44.9996
14.968,45.7893
14.969,46.8338
14.97,48.0276
14.971,49.5159
14.972,50.3368
14.973,51.3579
14.974,52.0785
14.975,52.9922
14.976,53.7858
14.977,54.9852
14.978,56.2456
14.979,57.8663
14.98,59.3939
14.981,60.739
14.982,62.1075
14.983,63.406
14.984,64.7679
14.985,66.0182
14.986,67.1122
14.987,68.5131
14.988,69.3731
14.989,70.5773
14.99,71.3278
14.991,72.4283
14.992,73.2736
14.993,74.2988
14.994,75.2809
14.995,76.5081
14.996,77.9974
14.997,79.25
14.998,80.3988
14.999,81.5018
15.0,82.4
15.001,83.504
15.002,84.3387
15.003,85.6407
15.004,86.3852
15.005,87.4637
15.006,88.4724
15.007,89.2422
15.008,89.8922
15.009,90.5254
15.01,91.2769
15.011,92.1791
15.012,92.9158
15.013,93.9966
15.014,94.7989
15.015,95.6758
15.016,96.1675
15.017,96.8547
15.018,97.5286
15.019,98.2786
15.02,98.69
15.021,99.1922
15.022,99.644
15.023,100.1425
15.024,100.6532
15.025,101.1248
15.026,101.7659
15.027,102.3185
15.028,102.936
15.029,103.4472
15.03,103.8369
15.031,104.1659
15.032,104.4906
15.033,104.6483
15.034,104.9704
15.035,105.51
15.036,106.1376
15.037,106.4859
15.038,106.5121
15.039,106.4746
15.04,106.2888
15.041,106.4614
15.042,106.4772
15.043,106.6333
15.044,106.6089
15.045,106.6526
15.046,106.4471
15.047,106.1804
15.048,105.8959
15.049,105.7826
15.05,105.5496
15.051,105.3
15.052,105.4332
15.053,105.4105
15.054,105.1986
15.055,104.6521
15.056,103.9187
15.057,103.2967
15.058,102.8317
15.059,102.4312
15.06,101.8023
15.061,101.2403
15.062,100.5509
15.063,99.6326
15.064,98.8349
15.065,97.9118
15.066,97.2161
15.067,96.6014
15.068,96.4324
15.069,95.9554
15.07,95.1605
15.071,94.5908
15.072,94.0256
15.073,93.2232
15.074,92.3617
15.075,91.2861
15.076,90.4886
15.077,89.4033
15.078,88.2141
15.079,86.9979
15.08,85.6381
15.081,84.4592
15.082,83.343
15.083,82.6252
15.084,82.3054
15.085,81.3369
15.086,80.3489
15.087,79.4494
15.088,78.4509
15.089,77.1935
15.09,75.8977
15.091,74.7432
15.092,73.7243
15.093,72.696
15.094,71.4129
15.095,69.9151
15.096,68.3652
15.097,66.6851
15.098,65.3917
15.099,64.3249
15.1,64.0137
15.101,63.0987
15.102,61.8163
15.103,60.3398
15.104,58.9003
15.105,57.8868
15.106,57.191
15.107,56.3053
15.108,55.5655
15.109,54.3547
15.11,53.4962
15.111,52.253
15.112,51.1449
15.113,49.9946
15.114,48.676
15.115,47.5072
15.116,47.0488
15.117,45.7807
15.118,44.6914
15.119,43.824
15.12,42.7578
15.121,41.6106
15.122,40.2337
15.123,39.4005
15.124,38.7286
15.125,37.9575
15.126,36.8241
15.127,35.613
15.128,34.5797
15.129,33.8494
15.13,32.9355
15.131,32.3782
15.132,32.5591
15.133,31.8736
15.134,31.1684
15.135,30.4048
15.136,29.383
15.137,28.4433
15.138,27.525
15.139,26.9392
15.14,26.3422
15.141,25.9222
15.142,25.2726
15.143,24.4924
15.144,23.4988
15.145,22.6744
15.146,21.8367
15.147,21.3093
15.148,21.439
15.149,21.2818
15.15,21.0334
15.151,20.3912
15.152,19.6169
15.153,18.9704
15.154,18.5977
15.155,18.192
15.156,17.9959
15.157,17.8727
15.158,17.8389
15.159,17.3991
15.16,16.6462
15.161,15.9641
15.162,15.7418
15.163,15.7552
15.164,16.1229
15.165,16.1087
15.166,15.6866
15.167,15.4055
15.168,14.9988
15.169,14.8378
15.17,14.8763
15.171,14.9947
15.172,15.1738
15.173,15.3364
15.174,15.4028
15.175,15.2948
15.176,15.2138
15.177,15.0925
15.178,15.2897
15.179,15.4851
15.18,15.9288
15.181,16.3047
15.182,16.8031
15.183,17.2255
15.184,17.6671
15.185,17.879
15.186,18.0648
15.187,18.3007
15.188,19.0276
15.189,20.0684
15.19,20.7818
15.191,21.4416
15.192,21.8067
15.193,22.4591
15.194,23.297
15.195,24.2039
15.196,24.8685
15.197,25.5661
15.198,26.2182
15.199,27.1563
15.2,27.7859
15.201,28.622
15.202,29.3358
15.203,30.1241
15.204,31.1455
15.205,32.4325
15.206,33.5187
15.207,34.5934
15.208,35.3359
15.209,36.3333
15.21,37.3572
15.211,38.4992
15.212,39.3754
15.213,40.4123
15.214,41.7627
15.215,42.578
15.216,43.6355
15.217,44.2615
15.218,45.3308
15.219,46.3594
15.22,47.7102
15.221,49.0339
15.222,50.3578
15.223,51.6208
15.224,52.6914
15.225,53.6018
15.226,54.4884
15.227,55.8381
15.228,56.7921
15.229,57.9648
15.23,59.229
15.231,60.1855
15.232,61.3701
15.233,62.7441
15.234,63.8757
15.235,65.1087
15.236,66.4649
15.237,68.2298
15.238,69.6904
15.239,70.9476
15.24,72.0193
15.241,73.1989
15.242,74.2154
15.243,75.5061
15.244,76.1045
15.245,77.2394
15.246,78.1504
15.247,78.9557
15.248,79.6253
15.249,80.5073
15.25,81.5024
15.251,82.6408
15.252,83.6225
15.253,84.8996
15.254,86.1103
15.255,87.4163
15.256,88.4711
15.257,89.4341
15.258,90.3711
15.259,91.2172
15.26,91.8992
15.261,92.7116
15.262,93.1537
15.263,93.9249
15.264,94.3386
15.265,94.9436
15.266,95.1401
15.267,95.7856
15.268,96.5856
15.269,97.9114
15.27,98.8877
15.271,99.8035
15.272,100.2582
15.273,100.6855
15.274,101.1408
15.275,101.7549
15.276,102.6273
15.277,103.0485
15.278,103.4237
15.279,103.8408
15.28,103.9778
15.281,103.9377
15.282,103.8258
15.283,104.1229
15.284,104.6574
15.285,105.1412
15.286,105.581
15.287,105.9599
15.288,106.1242
15.289,106.0433
15.29,106.1292
15.291,106.5369
15.292,107.0369
15.293,107.4259
15.294,107.1462
15.295,106.8736
15.296,106.5527
15.297,106.1293
15.298,105.6814
15.299,105.5001
15.3,105.3988
15.301,105.3493
15.302,105.1573
15.303,105.0369
15.304,104.5114
15.305,103.9181
15.306,103.5914
15.307,103.4217
15.308,103.1603
15.309,103.0953
15.31,102.3601
15.311,101.7687
15.312,100.8563
15.313,100.1445
15.314,98.9687
15.315,98.3036
15.316,97.4224
15.317,96.8886
15.318,96.1321
15.319,95.6447
15.32,94.782
15.321,93.7764
15.322,92.7272
15.323,91.8936
15.324,91.419
15.325,91.2195
15.326,90.6381
15.327,89.5123
15.328,88.6122
15.329,87.7244
15.33,86.7004
15.331,85.6424
15.332,84.5539
15.333,83.7439
15.334,82.5968
15.335,81.3752
15.336,79.9453
15.337,78.5985
15.338,77.1814
15.339,76.0641
15.34,74.9921
15.341,74.8598
15.342,73.5169
15.343,72.3106
15.344,71.212
15.345,70.1039
15.346,69.0454
15.347,67.9168
15.348,66.6636
15.349,65.4071
15.35,64.0939
15.351,62.8163
15.352,61.461
15.353,60.1901
15.354,58.6258
15.355,57.4633
15.356,56.4018
15.357,56.326
15.358,55.2999
15.359,54.0876
15.36,53.1329
15.361,52.0563
15.362,51.0493
15.363,49.9554
15.364,49.1532
15.365,48.1819
15.366,47.3108
15.367,46.0126
15.368,44.7711
15.369,43.504
15.37,42.2253
15.371,41.085
15.372,40.1405
15.373,39.8826
15.374,39.1206
15.375,38.0491
15.376,36.9278
15.377,35.7567
15.378,34.9651
15.379,34.2779
15.38,33.6596
15.381,32.7402
15.382,31.9311
15.383,31.1591
15.384,30.3865
15.385,29.5428
15.386,28.6361
15.387,27.9308
15.388,27.2931
15.389,27.257
15.39,26.6849
15.391,26.1244
15.392,25.3487
15.393,24.4942
15.394,23.6113
15.395,23.0313
15.396,22.5055
15.397,22.4103
15.398,21.9534
15.399,21.4873
15.4,20.463
15.401,19.6634
15.402,18.9325
15.403,18.5336
15.404,18.2405
15.405,18.2825
15.406,18.0635
15.407,17.5604
15.408,17.6581
15.409,17.0295
15.41,16.9536
15.411,16.4768
15.412,16.3716
15.413,16.1343
15.414,16.0406
15.415,15.7741
15.416,15.4612
15.417,14.9402
15.418,14.7018
15.419,14.4645
15.42,14.6004
15.421,14.9293
15.422,15.3547
15.423,15.3037
15.424,15.5622
15.425,15.7522
15.426,15.6903
15.427,15.5859
15.428,15.4791
15.429,15.8306
15.43,16.0194
15.431,16.421
15.432,16.4333
15.433,16.6047
15.434,16.6811
15.435,17.2401
15.436,17.9904
15.437,18.5375
15.438,19.2661
15.439,20.0405
15.44,20.804
15.441,21.2431
15.442,21.6561
15.443,22.3485
15.444,23.3204
15.445,24.1737
15.446,25.0117
15.447,25.7319
15.448,26.6433
15.449,27.259
15.45,27.9867
15.451,28.7534
15.452,29.6557
15.453,30.3886
15.454,31.3672
15.455,32.3676
15.456,33.4522
15.457,34.0954
15.458,34.7405
15.459,35.6021
15.46,36.994
15.461,38.5085
15.462,39.8654
15.463,41.109
15.464,42.0498
15.465,42.9862
15.466,43.6839
15.467,44.6925
15.468,45.7225
15.469,46.6123
15.47,47.6407
15.471,48.8371
15.472,49.9059
15.473,50.8527
15.474,51.7536
15.475,52.8724
15.476,54.203
15.477,55.7733
15.478,57.2632
15.479,58.7089
15.48,59.6668
15.481,60.7689
15.482,61.9013
15.483,63.3903
15.484,64.6133
15.485,65.395
15.486,66.6495
15.487,67.7797
15.488,68.7631
15.489,69.9117
15.49,71.0077
15.491,72.3023
15.492,73.5467
15.493,75.0717
15.494,76.1486
15.495,77.2675
15.496,78.2275
15.497,79.611
15.498,80.6439
15.499,81.6785
15.5,82.8486
15.501,83.6545
15.502,84.7252
15.503,85.4966
15.504,86.1872
15.505,86.8245
15.506,87.5798
15.507,88.319
15.508,89.3598
15.509,90.4833
15.51,91.6191
15.511,92.6286
15.512,93.288
15.513,94.0002
15.514,94.8473
15.515,95.5992
15.516,96.437
15.517,97.075
15.518,97.6615
15.519,98.6376
15.52,98.9307
15.521,99.3774
15.522,99.3776
15.523,99.8877
15.524,100.3845
15.525,101.1048
15.526,101.766
15.527,102.3914
15.528,103.0044
15.529,103.3449
15.53,103.5513
15.531,104.9014
15.532,104.8259
15.533,105.4892
15.534,106.6496
15.535,106.1139
15.536,106.3793
15.537,106.323
15.538,106.2419
15.539,106.1889
15.54,106.0569
15.541,106.2307
15.542,106.1452
15.543,106.4612
15.544,106.2394
15.545,106.1248
15.546,105.684
15.547,105.759
15.548,105.8419
15.549,106.1231
15.55,106.1377
15.551,105.9429
15.552,105.5739
15.553,105.0212
15.554,104.4431
15.555,104.0333
15.556,103.631
15.557,103.1606
15.558,102.6967
15.559,102.2743
15.56,101.7452
15.561,101.1554
15.562,100.281
15.563,99.5783
15.564,98.8848
15.565,99.047
15.566,98.4628
15.567,98.0474
15.568,97.1712
15.569,96.3389
15.57,95.0974
15.571,94.0766
15.572,93.291
15.573,92.3992
15.574,91.6399
15.575,90.4185
15.576,89.5717
15.577,88.5221
15.578,87.7634
15.579,86.8324
15.58,85.9783
15.581,85.7537
15.582,84.8338
15.583,83.9883
15.584,82.9044
15.585,81.655
15.586,80.509
15.587,79.2706
15.588,77.883
15.589,76.7324
15.59,75.4251
15.591,74.2058
15.592,72.572
15.593,71.1491
15.594,70.0026
15.595,68.9549
15.596,67.9975
15.597,67.1991
15.598,66.9265
15.599,65.7247
15.6,64.3637
15.601,62.9717
15.602,61.7505
15.603,60.5574
15.604,59.4569
15.605,58.4167
15.606,57.5075
15.607,56.1916
15.608,54.8114
15.609,53.557
15.61,52.4056
15.611,51.5041
15.612,50.3744
15.613,49.6387
15.614,49.235
15.615,48.3227
15.616,47.4634
15.617,46.1517
15.618,44.8016
15.619,43.7658
15.62,42.6592
15.621,41.7393
15.622,40.6066
15.623,39.9232
15.624,38.8483
15.625,37.6961
15.626,36.4039
15.627,35.497
15.628,34.7152
15.629,33.8975
15.63,33.7015
15.631,32.771
15.632,32.3615
15.633,31.3718
15.634,30.6245
15.635,29.4938
15.636,28.7849
15.637,28.119
15.638,27.7682
15.639,27.401
15.64,26.6807
15.641,25.5686
15.642,24.617
15.643,23.7147
15.644,23.2363
15.645,22.7941
15.646,22.8436
15.647,22.518
15.648,22.0963
15.649,21.4838
15.65,20.5246
15.651,19.7898
15.652,19.2159
15.653,18.877
15.654,18.7459
15.655,18.6696
15.656,18.4376
15.657,17.8919
15.658,17.2417
15.659,16.7557
15.66,16.3439
15.661,16.3336
15.662,16.4391
15.663,16.3203
15.664,16.2702
15.665,15.856
15.666,15.3768
15.667,14.7954
15.668,14.7186
15.669,14.6263
15.67,14.8786
15.671,14.8039
15.672,14.9841
15.673,14.8431
15.674,14.914
15.675,14.9688
15.676,15.2836
15.677,15.5951
15.678,15.9587
15.679,16.2306
15.68,16.3116
15.681,16.5634
15.682,16.679
15.683,16.6678
15.684,16.9152
15.685,17.1984
15.686,17.9379
15.687,18.5375
15.688,19.2215
15.689,19.8205
15.69,20.4501
15.691,21.4208
15.692,22.2912
15.693,23.3622
15.694,23.8476
15.695,24.5872
15.696,25.2611
15.697,25.7529
15.698,26.1079
15.699,26.5815
15.7,27.4895
15.701,28.4124
15.702,29.3865
15.703,30.2476
15.704,31.3208
15.705,32.1836
15.706,32.9427
15.707,33.8296
15.708,35.0898
15.709,36.4509
15.71,37.4218
15.711,38.4193
15.712,39.3951
15.713,40.1521
15.714,40.8996
15.715,41.7742
15.716,43.0874
15.717,44.4403
15.718,45.8493
15.719,47.0595
15.72,48.2644
15.721,49.4439
15.722,50.5772
15.723,51.6917
15.724,52.7635
15.725,53.9794
15.726,54.8409
15.727,55.7887
15.728,56.8809
15.729,58.29
15.73,59.2311
15.731,60.2286
15.732,61.2846
15.733,62.7224
15.734,64.3683
15.735,65.7822
15.736,67.2255
15.737,68.2805
15.738,69.4942
15.739,70.6644
15.74,72.0588
15.741,73.1585
15.742,74.1339
15.743,75.0183
15.744,76.1203
15.745,76.905
15.746,77.8672
15.747,78.5994
15.748,79.6585
15.749,80.5863
15.75,81.6367
15.751,82.9458
15.752,84.3428
15.753,85.5147
15.754,86.3899
15.755,87.0656
15.756,88.1445
15.757,89.399
15.758,90.1069
15.759,91.3762
15.76,92.1371
15.761,92.7243
15.762,93.1718
15.763,93.6885
15.764,94.6329
15.765,95.4983
15.766,96.4105
15.767,96.9197
15.768,97.6229
15.769,98.2416
15.77,98.7964
15.771,99.281
15.772,99.7384
15.773,100.4196
15.774,101.004
15.775,101.7293
15.776,102.0288
15.777,102.4078
15.778,102.8168
15.779,103.4859
15.78,103.8225
15.781,104.1995
15.782,104.6078
15.783,105.2157
15.784,105.707
15.785,105.9273
15.786,105.9751
15.787,106.0207
15.788,106.3748
15.789,106.7001
15.79,107.0058
15.791,106.783
15.792,106.7209
15.793,106.6699
15.794,106.5048
15.795,106.2457
15.796,105.9907
15.797,105.9642
15.798,105.8964
15.799,105.9208
15.8,105.4996
15.801,105.1842
15.802,104.728
15.803,104.4859
15.804,104.1322
15.805,103.9667
15.806,104.1074
15.807,103.6456
15.808,103.1001
15.809,102.6233
15.81,101.9848
15.811,101.1901
15.812,100.4598
15.813,99.927
15.814,99.4633
15.815,98.8921
15.816,98.0379
15.817,97.1396
15.818,96.036
15.819,95.0768
15.82,94.3994
15.821,93.6917
15.822,93.6957
15.823,93.0163
15.824,92.1878
15.825,91.3097
15.826,90.4012
15.827,89.3105
15.828,88.3341
15.829,87.4185
15.83,86.3196
15.831,85.395
15.832,84.0411
15.833,82.9554
15.834,81.7118
15.835,80.4703
15.836,79.3112
15.837,78.1487
15.838,78.0464
15.839,77.1706
15.84,76.1118
15.841,74.8919
15.842,73.5564
15.843,72.4758
15.844,71.1151
15.845,69.9044
15.846,68.6753
15.847,67.6723
15.848,66.3032
15.849,64.7434
15.85,63.1351
15.851,62.0575
15.852,61.0901
15.853,60.2039
15.854,59.9755
15.855,58.9183
15.856,57.8332
15.857,56.5201
15.858,55.2103
15.859,54.0854
15.86,52.9877
15.861,51.9979
15.862,51.1503
15.863,50.3811
15.864,49.3072
15.865,47.962
15.866,46.6436
15.867,45.4312
15.868,44.3915
15.869,43.4935
15.87,43.2669
15.871,42.4001
15.872,41.5063
15.873,40.2426
15.874,38.9702
15.875,37.6987
15.876,36.7588
15.877,35.903
15.878,34.9789
15.879,34.0637
15.88,33.3592
15.881,32.6282
15.882,31.6546
15.883,30.5408
15.884,29.6877
15.885,29.2597
15.886,29.3856
15.887,28.994
15.888,28.2918
15.889,27.8301
15.89,26.8598
15.891,25.8558
15.892,24.7075
15.893,24.1082
15.894,23.7061
15.895,23.2852
15.896,22.9178
15.897,22.1507
15.898,21.3291
15.899,20.3172
15.9,19.7751
15.901,19.5877
15.902,19.2646
15.903,19.3737
15.904,18.9314
15.905,18.3373
15.906,18.1203
15.907,17.5991
15.908,17.2193
15.909,16.7516
15.91,16.6877
15.911,16.3044
15.912,16.0862
15.913,15.6315
15.914,15.2944
15.915,14.9485
15.916,14.9701
15.917,15.0762
15.918,15.2098
15.919,15.4016
15.92,15.395
15.921,15.2136
15.922,15.1314
15.923,14.8086
15.924,14.4931
15.925,14.6962
15.926,15.0541
15.927,15.4688
15.928,15.7141
15.929,15.8008
15.93,16.027
15.931,16.2463
15.932,16.6394
15.933,17.1328
15.934,17.6675
15.935,18.0996
15.936,18.5523
15.937,18.7222
15.938,19.1851
15.939,19.7172
15.94,20.1058
15.941,20.8349
15.942,21.71
15.943,22.7556
15.944,23.3821
15.945,23.7319
15.946,24.5059
15.947,25.3098
15.948,26.2392
15.949,27.2032
15.95,28.2689
15.951,28.9499
15.952,30.057
15.953,30.7585
15.954,31.5237
15.955,32.158
15.956,32.7108
15.957,33.6635
15.958,34.6735
15.959,35.9717
15.96,37.2069
15.961,38.3552
15.962,39.5361
15.963,40.4866
15.964,41.6834
15.965,42.7117
15.966,43.9553
15.967,44.7555
15.968,45.8052
15.969,47.0263
15.97,48.2782
15.971,49.2639
15.972,50.1391
15.973,50.9907
15.974,52.1433
15.975,53.2576
15.976,54.6224
15.977,55.8233
15.978,57.2842
15.979,58.3801
15.98,59.483
15.981,60.6874
15.982,62.136
15.983,63.1092
15.984,64.563
15.985,65.6566
15.986,66.9751
15.987,67.8857
15.988,69.1166
15.989,70.1499
15.99,71.3795
15.991,72.7513
15.992,74.0727
15.993,75.2492
15.994,76.1036
15.995,76.9924
15.996,77.7554
15.997,78.9677
15.998,80.2213
15.999,81.1449
16.0,82.416
16.001,83.2629
16.002,84.0041
16.003,85.0089
16.004,85.852
16.005,86.9255
16.006,87.9969
16.007,89.3685
16.008,90.6269
16.009,91.523
16.01,92.2319
16.011,92.8108
16.012,93.4426
16.013,94.1635
16.014,94.8451
16.015,95.4901
16.016,96.154
16.017,96.7227
16.018,97.0014
16.019,97.5252
16.02,98.0976
16.021,98.6846
16.022,99.3803
16.023,100.1177
16.024,101.0607
16.025,101.5884
16.026,102.2557
16.027,102.6958
16.028,103.062
16.029,103.5481
16.03,104.1639
16.031,104.6397
16.032,105.1285
16.033,105.072
16.034,105.096
16.035,105.1785
16.036,105.495
16.037,106.024
16.038,106.4444
16.039,106.4081
16.04,106.6455
16.041,106.8099
16.042,106.8761
16.043,106.6775
16.044,106.5376
16.045,106.7093
16.046,106.6499
16.047,106.925
16.048,106.6391
16.049,106.4422
16.05,106.0118
16.051,105.3438
16.052,104.8043
16.053,104.4284
16.054,104.0559
16.055,103.709
16.056,103.5167
16.057,103.3566
16.058,102.7549
16.059,102.0464
16.06,101.1945
16.061,100.8671
16.062,100.5353
16.063,100.4608
16.064,100.1294
16.065,99.1989
16.066,98.321
16.067,97.2243
16.068,96.3409
16.069,95.5788
16.07,94.7574
16.071,93.9876
16.072,93.0537
16.073,92.2325
16.074,91.2421
16.075,90.2472
16.076,89.2679
16.077,88.4142
16.078,87.8974
16.079,87.7742
16.08,87.0991
16.081,86.0957
16.082,84.8298
16.083,83.7502
16.084,82.4472
16.085,81.2333
16.086,79.8898
16.087,78.7288
16.088,77.6095
16.089,76.6147
16.09,75.2746
16.091,73.8493
16.092,72.3341
16.093,71.2812
16.094,70.3864
16.095,70.2218
16.096,69.4077
16.097,68.3023
16.098,67.3161
16.099,66.115
16.1,64.5481
16.101,63.2578
16.102,61.5766
16.103,60.7096
16.104,59.2144
16.105,57.9792
16.106,56.4228
16.107,54.9417
16.108,53.825
16.109,52.844
16.11,52.397
16.111,52.3738
16.112,51.5218
16.113,50.8433
16.114,49.6361
16.115,48.5369
16.116,47.1233
16.117,46.1889
16.118,45.2974
16.119,44.1373
16.12,42.9005
16.121,41.4592
16.122,40.2557
16.123,38.9419
16.124,38.0219
16.125,37.0459
16.126,36.4233
16.127,36.1327
16.128,35.2123
16.129,34.6509
16.13,33.8936
16.131,33.1024
16.132,31.9393
16.133,30.9723
16.134,30.3007
16.135,29.4495
16.136,29.0606
16.137,28.1019
16.138,27.4683
16.139,26.7137
16.14,26.1248
16.141,25.3051
16.142,24.6716
16.143,24.8147
16.144,24.4393
16.145,23.892
16.146,23.1186
16.147,22.4075
16.148,21.7936
16.149,21.0964
16.15,20.5218
16.151,20.0845
16.152,19.6313
16.153,19.3649
16.154,18.6129
16.155,18.0295
16.156,17.3431
16.157,17.0467
16.158,16.8414
16.159,16.9558
16.16,16.9212
16.161,17.0385
16.162,16.6479
16.163,16.2507
16.164,15.6916
16.165,15.624
16.166,15.4197
16.167,15.4473
16.168,15.4449
16.169,15.4805
16.17,15.2675
16.171,14.8558
16.172,14.4996
16.173,14.6168
16.174,14.89
16.175,15.3548
16.176,15.5909
16.177,15.8368
16.178,15.8004
16.179,16.1351
16.18,16.049
16.181,16.1342
16.182,16.1093
16.183,16.7382
16.184,17.2193
16.185,17.8579
16.186,18.279
16.187,18.7884
16.188,19.0692
16.189,19.7328
16.19,20.4611
16.191,21.2457
16.192,22.1734
16.193,22.6505
16.194,23.3223
16.195,23.8286
16.196,24.4023
16.197,24.8287
16.198,25.6727
16.199,26.8366
16.2,27.9355
16.201,28.9075
16.202,29.7254
16.203,30.5038
16.204,31.4337
16.205,32.2034
16.206,33.4245
16.207,34.017
16.208,35.3373
16.209,36.4023
16.21,37.2088
16.211,38.0517
16.212,38.7005
16.213,39.8304
16.214,40.9117
16.215,42.267
16.216,43.7522
16.217,44.9004
16.218,46.0139
16.219,47.0766
16.22,48.1395
16.221,49.0667
16.222,50.1373
16.223,51.4669
16.224,52.4134
16.225,53.5623
16.226,54.5782
16.227,55.4528
16.228,56.8268
16.229,58.3002
16.23,59.7601
16.231,60.8201
16.232,61.9774
16.233,63.3237
16.234,64.5449
16.235,65.7711
16.236,66.9896
16.237,68.181
16.238,69.4728
16.239,70.7068
16.24,71.4834
16.241,72.5299
16.242,73.5551
16.243,74.4497
16.244,75.4401
16.245,76.4726
16.246,77.6413
16.247,78.9634
16.248,80.0939
16.249,81.5203
16.25,82.3783
16.251,83.4405
16.252,84.0238
16.253,85.4108
16.254,86.4849
16.255,87.8106
16.256,88.5757
16.257,89.502
16.258,90.5048
16.259,91.2247
16.26,91.647
16.261,91.8677
16.262,92.5026
16.263,93.709
16.264,94.7758
16.265,95.613
16.266,96.0932
16.267,96.5345
16.268,97.1524
16.269,97.9197
16.27,98.6235
16.271,99.4375
16.272,100.0366
16.273,100.7107
16.274,101.2054
16.275,101.567
16.276,102.04
16.277,102.4775
16.278,102.9821
16.279,103.5322
16.28,103.9645
16.281,104.3803
16.282,104.7198
16.283,105.1765
16.284,105.4394
16.285,105.4873
16.286,105.6851
16.287,105.9212
16.288,106.265
16.289,106.5439
16.29,106.7953
16.291,106.6582
16.292,106.2511
16.293,106.09
16.294,106.3392
16.295,106.4808
16.296,106.5555
16.297,106.3936
16.298,106.3697
16.299,106.0949
16.3,105.5639
16.301,105.3033
16.302,104.8493
16.303,104.7868
16.304,104.8038
16.305,104.5019
16.306,104.1566
16.307,103.8039
16.308,103.0047
16.309,102.5265
16.31,101.8586
16.311,101.3488
16.312,100.5286
16.313,99.9781
16.314,99.3099
16.315,98.6084
16.316,97.6075
16.317,96.6121
16.318,95.7514
16.319,95.0732
16.32,94.9792
16.321,94.3515
16.322,93.6397
16.323,92.8034
16.324,91.7991
16.325,90.7394
16.326,89.8876
16.327,89.1449
16.328,88.2648
16.329,87.1781
16.33,86.0668
16.331,84.9312
16.332,83.6617
16.333,82.6455
16.334,81.9949
16.335,81.0096
16.336,80.6891
16.337,79.5839
16.338,78.4376
16.339,77.4321
16.34,76.1166
16.341,74.4709
16.342,73.1271
16.343,71.9297
16.344,70.9502
16.345,69.8436
16.346,68.5081
16.347,67.0943
16.348,65.6101
16.349,64.3682
16.35,63.2379
16.351,62.2378
16.352,62.1455
16.353,60.8227
16.354,59.7845
16.355,58.5432
16.356,57.402
16.357,56.1785
16.358,55.0915
16.359,54.1564
16.36,53.2443
16.361,52.1601
16.362,51.2038
16.363,50.018
16.364,48.762
16.365,47.3202
16.366,46.353
16.367,45.6507
16.368,45.5964
16.369,44.6722
16.37,43.779
16.371,42.5149
16.372,41.273
16.373,39.8597
16.374,38.9104
16.375,37.8298
16.376,36.7959
16.377,35.5251
16.378,34.642
16.379,33.8376
16.38,32.9058
16.381,31.8276
16.382,31.1432
16.383,30.5388
16.384,30.6149
16.385,29.9476
16.386,29.2065
16.387,28.525
16.388,27.6644
16.389,27.1868
16.39,26.3829
16.391,25.749
16.392,25.0943
16.393,24.832
16.394,24.3366
16.395,23.5472
16.396,22.6449
16.397,21.7489
16.398,20.9973
16.399,20.5127
16.4,20.6371
16.401,20.242
16.402,20.0217
16.403,19.2898
16.404,18.5899
16.405,18.0984
16.406,17.758
16.407,17.652
16.408,17.2514
16.409,17.0741
16.41,16.7392
16.411,16.3427
16.412,16.0371
16.413,15.8558
16.414,15.5525
16.415,15.2917
16.416,15.5839
16.417,15.3418
16.418,15.1206
16.419,15.1458
16.42,15.0771
16.421,14.8463
16.422,14.5345
16.423,14.3603
16.424,14.4679
16.425,14.8588
16.426,15.3317
16.427,15.5131
16.428,15.4521
16.429,15.4933
16.43,15.8486
16.431,16.3388
16.432,16.9577
16.433,17.2418
16.434,17.7317
16.435,18.0903
16.436,18.436
16.437,18.5565
16.438,19.0229
16.439,19.4565
16.44,20.2494
16.441,21.1081
16.442,22.0295
16.443,22.9364
16.444,23.4929
16.445,24.1872
16.446,24.7766
16.447,25.5122
16.448,26.0527
16.449,27.0002
16.45,27.9806
16.451,28.8488
16.452,29.3529
16.453,29.9985
16.454,30.7448
16.455,32.0293
16.456,33.1774
16.457,34.5313
16.458,35.589
16.459,36.8469
16.46,37.7887
16.461,38.8104
16.462,39.8141
16.463,40.8285
16.464,41.6493
16.465,42.5
16.466,43.4059
16.467,44.4661
16.468,45.4593
16.469,46.4874
16.47,47.1815
16.471,48.3342
16.472,49.3148
16.473,50.9438
16.474,52.1172
16.475,53.3466
16.476,54.576
16.477,55.9397
16.478,57.4131
16.479,58.689
16.48,59.5822
16.481,60.766
16.482,62.0746
16.483,63.4351
16.484,64.2634
16.485,65.2256
16.486,66.2223
16.487,67.7778
16.488,69.0831
16.489,70.4533
16.49,71.683
16.491,73.1074
16.492,74.081
16.493,75.1838
16.494,76.1428
16.495,77.4513
16.496,78.306
16.497,79.5723
16.498,80.5752
16.499,81.5811
16.5,82.0152
16.501,82.7174
16.502,83.4016
16.503,84.8234
16.504,85.9234
16.505,87.1619
16.506,88.3836
16.507,89.3827
16.508,90.1317
16.509,90.8297
16.51,91.6597
16.511,92.6328
16.512,93.59
16.513,94.2918
16.514,95.0768
16.515,95.5683
16.516,96.0195
16.517,96.5007
16.518,97.1856
16.519,97.9338
16.52,98.5762
16.521,99.2221
16.522,99.7375
16.523,100.5208
16.524,100.8375
16.525,101.4575
16.526,102.0794
16.527,102.8024
16.528,103.5202
16.529,103.9465
16.53,104.5543
16.531,104.0984
16.532,104.6716
16.533,104.4549
16.534,105.4589
16.535,105.1847
16.536,105.638
16.537,105.8733
16.538,106.395
16.539,106.8134
16.54,106.7997
16.541,106.6245
16.542,106.2559
16.543,106.5267
16.544,106.492
16.545,106.7736
16.546,106.7449
16.547,106.4888
16.548,106.4181
16.549,106.0544
16.55,105.7561
16.551,105.5658
16.552,105.2474
16.553,104.9831
16.554,104.5886
16.555,104.3318
16.556,104.0058
16.557,103.4362
16.558,103.0773
16.559,102.4573
16.56,101.8461
16.561,101.7535
16.562,100.9304
16.563,100.1602
16.564,99.3112
16.565,98.4483
16.566,97.6328
16.567,96.7635
16.568,96.0528
16.569,95.5141
16.57,94.8556
16.571,94.049
16.572,92.9771
16.573,91.9627
16.574,91.2981
16.575,90.7309
16.576,90.0756
16.577,89.8575
16.578,88.7475
16.579,87.6077
16.58,86.2799
16.581,85.2627
16.582,83.9171
16.583,82.9827
16.584,82.06
16.585,81.1433
16.586,80.1467
16.587,78.7822
16.588,77.7668
16.589,76.3721
16.59,75.3936
16.591,74.0982
16.592,72.9204
16.593,72.5501
16.594,71.3309
16.595,70.3351
16.596,69.1241
16.597,67.7057
16.598,66.4354
16.599,65.3172
16.6,63.968
16.601,62.8296
16.602,61.565
16.603,60.4449
16.604,59.0637
16.605,57.5439
16.606,56.312
16.607,55.2018
16.608,54.2784
16.609,54.048
16.61,52.873
16.611,52.1574
16.612,51.296
16.613,50.3653
16.614,49.0033
16.615,48.0785
16.616,47.0741
16.617,46.2987
16.618,45.1238
16.619,44.2331
16.62,42.9436
16.621,41.8048
16.622,40.3326
16.623,39.398
16.624,38.5028
16.625,38.3079
16.626,37.3457
16.627,36.1863
16.628,35.165
16.629,34.2309
16.63,33.4407
16.631,32.6734
16.632,32.0545
16.633,31.354
16.634,30.6522
16.635,29.7162
16.636,28.8289
16.637,27.7895
16.638,26.8415
16.639,26.1873
16.64,25.7697
16.641,25.9896
16.642,25.3447
16.643,24.4729
16.644,23.8202
16.645,23.1251
16.646,22.4924
16.647,21.5937
16.648,21.2889
16.649,20.9477
16.65,20.7605
16.651,20.5423
16.652,19.8893
16.653,19.1784
16.654,18.2167
16.655,17.6392
16.656,17.2837
16.657,17.7159
16.658,17.6545
16.659,17.407
16.66,16.8657
16.661,16.3177
16.662,15.8781
16.663,15.7843
16.664,15.6658
16.665,15.5855
16.666,15.5415
16.667,15.3915
16.668,15.2603
16.669,15.1081
16.67,14.8611
16.671,14.5623
16.672,14.7066
16.673,14.9525
16.674,15.1289
16.675,15.3258
16.676,15.4694
16.677,15.7823
16.678,15.6768
16.679,15.8138
16.68,15.8565
16.681,16.3151
16.682,16.6931
16.683,17.2589
16.684,17.3176
16.685,17.5543
16.686,17.8634
16.687,18.6042
16.688,19.4229
16.689,19.9086
16.69,20.2968
16.691,21.173
16.692,21.6641
16.693,22.4136
16.694,22.5343
16.695,23.2408
16.696,24.1553
16.697,25.121
16.698,26.174
16.699,27.2166
16.7,28.1608
16.701,29.1841
16.702,29.6977
16.703,30.8086
16.704,31.6692
16.705,32.4838
16.706,33.4906
16.707,34.4158
16.708,35.4555
16.709,36.3945
16.71,36.8239
16.711,37.9566
16.712,38.8969
16.713,40.2982
16.714,41.3748
16.715,42.5173
16.716,43.6963
16.717,44.6558
16.718,45.7892
16.719,46.8755
16.72,48.0186
16.721,48.8315
16.722,50.1337
16.723,51.0048
16.724,52.1836
16.725,53.0874
16.726,54.1908
16.727,55.2976
16.728,56.784
16.729,58.2399
16.73,59.6455
16.731,60.959
16.732,62.3424
16.733,63.3358
16.734,64.5147
16.735,65.6132
16.736,67.1045
16.737,67.9547
16.738,69.3642
16.739,70.8125
16.74,71.9107
16.741,72.5762
16.742,73.5017
16.743,74.5932
16.744,76.2059
16.745,77.3461
16.746,78.5073
16.747,79.3807
16.748,80.2441
16.749,81.4569
16.75,82.4689
16.751,83.5075
16.752,84.5318
16.753,85.3972
16.754,86.2497
16.755,87.3571
16.756,88.3445
16.757,89.2151
16.758,89.838
16.759,90.6584
16.76,91.2723
16.761,92.3932
16.762,93.1577
16.763,94.3841
16.764,95.1051
16.765,95.9375
16.766,96.3595
16.767,97.0879
16.768,97.7497
16.769,98.2804
16.77,98.8321
16.771,99.1032
16.772,99.744
16.773,99.9622
16.774,100.4652
16.775,100.9434
16.776,101.7478
16.777,102.212
16.778,102.7464
16.779,103.4532
16.78,103.969
16.781,104.3733
16.782,104.4127
16.783,104.898
16.784,105.3378
16.785,105.8643
16.786,106.3675
16.787,106.7452
16.788,106.7846
16.789,106.8581
16.79,106.6528
16.791,106.378
16.792,106.2386
16.793,106.2379
16.794,106.5969
16.795,106.5836
16.796,106.5416
16.797,106.2423
16.798,106.0584
16.799,105.9438
16.8,105.8838
16.801,106.1778
16.802,106.1156
16.803,105.6661
16.804,105.2998
16.805,104.6489
16.806,103.9552
16.807,103.2091
16.808,102.4773
16.809,101.9468
16.81,101.3262
16.811,100.8922
16.812,100.0957
16.813,99.5879
16.814,98.6814
16.815,98.0141
16.816,97.238
16.817,97.2387
16.818,96.7864
16.819,96.4681
16.82,95.488
16.821,94.4988
16.822,93.2067
16.823,92.3972
16.824,91.6145
16.825,90.9887
16.826,89.7846
16.827,88.7443
16.828,87.6911
16.829,86.9489
16.83,85.9014
16.831,84.8639
16.832,83.8405
16.833,83.8318
16.834,82.7084
16.835,81.8102
16.836,80.8418
16.837,79.6749
16.838,78.3761
16.839,77.2711
16.84,75.654
16.841,74.1983
16.842,72.6734
16.843,71.5007
16.844,70.2682
16.845,69.1218
16.846,67.9981
16.847,66.9101
16.848,65.8479
16.849,65.5579
16.85,64.4917
16.851,63.2173
16.852,62.2905
16.853,61.0705
16.854,60.0047
16.855,58.6048
16.856,57.4858
16.857,56.1141
16.858,55.1101
16.859,54.0882
16.86,52.9342
16.861,51.3951
16.862,49.9243
16.863,49.0361
16.864,48.3022
16.865,47.6018
16.866,47.1608
16.867,46.3281
16.868,45.351
16.869,44.4377
16.87,43.3081
16.871,42.1246
16.872,41.0052
16.873,39.9996
16.874,39.1029
16.875,37.9935
16.876,36.9395
16.877,35.6124
16.878,34.3899
16.879,33.3944
16.88,32.7008
16.881,32.1523
16.882,32.1846
16.883,31.492
16.884,30.6069
16.885,29.9504
16.886,28.9268
16.887,28.3537
16.888,27.6986
16.889,27.014
16.89,26.2697
16.891,25.6729
16.892,25.0696
16.893,24.2071
16.894,23.145
16.895,22.3572
16.896,22.0101
16.897,21.7927
16.898,21.8969
16.899,21.4678
16.9,20.9618
16.901,20.2137
16.902,19.3388
16.903,18.7015
16.904,18.2608
16.905,17.9127
16.906,17.7942
16.907,17.4512
16.908,17.1306
16.909,16.8746
16.91,16.6757
16.911,16.1945
16.912,15.7923
16.913,15.7829
16.914,15.958
16.915,15.8887
16.916,15.7172
16.917,15.6118
16.918,15.292
16.919,15.1252
16.92,14.8711
16.921,15.0131
16.922,14.7749
16.923,14.9981
16.924,15.02
16.925,15.2416
16.926,15.309
16.927,15.3693
16.928,15.5275
16.929,15.6922
16.93,15.9792
16.931,16.5215
16.932,16.8523
16.933,17.1744
16.934,17.2442
16.935,17.5498
16.936,17.7929
16.937,18.415
16.938,19.0125
16.939,19.7981
16.94,20.4068
16.941,21.4116
16.942,22.0143
16.943,22.7373
16.944,23.2524
16.945,24.1793
16.946,24.7893
16.947,25.5354
16.948,26.4648
16.949,27.2271
16.95,27.9918
16.951,28.4351
16.952,29.1119
16.953,30.0265
16.954,31.15
16.955,32.3516
16.956,33.4257
16.957,34.2424
16.958,35.3611
16.959,36.4756
16.96,37.7759
16.961,38.6242
16.962,39.4191
16.963,40.1684
16.964,41.0973
16.965,42.0338
16.966,43.0937
16.967,44.0046
16.968,45.0476
16.969,46.3476
16.97,47.5636
16.971,48.8909
16.972,50.0873
16.973,51.5899
16.974,52.7413
16.975,53.7382
16.976,54.9089
16.977,56.3234
16.978,57.2431
16.979,58.6073
16.98,59.7597
16.981,60.8635
16.982,61.9369
16.983,62.8598
16.984,64.2204
16.985,65.4089
16.986,66.9685
16.987,68.1768
16.988,69.6414
16.989,70.8733
16.99,71.9183
16.991,72.7228
16.992,73.6813
16.993,75.0266
16.994,75.7791
16.995,76.9131
16.996,78.0956
16.997,79.1591
16.998,80.038
16.999,81.101
17.0,82.0689
17.001,82.9035
17.002,84.0388
17.003,85.1588
17.004,86.5242
17.005,87.5058
17.006,88.4119
17.007,89.1032
17.008,89.657
17.009,90.7604
17.01,91.5801
17.011,92.6857
17.012,93.5899
17.013,94.2147
17.014,94.6586
17.015,95.1719
17.016,95.7254
17.017,96.6719
17.018,97.5622
17.019,98.3678
17.02,98.7986
17.021,99.2231
17.022,99.4699
17.023,100.079
17.024,100.7647
17.025,101.9534
17.026,102.4934
17.027,103.044
17.028,103.6095
17.029,104.439
17.03,104.7465
17.031,104.6913
17.032,104.5769
17.033,105.1067
17.034,105.594
17.035,105.9757
17.036,106.0016
17.037,106.0624
17.038,105.8659
17.039,105.9037
17.04,106.2361
17.041,106.5723
17.042,107.0152
17.043,106.83
17.044,106.8633
17.045,106.6614
17.046,106.5332
17.047,106.2208
17.048,106.177
17.049,106.0222
17.05,105.7858
17.051,105.4482
17.052,105.2232
17.053,104.8848
17.054,104.3643
17.055,103.7852
17.056,103.2971
17.057,103.3022
17.058,103.4314
17.059,103.1473
17.06,102.3169
17.061,101.553
17.062,100.7297
17.063,99.8875
17.064,99.308
17.065,98.4217
17.066,97.8128
17.067,96.9624
17.068,96.2151
17.069,95.241
17.07,94.2411
17.071,93.3063
17.072,92.5192
17.073,91.8014
17.074,91.7387
17.075,91.116
17.076,90.2261
17.077,89.3206
17.078,88.2093
17.079,87.5868
17.08,86.5086
17.081,85.553
17.082,84.0769
17.083,83.0868
17.084,82.013
17.085,81.0815
17.086,79.7666
17.087,78.5572
17.088,77.4027
17.089,76.6428
17.09,76.2156
17.091,75.1902
17.092,74.1179
17.093,73.0038
17.094,71.7811
17.095,70.6062
17.096,69.2078
17.097,67.7919
17.098,66.6963
17.099,65.3936
17.1,63.9199
17.101,62.1875
17.102,60.8688
17.103,59.6398
17.104,58.4004
17.105,57.4084
17.106,57.1963
17.107,56.3355
17.108,55.5705
17.109,54.6383
17.11,53.4602
17.111,52.3214
17.112,51.0398
17.113,50.1902
17.114,49.2849
17.115,48.1411
17.116,47.0902
17.117,45.7019
17.118,44.4946
17.119,43.3443
17.12,42.1472
17.121,41.1771
17.122,40.9477
17.123,39.9072
17.124,39.3146
17.125,38.1244
17.126,37.0618
17.127,35.768
17.128,34.8825
17.129,34.2567
17.13,33.2651
17.131,32.6957
17.132,31.8414
17.133,31.2404
17.134,30.0443
17.135,28.8401
17.136,28.0244
17.137,27.5668
17.138,27.7287
17.139,27.1465
17.14,26.3743
17.141,25.8185
17.142,24.9356
17.143,24.023
17.144,23.1884
17.145,22.9096
17.146,22.7877
17.147,22.3447
17.148,21.9459
17.149,21.3765
17.15,20.7975
17.151,20.0228
17.152,19.1842
17.153,18.6534
17.154,18.8211
17.155,18.527
17.156,17.8444
17.157,17.5037
17.158,17.1162
17.159,17.1506
17.16,16.6925
17.161,16.3835
17.162,16.2254
17.163,16.1012
17.164,16.0705
17.165,15.6895
17.166,15.2942
17.167,14.8572
17.168,14.5535
17.169,14.6952
17.17,14.9622
17.171,15.0973
17.172,15.3762
17.173,15.436
17.174,15.3585
17.175,15.0607
17.176,14.7563
17.177,14.7801
17.178,15.0632
17.179,15.4526
17.18,15.7593
17.181,16.163
17.182,16.2762
17.183,16.6892
17.184,17.099
17.185,17.6135
17.186,18.3909
17.187,18.9859
17.188,19.7631
17.189,20.4708
17.19,20.9703
17.191,21.1283
17.192,21.7315
17.193,22.1572
17.194,23.0932
17.195,23.7186
17.196,24.6348
17.197,25.4228
17.198,26.1732
17.199,26.8554
17.2,27.679
17.201,28.733
17.202,29.9256
17.203,30.5421
17.204,31.455
17.205,32.4778
17.206,33.4054
17.207,34.1435
17.208,34.9411
17.209,35.9396
17.21,37.024
17.211,38.1287
17.212,39.4723
17.213,40.8073
17.214,41.7996
17.215,42.7341
17.216,43.3512
17.217,44.6935
17.218,45.9449
17.219,46.9312
17.22,48.1019
17.221,49.0381
17.222,49.8962
17.223,50.8205
17.224,51.8078
17.225,52.9381
17.226,54.2464
17.227,55.7725
17.228,57.1789
17.229,58.4768
17.23,59.8508
17.231,60.9588
17.232,62.0893
17.233,63.3742
17.234,64.9066
17.235,66.0789
17.236,67.2791
17.237,68.371
17.238,69.4317
17.239,70.4228
17.24,71.3842
17.241,72.4144
17.242,73.4695
17.243,74.8925
17.244,75.9967
17.245,77.1801
17.246,78.2339
17.247,79.3563
17.248,80.5064
17.249,81.3167
17.25,82.6038
17.251,83.1976
17.252,84.3447
17.253,85.0807
17.254,85.9658
17.255,86.939
17.256,87.875
17.257,88.8754
17.258,89.6847
17.259,90.8598
17.26,91.7155
17.261,92.7274
17.262,93.6131
17.263,94.1808
17.264,94.7952
17.265,95.2579
17.266,96.269
17.267,97.0241
17.268,97.5885
17.269,98.3264
17.27,98.5765
17.271,99.0706
17.272,99.2744
17.273,99.6973
17.274,100.358
17.275,101.22
17.276,101.9542
17.277,102.5298
17.278,103.1
17.279,103.6873
17.28,104.0156
17.281,104.6546
17.282,105.3843
17.283,105.9136
17.284,106.3607
17.285,106.2131
17.286,106.5766
17.287,106.4143
17.288,106.3816
17.289,106.0842
17.29,106.1082
17.291,106.3272
17.292,106.3626
17.293,106.51
17.294,106.3337
17.295,106.1987
17.296,105.9849
17.297,105.8864
17.298,106.0323
17.299,106.2275
17.3,106.1055
17.301,105.8248
17.302,105.3682
17.303,104.9747
17.304,104.5276
17.305,104.3035
17.306,104.0632
17.307,103.7758
17.308,103.4579
17.309,102.9243
17.31,102.1726
17.311,101.2424
17.312,100.2385
17.313,99.5202
17.314,98.8569
17.315,98.8695
17.316,98.0382
17.317,97.2233
17.318,96.2812
17.319,95.4939
17.32,94.1768
17.321,93.2689
17.322,92.503
17.323,92.433
17.324,91.7861
17.325,91.1297
17.326,89.8341
17.327,88.8615
17.328,87.8466
17.329,87.2441
17.33,86.4146
17.331,86.1778
17.332,85.1993
17.333,84.0419
17.334,82.6317
17.335,81.3775
17.336,80.0997
17.337,78.7174
17.338,77.5896
17.339,76.1688
17.34,75.0695
17.341,74.1328
17.342,72.9449
17.343,71.6923
17.344,70.2286
17.345,69.2448
17.346,68.4183
17.347,68.1252
17.348,67.0137
17.349,65.9879
17.35,64.7131
17.351,63.6182
17.352,62.3042
17.353,61.0552
17.354,59.6004
17.355,58.3745
17.356,57.2081
17.357,55.9447
17.358,54.4743
17.359,53.2351
17.36,52.1421
17.361,51.2303
17.362,50.2329
17.363,50.1136
17.364,49.2915
17.365,48.4167
17.366,47.4116
17.367,46.0765
17.368,45.0308
17.369,43.9576
17.37,42.969
17.371,41.909
17.372,40.9364
17.373,40.1703
17.374,38.8827
17.375,37.4846
17.376,36.1262
17.377,35.0568
17.378,34.4147
17.379,34.0466
17.38,33.6461
17.381,32.9939
17.382,32.237
17.383,31.2715
17.384,30.3032
17.385,29.5695
17.386,28.6909
17.387,28.0767
17.388,27.6127
17.389,27.1603
17.39,26.2754
17.391,25.2453
17.392,24.4346
17.393,23.8461
17.394,23.3355
17.395,23.3518
17.396,22.9572
17.397,22.292
17.398,21.9355
17.399,21.0832
17.4,20.557
17.401,19.9168
17.402,19.5409
17.403,19.3794
17.404,19.0418
17.405,18.9472
17.406,18.3834
17.407,17.6234
17.408,16.8446
17.409,16.4517
17.41,16.4582
17.411,16.5829
17.412,16.3556
17.413,15.9402
17.414,15.7074
17.415,15.4528
17.416,15.2423
17.417,14.8082
17.418,14.7992
17.419,14.6999
17.42,14.9428
17.421,14.9162
17.422,14.8457
17.423,14.8652
17.424,14.9237
17.425,15.2001
17.426,15.2453
17.427,15.6538
17.428,15.9524
17.429,16.3357
17.43,16.3331
17.431,16.3822
17.432,16.267
17.433,16.6733
17.434,16.9417
17.435,17.3888
17.436,18.0045
17.437,18.7451
17.438,19.2052
17.439,19.7639
17.44,20.0147
17.441,20.9334
17.442,21.6278
17.443,22.4114
17.444,23.2363
17.445,23.8991
17.446,24.6492
17.447,25.4208
17.448,25.9762
17.449,26.5608
17.45,27.4786
17.451,28.5394
17.452,29.7617
17.453,30.7553
17.454,31.7954
17.455,32.5501
17.456,33.4552
17.457,34.5612
17.458,35.5898
17.459,36.4534
17.46,37.5188
17.461,38.5569
17.462,39.5348
17.463,40.1595
17.464,40.8536
17.465,41.8908
17.466,43.0019
17.467,44.1812
17.468,45.5094
17.469,46.8677
17.47,48.1765
17.471,49.1059
17.472,50.1335
17.473,51.2585
17.474,52.4569
17.475,53.4721
17.476,54.7167
17.477,56.1938
17.478,57.21
17.479,58.4721
17.48,59.4384
17.481,60.5416
17.482,61.6501
17.483,62.9382
17.484,64.5245
17.485,66.081
17.486,67.4314
17.487,68.4838
17.488,69.5479
17.489,70.8339
17.49,71.9857
17.491,73.2824
17.492,74.2008
17.493,74.9282
17.494,76.0734
17.495,77.2228
17.496,78.1238
17.497,78.9065
17.498,79.7981
17.499,80.8883
17.5,82.2036
17.501,83.3874
17.502,84.6567
17.503,85.5421
17.504,86.4413
17.505,87.3129
17.506,88.4607
17.507,89.3307
17.508,90.1796
17.509,91.3391
17.51,92.1912
17.511,92.6505
17.512,92.7235
17.513,93.0944
17.514,93.7423
17.515,94.5688
17.516,95.5817
17.517,96.5967
17.518,97.3341
17.519,97.9736
17.52,98.4528
17.521,99.2709
17.522,99.7511
17.523,100.5928
17.524,100.9852
17.525,101.629
17.526,102.4984
17.527,102.8604
17.528,103.231
17.529,103.6589
17.53,103.8993
17.531,104.4354
17.532,105.097
17.533,105.606
17.534,105.8561
17.535,105.5949
17.536,105.867
17.537,105.952
17.538,106.131
17.539,106.2488
17.54,106.7218
17.541,107.0883
17.542,107.1097
17.543,106.6877
17.544,106.4506
17.545,106.2869
17.546,106.4105
17.547,106.1945
17.548,106.184
17.549,105.9828
17.55,105.7471
17.551,105.5643
17.552,105.126
17.553,104.7147
17.554,104.2327
17.555,103.999
17.556,104.2008
17.557,103.806
17.558,103.3588
17.559,102.7342
17.56,101.9155
17.561,101.1367
17.562,100.3347
17.563,99.7417
17.564,99.1315
17.565,98.487
17.566,97.7743
17.567,96.9842
17.568,96.037
17.569,95.2908
17.57,94.4781
17.571,93.7091
17.572,93.7782
17.573,92.6198
17.574,91.7186
17.575,90.8614
17.576,90.0466
17.577,89.1622
17.578,88.0315
17.579,86.9711
17.58,85.9167
17.581,84.9532
17.582,84.066
17.583,83.066
17.584,81.8838
17.585,80.8469
17.586,79.9368
17.587,78.9514
17.588,78.7752
17.589,77.7878
17.59,76.6511
17.591,75.1166
17.592,73.647
17.593,72.1109
17.594,70.9227
17.595,69.512
17.596,68.5034
17.597,67.3647
17.598,66.2552
17.599,64.9595
17.6,63.4905
17.601,62.0713
17.602,60.9115
17.603,60.1343
17.604,59.968
17.605,58.8133
17.606,57.5547
17.607,56.2628
17.608,55.156
17.609,54.3411
17.61,53.2728
17.611,52.3444
17.612,51.0671
17.613,50.0883
17.614,49.108
17.615,48.0207
17.616,46.6473
17.617,45.1825
17.618,44.187
17.619,43.4133
17.62,43.1675
17.621,42.2723
17.622,41.2152
17.623,40.1435
17.624,38.9815
17.625,37.6308
17.626,36.5768
17.627,35.5074
17.628,34.725
17.629,34.088
17.63,33.3663
17.631,32.4511
17.632,31.3005
17.633,30.3837
17.634,29.752
17.635,29.1926
17.636,29.0745
17.637,28.521
17.638,28.1739
17.639,27.714
17.64,26.5899
17.641,25.687
17.642,24.7342
17.643,24.324
17.644,23.7438
17.645,23.3228
17.646,22.7825
17.647,22.195
17.648,21.145
17.649,20.2772
17.65,19.6302
17.651,19.5665
17.652,19.7187
17.653,19.4928
17.654,19.0479
17.655,18.7356
17.656,18.0595
17.657,17.4278
17.658,17.1029
17.659,16.868
17.66,16.5512
17.661,16.2474
17.662,16.0838
17.663,16.0226
17.664,15.7074
17.665,15.3823
17.666,15.1206
17.667,15.0432
17.668,15.327
17.669,15.3147
17.67,15.0981
17.671,15.1537
17.672,15.0402
17.673,14.706
17.674,14.6872
17.675,14.5692
17.676,15.064
17.677,15.1972
17.678,15.6961
17.679,16.0167
17.68,16.2743
17.681,16.3864
17.682,16.6545
17.683,17.2518
17.684,17.8793
17.685,18.2915
17.686,18.5392
17.687,18.936
17.688,19.145
17.689,19.425
17.69,19.8846
17.691,20.6474
17.692,21.4743
17.693,22.3088
17.694,23.0893
17.695,24.0629
17.696,24.8936
17.697,25.7619
17.698,26.3869
17.699,27.2171
17.7,27.8437
17.701,28.8302
17.702,29.8297
17.703,30.4433
17.704,31.0148
17.705,31.6824
17.706,32.6733
17.707,33.8511
17.708,35.2376
17.709,36.3782
17.71,37.5138
17.711,38.5547
17.712,39.6105
17.713,40.6631
17.714,41.5984
17.715,42.8391
17.716,43.6123
17.717,44.7419
17.718,45.7698
17.719,46.9992
17.72,47.778
17.721,48.8306
17.722,49.7159
17.723,51.0243
17.724,52.3802
17.725,53.5829
17.726,54.854
17.727,55.9508
17.728,57.199
17.729,58.8249
17.73,60.0856
17.731,61.2917
17.732,62.2206
17.733,63.4258
17.734,64.6513
17.735,65.681
17.736,66.7064
17.737,67.5767
17.738,68.9408
17.739,70.2069
17.74,71.5427
17.741,72.6856
17.742,73.8169
17.743,75.1263
17.744,76.3496
17.745,77.3759
17.746,78.2037
17.747,79.2228
17.748,79.9989
17.749,81.0173
17.75,82.2758
17.751,82.9992
17.752,84.0021
17.753,84.9028
17.754,86.0687
17.755,87.0871
17.756,88.0704
17.757,88.9302
17.758,89.9423
17.759,90.9192
17.76,91.8492
17.761,92.5736
17.762,93.2399
17.763,94.2192
17.764,94.8775
17.765,95.6045
17.766,96.1312
17.767,96.5099
17.768,96.9101
17.769,97.4382
17.77,98.1102
17.771,98.9855
17.772,99.7346
17.773,100.5052
17.774,101.1821
17.775,101.8951
17.776,102.4377
17.777,103.1179
17.778,103.4058
17.779,103.9926
17.78,104.3739
17.781,104.6626
17.782,105.216
17.783,105.7002
17.784,105.8357
17.785,105.6582
17.786,105.3454
17.787,105.4253
17.788,105.8467
17.789,106.1513
17.79,106.6179
17.791,106.7849
17.792,106.9046
17.793,106.8425
17.794,106.6867
17.795,106.6345
17.796,106.9397
17.797,106.7658
17.798,106.5122
17.799,106.3838
17.8,105.9468
17.801,105.2422
17.802,104.6169
17.803,104.4466
17.804,104.4955
17.805,104.2523
17.806,103.9607
17.807,103.5498
17.808,102.9813
17.809,102.395
17.81,101.7872
17.811,100.9483
17.812,100.3495
17.813,100.2068
17.814,99.6782
17.815,98.886
17.816,97.8942
17.817,96.9058
17.818,96.1585
17.819,95.4602
17.82,94.7262
17.821,93.9709
17.822,93.2311
17.823,92.3138
17.824,91.3673
17.825,90.4214
17.826,89.579
17.827,88.6927
17.828,87.8431
17.829,87.4552
17.83,86.6352
17.831,85.4782
17.832,84.4975
17.833,83.3105
17.834,82.1016
17.835,80.9128
17.836,80.1376
17.837,79.3929
17.838,78.4378
17.839,77.2664
17.84,75.7606
17.841,74.3735
17.842,72.962
17.843,71.7002
17.844,70.7035
17.845,70.2463
17.846,69.1972
17.847,67.9649
17.848,66.6598
17.849,65.5301
17.85,64.223
17.851,63.0743
17.852,61.6197
17.853,60.6759
17.854,59.6653
17.855,58.2838
17.856,56.928
17.857,55.4483
17.858,54.3666
17.859,53.5138
17.86,52.6107
17.861,52.4245
17.862,51.1782
17.863,50.2758
17.864,49.1883
17.865,48.2223
17.866,47.0652
17.867,46.0801
17.868,45.076
17.869,43.9621
17.87,43.0767
17.871,41.8607
17.872,40.511
17.873,39.0292
17.874,37.8243
17.875,36.9237
17.876,36.093
17.877,35.8624
17.878,35.0861
17.879,34.2138
17.88,33.4626
17.881,32.5786
17.882,31.4712
17.883,30.633
17.884,30.0445
17.885,29.6335
17.886,29.2339
17.887,28.6487
17.888,27.8091
17.889,26.6733
17.89,25.7356
17.891,25.0881
17.892,24.8272
17.893,24.9143
17.894,24.0974
17.895,23.4243
17.896,22.5598
17.897,21.9175
17.898,21.2078
17.899,20.9079
17.9,20.443
17.901,19.9428
17.902,19.4728
17.903,19.0946
17.904,18.6285
17.905,18.048
17.906,17.5409
17.907,17.1428
17.908,16.6315
17.909,16.6619
17.91,16.7179
17.911,16.525
17.912,16.6295
17.913,16.3019
17.914,16.004
17.915,15.7713
17.916,15.5224
17.917,15.4959
17.918,15.3577
17.919,15.3792
17.92,14.8828
17.921,14.4473
17.922,14.1663
17.923,14.4649
17.924,15.0055
17.925,15.116
17.926,15.3835
17.927,15.4009
17.928,15.5603
17.929,15.8909
17.93,15.9923
17.931,16.1969
17.932,16.4713
17.933,17.0378
17.934,17.5768
17.935,18.0127
17.936,18.3986
17.937,18.8136
17.938,19.2792
17.939,19.7559
17.94,20.4269
17.941,21.1177
17.942,21.909
17.943,22.739
17.944,23.3351
17.945,23.8418
17.946,24.4232
17.947,25.1816
17.948,26.163
17.949,27.1478
17.95,28.1433
17.951,29.2457
17.952,29.9998
17.953,30.8074
17.954,31.4452
17.955,32.3716
17.956,33.2042
17.957,33.9971
17.958,35.2055
17.959,36.4518
17.96,37.3937
17.961,38.0575
17.962,38.8334
17.963,40.0076
17.964,41.2267
17.965,42.3631
17.966,43.5976
17.967,44.8283
17.968,45.8543
17.969,46.7484
17.97,47.6106
17.971,48.9451
17.972,50.2586
17.973,51.1259
17.974,52.38
17.975,53.3959
17.976,54.4197
17.977,55.4125
17.978,56.4559
17.979,58.0564
17.98,59.3394
17.981,60.7618
17.982,62.3272
17.983,64.0222
17.984,65.4249
17.985,66.3069
17.986,67.3271
17.987,68.447
17.988,69.6764
17.989,70.5662
17.99,71.7624
17.991,72.8083
17.992,73.8526
17.993,74.7368
17.994,75.3766
17.995,76.5659
17.996,77.7144
17.997,79.1817
17.998,80.3975
17.999,81.733
18.0,82.5811
18.001,83.5
18.002,84.4317
18.003,85.8787
18.004,87.0534
18.005,87.6924
18.006,88.6612
18.007,89.4927
18.008,90.1944
18.009,90.8733
18.01,91.3529
18.011,92.0647
18.012,92.6558
18.013,93.5705
18.014,94.2562
18.015,95.0924
18.016,95.8535
18.017,96.4446
18.018,97.1149
18.019,97.6686
18.02,98.6133
18.021,99.1167
18.022,99.9047
18.023,100.5633
18.024,101.0089
18.025,101.4084
18.026,101.9771
18.027,102.4027
18.028,103.057
18.029,103.3168
18.03,104.0781
18.031,104.6942
18.032,105.1433
18.033,105.3798
18.034,105.433
18.035,105.8527
18.036,106.1421
18.037,106.5408
18.038,106.7552
18.039,106.7058
18.04,106.8047
18.041,106.7141
18.042,106.6653
18.043,106.49
18.044,106.3487
18.045,106.2668
18.046,106.3635
18.047,106.1784
18.048,106.0213
18.049,105.9716
18.05,105.7986
18.051,105.486
18.052,105.0573
18.053,105.298
18.054,104.9496
18.055,104.7659
18.056,104.1744
18.057,103.6012
18.058,102.8355
18.059,102.2637
18.06,101.7937
18.061,101.2612
18.062,100.6228
18.063,99.7385
18.064,98.8602
18.065,97.8922
18.066,97.2251
18.067,96.4264
18.068,96.0175
18.069,95.9918
18.07,95.3482
18.071,94.5559
18.072,93.7487
18.073,92.5828
18.074,91.6087
18.075,90.4035
18.076,89.7184
18.077,88.8959
18.078,88.0404
18.079,87.0107
18.08,86.0367
18.081,84.9775
18.082,83.9648
18.083,82.8115
18.084,81.8496
18.085,81.6696
18.086,80.3379
18.087,79.4666
18.088,78.5483
18.089,77.5325
18.09,76.3609
18.091,75.0661
18.092,73.5389
18.093,72.1758
18.094,70.6839
18.095,69.5596
18.096,68.2638
18.097,66.9836
18.098,65.7372
18.099,64.6876
18.1,63.7466
18.101,63.5512
18.102,62.1823
18.103,61.2024
18.104,60.0297
18.105,58.8097
18.106,57.1385
18.107,55.9004
18.108,54.9675
18.109,54.084
18.11,53.0657
18.111,51.8621
18.112,50.7952
18.113,49.5863
18.114,48.2178
18.115,47.1078
18.116,46.1158
18.117,45.292
18.118,45.0527
18.119,43.9674
18.12,42.9031
18.121,41.9437
18.122,40.8102
18.123,40.1617
18.124,39.0543
18.125,38.2673
18.126,37.2988
18.127,36.3388
18.128,35.1771
18.129,34.5735
18.13,32.8116
18.131,31.9607
18.132,30.7612
18.133,30.7837
18.134,30.5124
18.135,29.6051
18.136,28.9499
18.137,28.3404
18.138,27.4551
18.139,26.5732
18.14,26.1407
18.141,25.8008
18.142,25.4478
18.143,24.897
18.144,24.0717
18.145,23.1799
18.146,22.1969
18.147,21.7137
18.148,21.3329
18.149,20.8851
18.15,20.8574
18.151,20.155
18.152,19.6004
18.153,19.3236
18.154,18.7935
18.155,18.2696
18.156,17.8114
18.157,17.4374
18.158,17.0978
18.159,16.6665
18.16,16.371
18.161,16.1001
18.162,15.8183
18.163,15.588
18.164,15.622
18.165,15.7332
18.166,15.819
18.167,15.9098
18.168,15.6434
18.169,15.3687
18.17,15.0121
18.171,14.681
18.172,14.8607
18.173,14.7961
18.174,14.8754
18.175,14.9553
18.176,15.0288
18.177,15.2081
18.178,15.3234
18.179,15.66
18.18,15.9998
18.181,16.4287
18.182,16.5918
18.183,17.0853
18.184,17.5578
18.185,18.1037
18.186,18.1913
18.187,18.206
18.188,18.866
18.189,19.6559
18.19,20.6434
18.191,21.147
18.192,21.9252
18.193,22.6905
18.194,23.452
18.195,24.2111
18.196,24.9188
18.197,25.79
18.198,26.336
18.199,27.1847
18.2,27.9236
18.201,28.6066
18.202,29.156
18.203,30.0074
18.204,30.8562
18.205,32.113
18.206,33.3044
18.207,34.7144
18.208,35.7299
18.209,36.8288
18.21,37.5928
18.211,38.4002
18.212,39.1987
18.213,40.1071
18.214,40.953
18.215,41.9914
18.216,43.1917
18.217,44.3921
18.218,45.1674
18.219,46.0255
18.22,47.1786
18.221,48.6388
18.222,50.1243
18.223,51.3674
18.224,52.7176
18.225,53.7599
18.226,54.9242
18.227,56.0981
18.228,57.6068
18.229,59.0118
18.23,59.6317
18.231,61.0684
18.232,62.4123
18.233,63.5748
18.234,64.5599
18.235,65.5208
18.236,66.6529
18.237,68.0418
18.238,69.5081
18.239,70.7952
18.24,71.6793
18.241,72.7455
18.242,73.5635
18.243,74.8725
18.244,75.9162
18.245,77.5263
18.246,78.3241
18.247,79.5129
18.248,80.5035
18.249,81.396
18.25,82.0084
18.251,82.7249
18.252,83.6897
18.253,84.8133
18.254,86.1742
18.255,87.5819
18.256,88.7553
18.257,89.4733
18.258,90.1005
18.259,90.9288
18.26,91.8497
18.261,92.5939
18.262,93.2681
18.263,93.922
18.264,94.3823
18.265,95.002
18.266,95.6464
18.267,96.0474
18.268,96.851
18.269,97.4461
18.27,98.4181
18.271,99.0765
18.272,99.8846
18.273,100.5522
18.274,101.1464
18.275,101.7056
18.276,102.304
18.277,103.2543
18.278,103.7475
18.279,104.4301
18.28,104.6893
18.281,104.9017
18.282,104.9738
18.283,105.1566
18.284,105.2662
18.285,105.3887
18.286,105.5962
18.287,105.9224
18.288,106.0899
18.289,106.2857
18.29,106.3546
18.291,106.5216
18.292,106.4701
18.293,106.6719
18.294,106.9675
18.295,107.1739
18.296,107.1013
18.297,106.9133
18.298,106.2653
18.299,105.9926
18.3,105.5772
18.301,105.4798
18.302,104.9351
18.303,104.6773
18.304,104.2977
18.305,104.1434
18.306,103.5892
18.307,102.9581
18.308,102.3988
18.309,102.0929
18.31,102.2549
18.311,101.6265
18.312,101.1715
18.313,100.4844
18.314,99.5767
18.315,98.5728
18.316,97.5211
18.317,96.8407
18.318,96.008
18.319,95.4706
18.32,94.5941
18.321,93.6023
18.322,92.4406
18.323,91.3331
18.324,90.5461
18.325,89.9845
18.326,90.0899
18.327,89.4917
18.328,88.7322
18.329,87.2796
18.33,87.0521
18.331,85.6994
18.332,85.109
18.333,83.1906
18.334,82.4834
18.335,81.5846
18.336,80.35
18.337,78.7889
18.338,77.4656
18.339,76.293
18.34,75.3161
18.341,74.2599
18.342,74.0238
18.343,72.7532
18.344,71.5665
18.345,70.1604
18.346,69.0649
18.347,67.7731
18.348,66.6033
18.349,65.407
18.35,64.1034
18.351,62.8115
18.352,61.4631
18.353,60.1839
18.354,58.9207
18.355,57.5639
18.356,56.5467
18.357,55.4181
18.358,55.2012
18.359,54.1647
18.36,53.196
18.361,51.9266
18.362,50.9781
18.363,49.9392
18.364,49.4758
18.365,48.579
18.366,47.6568
18.367,46.4298
18.368,45.2755
18.369,44.1574
18.37,42.9093
18.371,41.6369
18.372,40.3017
18.373,39.3714
18.374,39.0882
18.375,38.1954
18.376,37.1379
18.377,36.1575
18.378,35.1852
18.379,34.3379
18.38,33.279
18.381,32.4937
18.382,31.6371
18.383,31.0138
18.384,30.253
18.385,29.4933
18.386,28.3987
18.387,27.3318
18.388,26.5927
18.389,26.1641
18.39,26.2111
18.391,25.815
18.392,25.4214
18.393,24.8144
18.394,23.9098
18.395,22.9373
18.396,22.2093
18.397,21.7577
18.398,21.5598
18.399,21.2287
18.4,20.6709
18.401,20.0075
18.402,19.1715
18.403,18.8499
18.404,18.4668
18.405,18.108
18.406,18.0022
18.407,17.4989
18.408,17.1782
18.409,17.0538
18.41,16.6473
18.411,16.4652
18.412,16.0519
18.413,15.8665
18.414,15.426
18.415,15.3803
18.416,15.5014
18.417,15.3157
18.418,15.0637
18.419,14.674
18.42,14.7141
18.421,14.6734
18.422,15.0796
18.423,15.3081
18.424,15.5075
18.425,15.4486
18.426,15.4427
18.427,15.323
18.428,15.312
18.429,15.4107
18.43,15.9139
18.431,16.4145
18.432,16.7999
18.433,17.131
18.434,17.2663
18.435,17.8496
18.436,18.1278
18.437,18.8952
18.438,19.4471
18.439,19.9019
18.44,20.5246
18.441,21.0556
18.442,21.7178
18.443,22.1383
18.444,22.6448
18.445,23.4352
18.446,24.2761
18.447,25.4304
18.448,26.2014
18.449,27.1063
18.45,27.9367
18.451,28.7759
18.452,29.7398
18.453,30.6457
18.454,31.8055
18.455,32.5213
18.456,33.674
18.457,34.6278
18.458,35.6178
18.459,36.1921
18.46,36.849
18.461,37.7841
18.462,38.9135
18.463,40.2056
18.464,41.4013
18.465,42.4848
18.466,43.5294
18.467,44.668
18.468,45.7654
18.469,46.8572
18.47,48.066
18.471,48.8321
18.472,49.9743
18.473,51.2836
18.474,52.3256
18.475,53.24
18.476,54.3664
18.477,55.76
18.478,57.3731
18.479,58.7149
18.48,60.0402
18.481,61.3376
18.482,62.6455
18.483,63.7936
18.484,65.0091
18.485,66.2785
18.486,67.5574
18.487,68.2994
18.488,69.5982
18.489,70.6434
18.49,71.6618
18.491,72.3925
18.492,73.0188
18.493,74.2694
18.494,75.3498
18.495,77.0492
18.496,78.0487
18.497,79.5098
18.498,80.3208
18.499,81.5333
18.5,82.5081
18.501,83.7826
18.502,84.9965
18.503,85.7999
18.504,86.6309
18.505,87.5165
18.506,88.0685
18.507,88.5815
18.508,89.399
18.509,90.1831
18.51,91.2254
18.511,91.9978
18.512,93.0084
18.513,93.864
18.514,94.6645
18.515,95.2931
18.516,95.8618
18.517,96.4473
18.518,97.158
18.519,97.6708
18.52,98.2476
18.521,98.9643
18.522,99.6981
18.523,100.2508
18.524,100.7128
18.525,101.3148
18.526,102.0181
18.527,102.6909
18.528,103.6277
18.529,104.2147
18.53,105.1013
18.531,105.3439
18.532,105.0605
18.533,104.8631
18.534,105.092
18.535,105.9617
18.536,106.1793
18.537,106.4389
18.538,106.2872
18.539,106.221
18.54,106.1301
18.541,106.2841
18.542,106.4677
18.543,106.7627
18.544,106.9905
18.545,107.0171
18.546,106.7728
18.547,106.5916
18.548,106.3278
18.549,106.0226
18.55,105.6718
18.551,105.6852
18.552,105.3548
18.553,105.1903
18.554,104.8306
18.555,104.305
18.556,103.5771
18.557,103.1052
18.558,102.708
18.559,102.4949
18.56,102.226
18.561,101.6566
18.562,100.9324
18.563,99.9559
18.564,98.8795
18.565,98.0062
18.566,97.2711
18.567,97.0622
18.568,96.4308
18.569,95.7498
18.57,94.7838
18.571,94.1062
18.572,92.9617
18.573,92.1713
18.574,91.2957
18.575,90.5171
18.576,89.7077
18.577,89.0026
18.578,87.962
18.579,87.0826
18.58,85.8381
18.581,85.0448
18.582,84.0471
18.583,83.8026
18.584,82.7662
18.585,81.8134
18.586,80.645
18.587,79.3426
18.588,77.9482
18.589,76.6629
18.59,75.5992
18.591,74.5711
18.592,73.3047
18.593,72.0457
18.594,70.4575
18.595,69.1647
18.596,67.7859
18.597,66.8686
18.598,65.9933
18.599,65.7301
18.6,64.6189
18.601,63.5362
18.602,62.3312
18.603,61.2166
18.604,59.97
18.605,58.7445
18.606,57.3219
18.607,56.1384
18.608,54.8003
18.609,53.7678
18.61,52.2452
18.611,50.9021
18.612,49.699
18.613,48.8454
18.614,48.35
18.615,48.2667
18.616,47.46
18.617,46.3872
18.618,45.362
18.619,43.9386
18.62,43.0935
18.621,42.1838
18.622,41.1744
18.623,39.9042
18.624,38.9798
18.625,37.8647
18.626,36.7991
18.627,35.4148
18.628,34.459
18.629,33.4108
18.63,32.7135
18.631,32.557
18.632,31.915
18.633,31.4253
18.634,30.6489
18.635,29.9901
18.636,28.8412
18.637,28.204
18.638,27.3957
18.639,26.8868
18.64,26.4277
18.641,25.9774
18.642,25.2817
18.643,24.2851
18.644,23.2637
18.645,22.3432
18.646,22.021
18.647,22.1113
18.648,21.8776
18.649,21.4356
18.65,20.9839
18.651,20.041
18.652,19.4525
18.653,18.5282
18.654,18.4871
18.655,18.3129
18.656,18.3626
18.657,17.9413
18.658,17.4905
18.659,17.0086
18.66,16.5279
18.661,16.1034
18.662,15.9111
18.663,16.1066
18.664,16.0751
18.665,15.9712
18.666,15.8132
18.667,15.5579
18.668,15.0142
18.669,14.9999
18.67,15.0244
18.671,15.1521
18.672,15.2224
18.673,15.2433
18.674,15.1922
18.675,14.8038
18.676,14.8273
18.677,14.9526
18.678,15.4724
18.679,16.0128
18.68,16.3239
18.681,16.6217
18.682,16.7565
18.683,17.0236
18.684,17.0988
18.685,17.5733
18.686,17.8938
18.687,18.6538
18.688,19.0875
18.689,19.8317
18.69,20.5563
18.691,21.288
18.692,21.7529
18.693,22.277
18.694,23.1609
18.695,23.8205
18.696,24.7012
18.697,25.5168
18.698,26.205
18.699,26.7051
18.7,27.168
18.701,27.981
18.702,29.1585
18.703,30.3064
18.704,31.4801
18.705,32.4031
18.706,33.4625
18.707,34.6135
18.708,35.4726
18.709,36.3645
18.71,37.1534
18.711,37.9321
18.712,39.4908
18.713,40.5022
18.714,41.4132
18.715,42.1411
18.716,43.0688
18.717,44.2566
18.718,45.2303
18.719,46.2148
18.72,47.443
18.721,49.0387
18.722,50.3679
18.723,51.6963
18.724,52.4984
18.725,53.7901
18.726,54.8945
18.727,55.8954
18.728,57.0117
18.729,57.5643
18.73,59.5004
18.731,60.6806
18.732,62.6707
18.733,63.1382
18.734,64.6432
18.735,65.9587
18.736,67.5126
18.737,68.8042
18.738,70.0231
18.739,71.0257
18.74,71.8894
18.741,72.9737
18.742,73.8484
18.743,74.8361
18.744,75.5307
18.745,76.7174
18.746,77.7935
18.747,78.8597
18.748,79.8525
18.749,80.8028
18.75,82.0635
18.751,83.3585
18.752,84.6227
18.753,85.8749
18.754,86.8832
18.755,87.7866
18.756,88.4736
18.757,89.0789
18.758,89.9634
18.759,90.8907
18.76,91.6614
18.761,92.3285
18.762,92.8462
18.763,93.5271
18.764,94.0115
18.765,94.643
18.766,95.3923
18.767,96.4348
18.768,97.3725
18.769,98.2608
18.77,99.077
18.771,99.8613
18.772,100.3557
18.773,100.8141
18.774,101.4842
18.775,101.9066
18.776,102.289
18.777,102.7846
18.778,103.2448
18.779,103.7896
18.78,103.8459
18.781,104.1242
18.782,104.5273
18.783,105.0669
18.784,105.7433
18.785,105.9419
18.786,106.1204
18.787,105.9979
18.788,106.3472
18.789,106.5017
18.79,106.7372
18.791,106.7509
18.792,106.9754
18.793,106.9341
18.794,106.8005
18.795,106.7436
18.796,106.638
18.797,106.2693
18.798,105.9422
18.799,105.8216
18.8,105.7979
18.801,105.5964
18.802,105.2278
18.803,104.7936
18.804,104.4633
18.805,103.8783
18.806,103.2258
18.807,102.8874
18.808,103.089
18.809,102.9117
18.81,102.2362
18.811,101.5666
18.812,100.6704
18.813,99.9803
18.814,99.2322
18.815,98.6398
18.816,97.9521
18.817,97.1147
18.818,96.293
18.819,95.4102
18.82,94.3295
18.821,93.3323
18.822,92.3861
18.823,91.8858
18.824,91.7543
18.825,90.8615
18.826,90.117
18.827,89.3073
18.828,88.2889
18.829,87.1353
18.83,86.0911
18.831,85.101
18.832,84.2242
18.833,83.1305
18.834,82.2648
18.835,80.9153
18.836,79.7711
18.837,78.5303
18.838,77.5314
18.839,76.3875
18.84,76.073
18.841,75.1411
18.842,74.1966
18.843,72.8321
18.844,71.4082
18.845,69.8355
18.846,68.7763
18.847,67.6165
18.848,66.4817
18.849,65.2861
18.85,63.9664
18.851,62.7951
18.852,61.2566
18.853,59.8514
18.854,58.5863
18.855,57.6432
18.856,57.2859
18.857,56.3816
18.858,55.1126
18.859,53.8808
18.86,52.9039
18.861,51.8863
18.862,50.9738
18.863,49.7772
18.864,49.0239
18.865,48.0569
18.866,47.1511
18.867,45.8174
18.868,44.7279
18.869,43.4228
18.87,42.4763
18.871,41.5005
18.872,41.4271
18.873,40.2941
18.874,39.3197
18.875,38.165
18.876,36.9511
18.877,36.0433
18.878,34.9425
18.879,34.3351
18.88,33.2356
18.881,32.5901
18.882,31.7323
18.883,30.9347
18.884,30.1035
18.885,28.9399
18.886,28.1356
18.887,27.3823
18.888,27.4628
18.889,26.9149
18.89,26.1332
18.891,25.7976
18.892,25.0817
18.893,24.5388
18.894,23.9148
18.895,23.485
18.896,23.206
18.897,22.5259
18.898,21.8832
18.899,21.2062
18.9,20.7691
18.901,20.0464
18.902,19.3508
18.903,19.007
18.904,19.0326
18.905,18.5665
18.906,18.2324
18.907,17.5527
18.908,17.0357
18.909,16.5253
18.91,16.2695
18.911,16.2488
18.912,15.9445
18.913,15.7971
18.914,15.6258
18.915,15.5068
18.916,15.1928
18.917,14.898
18.918,14.6633
18.919,14.7054
18.92,14.9886
18.921,15.2727
18.922,15.2317
18.923,15.4277
18.924,15.2645
18.925,15.1895
18.926,15.0134
18.927,15.1313
18.928,15.5233
18.929,15.7546
18.93,16.2388
18.931,16.2946
18.932,16.524
18.933,16.6789
18.934,17.1011
18.935,17.9588
18.936,18.4429
18.937,19.0285
18.938,19.5793
18.939,19.9159
18.94,20.2363
18.941,20.7666
18.942,21.5004
18.943,22.3985
18.944,23.2762
18.945,24.1927
18.946,24.8979
18.947,25.718
18.948,26.3447
18.949,27.2365
18.95,27.7744
18.951,28.6872
18.952,29.3083
18.953,30.4153
18.954,31.2678
18.955,32.11
18.956,32.9467
18.957,33.7415
18.958,34.951
18.959,35.9663
18.96,37.2904
18.961,38.313
18.962,39.5414
18.963,40.5757
18.964,41.5661
18.965,42.3886
18.966,43.4259
18.967,44.6811
18.968,45.3672
18.969,46.5875
18.97,47.6268
18.971,48.8146
18.972,49.8272
18.973,50.846
18.974,52.0559
18.975,53.4195
18.976,54.8827
18.977,56.3362
18.978,57.7332
18.979,59.1406
18.98,60.2552
18.981,61.4024
18.982,62.248
18.983,63.4458
18.984,64.2998
18.985,65.8545
18.986,67.0436
18.987,68.3187
18.988,69.0754
18.989,69.9929
18.99,70.8971
18.991,72.2024
18.992,73.8501
18.993,75.2302
18.994,76.7186
18.995,77.5885
18.996,78.7692
18.997,79.3793
18.998,80.4993
18.999,81.6158
19.0,82.4142
19.001,83.8657
19.002,84.6855
19.003,85.6515
19.004,86.2085
19.005,87.0997
19.006,87.7535
19.007,88.7433
19.008,89.6106
19.009,90.7048
19.01,91.767
19.011,92.4648
19.012,93.1134
19.013,93.5027
19.014,94.3137
19.015,95.1266
19.016,95.8864
19.017,96.5041
19.018,97.4766
19.019,97.7632
19.02,98.3744
19.021,98.7226
19.022,99.5721
19.023,100.255
19.024,101.0064
19.025,101.6314
19.026,102.3428
19.027,102.9208
19.028,103.6715
19.029,104.9159
19.03,104.6519
19.031,105.0807
19.032,106.3152
19.033,105.7606
19.034,106.203
19.035,106.3085
19.036,106.2386
19.037,105.8318
19.038,105.857
19.039,105.8736
19.04,106.1554
19.041,106.2598
19.042,106.2464
19.043,106.3747
19.044,106.0508
19.045,106.2297
19.046,106.227
19.047,106.3924
19.048,106.6897
19.049,106.7507
19.05,106.7297
19.051,106.2225
19.052,105.5337
19.053,104.9986
19.054,104.5963
19.055,103.9956
19.056,103.4437
19.057,102.9084
19.058,102.5283
19.059,101.8492
19.06,101.2502
19.061,100.4612
19.062,99.9971
19.063,99.6122
19.064,99.8135
19.065,99.2641
19.066,98.6554
19.067,97.601
19.068,96.6069
19.069,95.6457
19.07,94.7079
19.071,93.7173
19.072,92.7583
19.073,91.7653
19.074,90.9051
19.075,89.8588
19.076,89.0833
19.077,88.3661
19.078,87.5195
19.079,86.8839
19.08,86.0546
19.081,85.9208
19.082,85.0299
19.083,83.89
19.084,82.7237
19.085,81.5179
19.086,80.5104
19.087,79.3372
19.088,78.1283
19.089,76.8032
19.09,75.5547
19.091,74.5728
19.092,73.1068
19.093,71.9256
19.094,70.605
19.095,69.6109
19.096,68.4867
19.097,68.1217
19.098,67.0426
19.099,65.9342
19.1,64.76
19.101,63.2192
19.102,62.0868
19.103,60.8728
19.104,59.7044
19.105,58.3016
19.106,57.1662
19.107,56.0555
19.108,54.5992
19.109,53.2204
19.11,51.845
19.111,50.8968
19.112,50.0653
19.113,50.0396
19.114,49.122
19.115,48.216
19.116,46.9948
19.117,45.8622
19.118,45.0485
19.119,44.1666
19.12,43.3029
19.121,42.1213
19.122,40.9452
19.123,39.6259
19.124,38.4625
19.125,37.3405
19.126,36.3765
19.127,35.3147
19.128,34.3819
19.129,33.3216
19.13,33.4854
19.131,32.8993
19.132,33.0259
19.133,31.2543
19.134,30.182
19.135,29.4396
19.136,28.7841
19.137,28.2771
19.138,27.6549
19.139,27.0662
19.14,26.1423
19.141,25.2699
19.142,24.2523
19.143,23.7239
19.144,23.0616
19.145,23.1616
19.146,22.6415
19.147,22.3211
19.148,21.7283
19.149,21.0065
19.15,20.1942
19.151,19.8587
19.152,19.7578
19.153,19.7043
19.154,19.3074
19.155,18.7771
19.156,18.2576
19.157,17.777
19.158,17.3955
19.159,16.9762
19.16,16.7182
19.161,16.5253
19.162,16.1912
19.163,15.7774
19.164,15.7084
19.165,15.3989
19.166,15.1826
19.167,15.0071
19.168,15.0052
19.169,14.9742
19.17,14.9377
19.171,14.8767
19.172,14.6921
19.173,14.6369
19.174,14.7872
19.175,14.8506
19.176,15.1202
19.177,15.4197
19.178,15.7987
19.179,16.0917
19.18,16.217
19.181,16.2905
19.182,16.4112
19.183,16.6655
19.184,16.9867
19.185,17.5962
19.186,18.3595
19.187,19.0281
19.188,19.4873
19.189,19.8299
19.19,20.5207
19.191,21.3508
19.192,22.1616
19.193,22.83
19.194,23.5063
19.195,24.2792
19.196,24.7433
19.197,25.0322
19.198,25.4185
19.199,26.0989
19.2,26.9657
19.201,28.2804
19.202,29.8183
19.203,31.0777
19.204,31.834
19.205,32.5861
19.206,33.6266
19.207,34.8804
19.208,35.8904
19.209,36.6841
19.21,37.5726
19.211,38.2919
19.212,38.9631
19.213,39.748
19.214,40.6297
19.215,41.7362
19.216,42.862
19.217,44.1567
19.218,45.6381
19.219,46.9696
19.22,48.1593
19.221,49.2238
19.222,50.1102
19.223,51.479
19.224,52.8168
19.225,53.6806
19.226,54.9384
19.227,55.8604
19.228,57.238
19.229,58.4013
19.23,59.6404
19.231,60.7182
19.232,62.1126
19.233,63.4733
19.234,64.7716
19.235,66.2294
19.236,67.3829
19.237,68.4374
19.238,69.4549
19.239,70.7024
19.24,72.007
19.241,72.6683
19.242,73.6268
19.243,74.9243
19.244,75.9373
19.245,76.7281
19.246,77.4529
19.247,78.4937
19.248,79.8266
19.249,81.0662
19.25,82.3827
19.251,83.8611
19.252,85.0627
19.253,85.6908
19.254,86.1756
19.255,87.1375
19.256,88.4266
19.257,89.1056
19.258,89.9244
19.259,90.8414
19.26,91.5688
19.261,92.2823
19.262,92.9227
19.263,93.3105
19.264,94.2225
19.265,95.2257
19.266,96.2035
19.267,96.8325
19.268,97.0526
19.269,97.6764
19.27,98.5641
19.271,99.2567
19.272,99.9345
19.273,100.582
19.274,101.2346
